[2026-09-10 22:03:57] [INFO] [AssistantX] Logging initialized (level=INFO, console=True, files=True).
[2026-09-10 22:20:06] [INFO] [AssistantX] Logging initialized (level=INFO, console=True, files=True).
[2026-09-10 22:20:30] [INFO] [AssistantX] Logging initialized (level=INFO, console=True, files=True).
[2026-09-10 22:21:48] [INFO] [AssistantX] Logging initialized (level=INFO, console=True, files=True).
[2026-09-10 22:23:01] [INFO] [AssistantX] Logging initialized (level=INFO, console=True, files=True).
[2026-09-11 11:02:01] [INFO] [AssistantX] Logging initialized (level=INFO, console=True, files=True).
[2026-09-11 11:12:44] [INFO] [AssistantX] Logging initialized (level=INFO, console=True, files=True).
[2026-09-11 11:19:45] [INFO] [AssistantX] Logging initialized (level=INFO, console=True, files=True).
[2026-09-11 11:23:03] [INFO] [AssistantX] Logging initialized (level=INFO, console=True, files=True).
[2026-09-13 19:31:03] [INFO] [AssistantX] Logging initialized (level=INFO, console=True, files=True).
[2026-09-13 19:31:15] [INFO] [AssistantX] Logging initialized (level=INFO, console=True, files=True).
[2026-09-13 19:42:28] [INFO] [AssistantX] Logging initialized (level=INFO, console=True, files=True).
[2026-09-13 19:56:06] [INFO] [AssistantX] Logging initialized (level=INFO, console=True, files=True).
[2026-09-13 20:07:20] [INFO] [AssistantX] Logging initialized (level=INFO, console=True, files=True).
[2026-09-13 20:07:21] [INFO] [core.history] Loaded 0 historical message(s) from C:\MY Another type WEBSIte\AssistantX\data\history.json.
[2026-09-13 20:07:21] [INFO] [core.memory] Loaded 0 memory entr(y/ies) from C:\MY Another type WEBSIte\AssistantX\data\memory.json.
[2026-09-13 20:08:53] [INFO] [AssistantX] Logging initialized (level=INFO, console=True, files=True).
[2026-09-13 20:08:53] [INFO] [core.history] Loaded 0 historical message(s) from C:\MY Another type WEBSIte\AssistantX\data\history.json.
[2026-09-13 20:08:53] [INFO] [core.memory] Loaded 0 memory entr(y/ies) from C:\MY Another type WEBSIte\AssistantX\data\memory.json.
[2026-09-13 20:18:36] [INFO] [AssistantX] Logging initialized (level=INFO, console=True, files=True).
[2026-09-13 20:18:36] [INFO] [core.history] Loaded 0 historical message(s) from C:\MY Another type WEBSIte\AssistantX\data\history.json.
[2026-09-13 20:18:36] [INFO] [core.memory] Loaded 0 memory entr(y/ies) from C:\MY Another type WEBSIte\AssistantX\data\memory.json.
[2026-09-13 20:28:07] [INFO] [AssistantX] Logging initialized (level=INFO, console=True, files=True).
[2026-09-13 20:28:07] [INFO] [core.history] Loaded 0 historical message(s) from C:\MY Another type WEBSIte\AssistantX\data\history.json.
[2026-09-13 20:28:07] [INFO] [core.memory] Loaded 0 memory entr(y/ies) from C:\MY Another type WEBSIte\AssistantX\data\memory.json.
[2026-09-13 20:36:57] [INFO] [AssistantX] Logging initialized (level=INFO, console=True, files=True).
[2026-09-13 20:36:57] [INFO] [core.history] Loaded 0 historical message(s) from C:\MY Another type WEBSIte\AssistantX\data\history.json.
[2026-09-13 20:36:57] [INFO] [core.memory] Loaded 0 memory entr(y/ies) from C:\MY Another type WEBSIte\AssistantX\data\memory.json.
[2026-09-14 14:00:56] [INFO] [AssistantX] Logging initialized (level=INFO, console=True, files=True).
[2026-09-14 14:00:56] [INFO] [core.history] Loaded 0 historical message(s) from C:\MY Another type WEBSIte\AssistantX\data\history.json.
[2026-09-14 14:00:56] [INFO] [core.memory] Loaded 0 memory entr(y/ies) from C:\MY Another type WEBSIte\AssistantX\data\memory.json.
[2026-09-14 16:21:19] [INFO] [AssistantX] Logging initialized (level=INFO, console=True, files=True).
[2026-09-14 16:21:19] [INFO] [core.history] Loaded 0 historical message(s) from C:\MY Another type WEBSIte\AssistantX\data\history.json.
[2026-09-14 16:21:19] [INFO] [core.memory] Loaded 0 memory entr(y/ies) from C:\MY Another type WEBSIte\AssistantX\data\memory.json.
[2026-09-14 16:31:48] [INFO] [AssistantX] Logging initialized (level=INFO, console=True, files=True).
[2026-09-14 16:31:48] [INFO] [core.history] Loaded 0 historical message(s) from C:\MY Another type WEBSIte\AssistantX\data\history.json.
[2026-09-14 16:31:48] [INFO] [core.memory] Loaded 0 memory entr(y/ies) from C:\MY Another type WEBSIte\AssistantX\data\memory.json.
[2026-09-14 16:37:51] [INFO] [AssistantX] Logging initialized (level=INFO, console=True, files=True).
[2026-09-14 16:37:51] [INFO] [core.history] Loaded 0 historical message(s) from C:\MY Another type WEBSIte\AssistantX\data\history.json.
[2026-09-14 16:37:51] [INFO] [core.memory] Loaded 0 memory entr(y/ies) from C:\MY Another type WEBSIte\AssistantX\data\memory.json.
[2026-09-14 16:46:08] [INFO] [AssistantX] Logging initialized (level=INFO, console=True, files=True).
[2026-09-14 16:46:08] [INFO] [core.history] Loaded 0 historical message(s) from C:\MY Another type WEBSIte\AssistantX\data\history.json.
[2026-09-14 16:46:08] [INFO] [core.memory] Loaded 0 memory entr(y/ies) from C:\MY Another type WEBSIte\AssistantX\data\memory.json.
[2026-09-14 17:03:52] [INFO] [AssistantX] Logging initialized (level=INFO, console=True, files=True).
[2026-09-14 17:03:52] [INFO] [core.history] Loaded 0 historical message(s) from C:\MY Another type WEBSIte\AssistantX\data\history.json.
[2026-09-14 17:03:52] [INFO] [core.memory] Loaded 0 memory entr(y/ies) from C:\MY Another type WEBSIte\AssistantX\data\memory.json.
[2026-09-14 18:04:12] [INFO] [AssistantX] Logging initialized (level=INFO, console=True, files=True).
[2026-09-14 18:04:12] [INFO] [core.history] Loaded 0 historical message(s) from C:\MY Another type WEBSIte\AssistantX\data\history.json.
[2026-09-14 18:04:12] [INFO] [core.memory] Loaded 0 memory entr(y/ies) from C:\MY Another type WEBSIte\AssistantX\data\memory.json.
[2026-09-14 18:10:59] [INFO] [AssistantX] Logging initialized (level=INFO, console=True, files=True).
[2026-09-14 18:10:59] [INFO] [core.history] Loaded 0 historical message(s) from C:\MY Another type WEBSIte\AssistantX\data\history.json.
[2026-09-14 18:10:59] [INFO] [core.memory] Loaded 0 memory entr(y/ies) from C:\MY Another type WEBSIte\AssistantX\data\memory.json.
[2026-09-14 18:16:50] [INFO] [AssistantX] Logging initialized (level=INFO, console=True, files=True).
[2026-09-14 18:16:50] [INFO] [core.history] Loaded 0 historical message(s) from C:\MY Another type WEBSIte\AssistantX\data\history.json.
[2026-09-14 18:16:50] [INFO] [core.memory] Loaded 0 memory entr(y/ies) from C:\MY Another type WEBSIte\AssistantX\data\memory.json.
[2026-09-14 18:19:39] [INFO] [AssistantX] Logging initialized (level=INFO, console=True, files=True).
[2026-09-14 18:19:39] [INFO] [core.history] Loaded 0 historical message(s) from C:\MY Another type WEBSIte\AssistantX\data\history.json.
[2026-09-14 18:19:39] [INFO] [core.memory] Loaded 0 memory entr(y/ies) from C:\MY Another type WEBSIte\AssistantX\data\memory.json.
[2026-09-14 18:22:05] [INFO] [AssistantX] Logging initialized (level=INFO, console=True, files=True).
[2026-09-14 18:22:05] [INFO] [core.history] Loaded 0 historical message(s) from C:\MY Another type WEBSIte\AssistantX\data\history.json.
[2026-09-14 18:22:05] [INFO] [core.memory] Loaded 0 memory entr(y/ies) from C:\MY Another type WEBSIte\AssistantX\data\memory.json.
[2026-09-14 18:27:02] [INFO] [AssistantX] Logging initialized (level=INFO, console=True, files=True).
[2026-09-14 18:27:02] [INFO] [core.history] Loaded 0 historical message(s) from C:\MY Another type WEBSIte\AssistantX\data\history.json.
[2026-09-14 18:27:02] [INFO] [core.memory] Loaded 0 memory entr(y/ies) from C:\MY Another type WEBSIte\AssistantX\data\memory.json.
[2026-09-14 21:28:10] [INFO] [AssistantX] Logging initialized (level=INFO, console=True, files=True).
[2026-09-14 21:28:10] [INFO] [core.history] Loaded 0 historical message(s) from C:\MY Another type WEBSIte\AssistantX\data\history.json.
[2026-09-14 21:28:10] [INFO] [core.memory] Loaded 0 memory entr(y/ies) from C:\MY Another type WEBSIte\AssistantX\data\memory.json.
[2026-09-14 21:29:56] [INFO] [AssistantX] Logging initialized (level=INFO, console=True, files=True).
[2026-09-14 21:29:56] [INFO] [core.history] Loaded 0 historical message(s) from C:\MY Another type WEBSIte\AssistantX\data\history.json.
[2026-09-14 21:29:56] [INFO] [core.memory] Loaded 0 memory entr(y/ies) from C:\MY Another type WEBSIte\AssistantX\data\memory.json.
[2026-09-14 21:32:59] [INFO] [AssistantX] Logging initialized (level=INFO, console=True, files=True).
[2026-09-14 21:32:59] [INFO] [core.history] Loaded 0 historical message(s) from C:\MY Another type WEBSIte\AssistantX\data\history.json.
[2026-09-14 21:32:59] [INFO] [core.memory] Loaded 0 memory entr(y/ies) from C:\MY Another type WEBSIte\AssistantX\data\memory.json.
[2026-09-14 21:36:35] [INFO] [AssistantX] Logging initialized (level=INFO, console=True, files=True).
[2026-09-14 21:36:35] [INFO] [core.history] Loaded 0 historical message(s) from C:\MY Another type WEBSIte\AssistantX\data\history.json.
[2026-09-14 21:36:35] [INFO] [core.memory] Loaded 0 memory entr(y/ies) from C:\MY Another type WEBSIte\AssistantX\data\memory.json.
[2026-09-14 21:51:55] [INFO] [AssistantX] Logging initialized (level=INFO, console=True, files=True).
[2026-09-14 21:51:55] [INFO] [core.history] Loaded 0 historical message(s) from C:\MY Another type WEBSIte\AssistantX\data\history.json.
[2026-09-14 21:51:55] [INFO] [core.memory] Loaded 0 memory entr(y/ies) from C:\MY Another type WEBSIte\AssistantX\data\memory.json.
[2026-09-14 21:56:57] [INFO] [AssistantX] Logging initialized (level=INFO, console=True, files=True).
[2026-09-14 21:56:57] [INFO] [core.history] Loaded 0 historical message(s) from C:\MY Another type WEBSIte\AssistantX\data\history.json.
[2026-09-14 21:56:57] [INFO] [core.memory] Loaded 0 memory entr(y/ies) from C:\MY Another type WEBSIte\AssistantX\data\memory.json.
[2026-09-14 22:00:16] [INFO] [AssistantX] Logging initialized (level=INFO, console=True, files=True).
[2026-09-14 22:00:16] [INFO] [core.history] Loaded 0 historical message(s) from C:\MY Another type WEBSIte\AssistantX\data\history.json.
[2026-09-14 22:00:16] [INFO] [core.memory] Loaded 0 memory entr(y/ies) from C:\MY Another type WEBSIte\AssistantX\data\memory.json.
[2026-09-14 22:05:15] [INFO] [AssistantX] Logging initialized (level=INFO, console=True, files=True).
[2026-09-14 22:05:15] [INFO] [core.history] Loaded 0 historical message(s) from C:\MY Another type WEBSIte\AssistantX\data\history.json.
[2026-09-14 22:05:15] [INFO] [core.memory] Loaded 0 memory entr(y/ies) from C:\MY Another type WEBSIte\AssistantX\data\memory.json.
[2026-09-14 22:09:13] [INFO] [AssistantX] Logging initialized (level=INFO, console=True, files=True).
[2026-09-14 22:09:13] [INFO] [core.history] Loaded 0 historical message(s) from C:\MY Another type WEBSIte\AssistantX\data\history.json.
[2026-09-14 22:09:13] [INFO] [core.memory] Loaded 0 memory entr(y/ies) from C:\MY Another type WEBSIte\AssistantX\data\memory.json.
[2026-09-14 22:14:51] [INFO] [AssistantX] Logging initialized (level=INFO, console=True, files=True).
[2026-09-14 22:14:51] [INFO] [core.history] Loaded 0 historical message(s) from C:\MY Another type WEBSIte\AssistantX\data\history.json.
[2026-09-14 22:14:51] [INFO] [core.memory] Loaded 0 memory entr(y/ies) from C:\MY Another type WEBSIte\AssistantX\data\memory.json.
[2026-09-14 22:18:38] [INFO] [AssistantX] Logging initialized (level=INFO, console=True, files=True).
[2026-09-14 22:18:38] [INFO] [core.history] Loaded 0 historical message(s) from C:\MY Another type WEBSIte\AssistantX\data\history.json.
[2026-09-14 22:18:38] [INFO] [core.memory] Loaded 0 memory entr(y/ies) from C:\MY Another type WEBSIte\AssistantX\data\memory.json.
[2026-09-15 12:33:37] [INFO] [AssistantX] Logging initialized (level=INFO, console=True, files=True).
[2026-09-15 12:33:37] [INFO] [core.history] Loaded 0 historical message(s) from C:\MY Another type WEBSIte\AssistantX\data\history.json.
[2026-09-15 12:33:37] [INFO] [core.memory] Loaded 0 memory entr(y/ies) from C:\MY Another type WEBSIte\AssistantX\data\memory.json.
[2026-09-15 12:39:49] [INFO] [AssistantX] Logging initialized (level=INFO, console=True, files=True).
[2026-09-15 12:39:49] [INFO] [core.history] Loaded 0 historical message(s) from C:\MY Another type WEBSIte\AssistantX\data\history.json.
[2026-09-15 12:39:49] [INFO] [core.memory] Loaded 0 memory entr(y/ies) from C:\MY Another type WEBSIte\AssistantX\data\memory.json.
[2026-09-15 12:48:41] [INFO] [AssistantX] Logging initialized (level=INFO, console=True, files=True).
[2026-09-15 12:48:41] [INFO] [core.history] Loaded 0 historical message(s) from C:\MY Another type WEBSIte\AssistantX\data\history.json.
[2026-09-15 12:48:41] [INFO] [core.memory] Loaded 0 memory entr(y/ies) from C:\MY Another type WEBSIte\AssistantX\data\memory.json.
[2026-09-15 12:55:30] [INFO] [AssistantX] Logging initialized (level=INFO, console=True, files=True).
[2026-09-15 12:55:30] [INFO] [core.history] Loaded 0 historical message(s) from C:\MY Another type WEBSIte\AssistantX\data\history.json.
[2026-09-15 12:55:30] [INFO] [core.memory] Loaded 0 memory entr(y/ies) from C:\MY Another type WEBSIte\AssistantX\data\memory.json.
[2026-09-15 12:58:22] [INFO] [AssistantX] Logging initialized (level=INFO, console=True, files=True).
[2026-09-15 12:58:22] [INFO] [core.history] Loaded 0 historical message(s) from C:\MY Another type WEBSIte\AssistantX\data\history.json.
[2026-09-15 12:58:22] [INFO] [core.memory] Loaded 0 memory entr(y/ies) from C:\MY Another type WEBSIte\AssistantX\data\memory.json.
[2026-09-15 13:00:57] [INFO] [AssistantX] Logging initialized (level=INFO, console=True, files=True).
[2026-09-15 13:00:57] [INFO] [core.history] Loaded 0 historical message(s) from C:\MY Another type WEBSIte\AssistantX\data\history.json.
[2026-09-15 13:00:57] [INFO] [core.memory] Loaded 0 memory entr(y/ies) from C:\MY Another type WEBSIte\AssistantX\data\memory.json.
[2026-09-15 13:03:19] [INFO] [AssistantX] Logging initialized (level=INFO, console=True, files=True).
[2026-09-15 13:03:19] [INFO] [core.history] Loaded 0 historical message(s) from C:\MY Another type WEBSIte\AssistantX\data\history.json.
[2026-09-15 13:03:19] [INFO] [core.memory] Loaded 0 memory entr(y/ies) from C:\MY Another type WEBSIte\AssistantX\data\memory.json.
[2026-09-15 13:07:34] [INFO] [AssistantX] Logging initialized (level=INFO, console=True, files=True).
[2026-09-15 13:07:34] [INFO] [core.history] Loaded 0 historical message(s) from C:\MY Another type WEBSIte\AssistantX\data\history.json.
[2026-09-15 13:07:34] [INFO] [core.memory] Loaded 0 memory entr(y/ies) from C:\MY Another type WEBSIte\AssistantX\data\memory.json.
[2026-09-15 13:12:10] [INFO] [AssistantX] Logging initialized (level=INFO, console=True, files=True).
[2026-09-15 13:12:10] [INFO] [core.history] Loaded 0 historical message(s) from C:\MY Another type WEBSIte\AssistantX\data\history.json.
[2026-09-15 13:12:10] [INFO] [core.memory] Loaded 0 memory entr(y/ies) from C:\MY Another type WEBSIte\AssistantX\data\memory.json.
[2026-09-15 13:12:10] [INFO] [automation.browser] Opening URL: https://example.com
[2026-09-15 13:12:10] [INFO] [automation.browser] Searching 'AssistantX' via Google.
[2026-09-15 13:12:10] [INFO] [automation.files] Copied file 'C:\Users\User\AppData\Local\Temp\pytest-of-User\pytest-0\test_copy_file0\assistantx_test_workspace\sample.txt' -> 'C:\Users\User\AppData\Local\Temp\pytest-of-User\pytest-0\test_copy_file0\assistantx_test_workspace\copy.txt\sample.txt'
[2026-09-15 13:12:10] [INFO] [automation.files] Moved file 'C:\Users\User\AppData\Local\Temp\pytest-of-User\pytest-0\test_move_file0\assistantx_test_workspace\sample.txt' -> 'C:\Users\User\AppData\Local\Temp\pytest-of-User\pytest-0\test_move_file0\assistantx_test_workspace\destination\sample.txt'
[2026-09-15 13:12:10] [WARNING] [automation.files] Deleted file: C:\Users\User\AppData\Local\Temp\pytest-of-User\pytest-0\test_delete_file0\assistantx_test_workspace\sample.txt
[2026-09-15 13:12:11] [INFO] [automation.files] search_files found 1 result(s) for 'sample.txt'.
[2026-09-15 13:12:11] [INFO] [automation.folders] Created folder: C:\Users\User\AppData\Local\Temp\pytest-of-User\pytest-0\test_create_folder0\assistantx_test_workspace\test_folder
[2026-09-15 13:12:11] [INFO] [automation.folders] Created folder: C:\Users\User\AppData\Local\Temp\pytest-of-User\pytest-0\test_create_nested_folder0\assistantx_test_workspace\parent\child
[2026-09-15 13:12:11] [INFO] [automation.folders] Deleted folder: C:\Users\User\AppData\Local\Temp\pytest-of-User\pytest-0\test_delete_folder0\assistantx_test_workspace\remove_me (recursive=False)
[2026-09-15 13:12:14] [INFO] [automation.mouse] MouseController initialized.
[2026-09-15 13:12:14] [INFO] [automation.browser] Opening URL: http://example.com
[2026-09-15 13:12:14] [INFO] [automation.browser] Opening URL: https://example.com
[2026-09-15 13:12:14] [INFO] [automation.browser] Opening URL: https://example.com/path?q=assistantx
[2026-09-15 13:12:14] [INFO] [automation.browser] Opening URL: https://example.com
[2026-09-15 13:12:14] [INFO] [automation.browser] Opening URL: https://example.com
[2026-09-15 13:12:14] [INFO] [automation.browser] Opening URL: http://example.com
[2026-09-15 13:12:14] [INFO] [automation.browser] Opening URL: https://example.com
[2026-09-15 13:12:14] [INFO] [automation.browser] Searching 'latest Python documentation' via Google.
[2026-09-15 13:12:14] [INFO] [automation.browser] Opening URL: https://www.google.com/search?q=latest+Python+documentation
[2026-09-15 13:12:14] [INFO] [automation.browser] Searching 'বাংলাদেশের খবর' via Google.
[2026-09-15 13:12:14] [INFO] [automation.browser] Opening URL: https://www.google.com/search?q=%E0%A6%AC%E0%A6%BE%E0%A6%82%E0%A6%B2%E0%A6%BE%E0%A6%A6%E0%A7%87%E0%A6%B6%E0%A7%87%E0%A6%B0+%E0%A6%96%E0%A6%AC%E0%A6%B0
[2026-09-15 13:12:14] [INFO] [automation.browser] Opening URL: https://example.com
[2026-09-15 13:12:14] [ERROR] [automation.browser] Unexpected browser error while opening 'https://example.com'.
Traceback (most recent call last):
  File "C:\MY Another type WEBSIte\AssistantX\automation\browser.py", line 424, in open_url
    success = webbrowser.open_new_tab(normalized)
  File "C:\Users\User\AppData\Local\Python\pythoncore-3.14-64\Lib\webbrowser.py", line 111, in open_new_tab
    return open(url, 2)
  File "C:\Users\User\AppData\Local\Python\pythoncore-3.14-64\Lib\unittest\mock.py", line 1176, in __call__
    return self._mock_call(*args, **kwargs)
           ~~~~~~~~~~~~~~~^^^^^^^^^^^^^^^^^
  File "C:\Users\User\AppData\Local\Python\pythoncore-3.14-64\Lib\unittest\mock.py", line 1180, in _mock_call
    return self._execute_mock_call(*args, **kwargs)
           ~~~~~~~~~~~~~~~~~~~~~~~^^^^^^^^^^^^^^^^^
  File "C:\Users\User\AppData\Local\Python\pythoncore-3.14-64\Lib\unittest\mock.py", line 1241, in _execute_mock_call
    raise effect
RuntimeError: Browser backend failed
[2026-09-15 13:12:14] [INFO] [automation.browser] Opening URL: https://example.com
[2026-09-15 13:12:14] [ERROR] [automation.browser] Unexpected browser error while opening 'https://example.com'.
Traceback (most recent call last):
  File "C:\MY Another type WEBSIte\AssistantX\automation\browser.py", line 424, in open_url
    success = webbrowser.open_new_tab(normalized)
  File "C:\Users\User\AppData\Local\Python\pythoncore-3.14-64\Lib\webbrowser.py", line 111, in open_new_tab
    return open(url, 2)
  File "C:\Users\User\AppData\Local\Python\pythoncore-3.14-64\Lib\unittest\mock.py", line 1176, in __call__
    return self._mock_call(*args, **kwargs)
           ~~~~~~~~~~~~~~~^^^^^^^^^^^^^^^^^
  File "C:\Users\User\AppData\Local\Python\pythoncore-3.14-64\Lib\unittest\mock.py", line 1180, in _mock_call
    return self._execute_mock_call(*args, **kwargs)
           ~~~~~~~~~~~~~~~~~~~~~~~^^^^^^^^^^^^^^^^^
  File "C:\Users\User\AppData\Local\Python\pythoncore-3.14-64\Lib\unittest\mock.py", line 1241, in _execute_mock_call
    raise effect
OSError: Unable to launch browser
[2026-09-15 13:12:14] [INFO] [automation.browser] Opening URL: https://example.com
[2026-09-15 13:12:14] [INFO] [automation.browser] Opening URL: https://example.com/
[2026-09-15 13:12:14] [INFO] [automation.browser] Opening URL: https://example.com/path
[2026-09-15 13:12:14] [INFO] [automation.browser] Opening URL: https://example.com/path?q=test
[2026-09-15 13:12:14] [INFO] [automation.browser] Opening URL: https://sub.example.com
[2026-09-15 13:12:14] [INFO] [automation.browser] Opening URL: http://localhost:8000
[2026-09-15 13:12:14] [INFO] [automation.browser] Opening URL: https://example.com
[2026-09-15 13:12:14] [INFO] [automation.browser] Opening URL: https://example.com
[2026-09-15 13:12:14] [INFO] [automation.browser] Opening URL: https://example.com
[2026-09-15 13:12:14] [INFO] [automation.browser] Opening URL: https://example.com
[2026-09-15 13:12:14] [INFO] [automation.browser] Opening URL: https://example.com
[2026-09-15 13:12:14] [INFO] [automation.browser] Opening URL: https://example.com
[2026-09-15 13:12:14] [INFO] [automation.browser] Opening URL: https://example.com
[2026-09-15 13:12:14] [INFO] [automation.browser] Opening URL: https://example.com
[2026-09-15 13:12:14] [INFO] [automation.browser] Opening URL: https://example.com
[2026-09-15 13:12:14] [INFO] [automation.browser] Opening URL: https://example.com
[2026-09-15 13:12:14] [INFO] [automation.browser] Opening URL: https://example.com
[2026-09-15 13:12:14] [INFO] [automation.browser] Opening URL: https://example.com
[2026-09-15 13:12:14] [INFO] [automation.browser] Opening URL: https://example.com
[2026-09-15 13:12:14] [INFO] [automation.browser] Opening URL: https://example.com
[2026-09-15 13:12:14] [INFO] [automation.browser] Opening URL: https://example.com
[2026-09-15 13:12:14] [INFO] [automation.browser] Opening URL: https://example.com
[2026-09-15 13:12:14] [INFO] [automation.browser] Opening URL: https://example.com
[2026-09-15 13:12:14] [INFO] [automation.browser] Opening URL: https://example.com
[2026-09-15 13:12:14] [INFO] [automation.browser] Opening URL: https://example.com
[2026-09-15 13:12:14] [INFO] [automation.browser] Opening URL: https://example.com
[2026-09-15 13:12:14] [INFO] [automation.browser] Opening URL: https://example.com
[2026-09-15 13:12:14] [INFO] [automation.browser] Opening URL: https://example.com
[2026-09-15 13:12:14] [INFO] [automation.browser] Opening URL: https://example.com
[2026-09-15 13:12:14] [INFO] [automation.browser] Opening URL: https://example.com
[2026-09-15 13:12:14] [INFO] [automation.browser] Opening URL: https://example.com
[2026-09-15 13:12:15] [INFO] [core.memory] Memory forgotten: delete_test
[2026-09-15 13:12:16] [INFO] [services.search_service] Search for 'AssistantX' returned 5 result(s) via duckduckgo.
[2026-09-15 13:12:18] [INFO] [automation.system] SystemController initialized on windows.
[2026-09-15 13:12:18] [WARNING] [automation.system] System shutdown requested (delay=5s).
[2026-09-15 13:12:18] [INFO] [automation.system] System action executed: shutdown
[2026-09-15 13:12:18] [WARNING] [automation.system] System restart requested (delay=5s).
[2026-09-15 13:12:18] [INFO] [automation.system] System action executed: restart
[2026-09-15 13:12:18] [INFO] [automation.system] System sleep requested.
[2026-09-15 13:12:18] [INFO] [automation.system] System action executed: sleep
[2026-09-15 13:12:18] [INFO] [automation.system] Setting system volume to 50%.
[2026-09-15 13:12:18] [WARNING] [automation.system] System shutdown requested (delay=5s).
[2026-09-15 13:12:18] [INFO] [automation.system] System action executed: shutdown
[2026-09-15 13:12:18] [WARNING] [automation.system] System restart requested (delay=5s).
[2026-09-15 13:12:18] [INFO] [automation.system] System action executed: restart
[2026-09-15 13:12:18] [WARNING] [automation.system] System shutdown requested (delay=5s).
[2026-09-15 13:12:18] [INFO] [automation.system] System action executed: shutdown
[2026-09-15 13:12:18] [WARNING] [automation.system] System shutdown requested (delay=5s).
[2026-09-15 13:12:18] [INFO] [automation.system] System action executed: shutdown
[2026-09-15 13:12:18] [WARNING] [automation.system] System shutdown requested (delay=5s).
[2026-09-15 13:12:18] [INFO] [automation.system] System action executed: shutdown
[2026-09-15 13:12:18] [WARNING] [automation.system] System shutdown requested (delay=5s).
[2026-09-15 13:12:18] [INFO] [automation.system] System action executed: shutdown
[2026-09-15 13:12:18] [WARNING] [automation.system] System shutdown requested (delay=5s).
[2026-09-15 13:12:18] [INFO] [automation.system] System action executed: shutdown
[2026-09-15 13:12:18] [WARNING] [automation.system] System restart requested (delay=5s).
[2026-09-15 13:12:18] [INFO] [automation.system] System action executed: restart
[2026-09-15 13:12:18] [WARNING] [automation.system] System restart requested (delay=5s).
[2026-09-15 13:12:18] [INFO] [automation.system] System action executed: restart
[2026-09-15 13:12:18] [WARNING] [automation.system] System restart requested (delay=5s).
[2026-09-15 13:12:18] [INFO] [automation.system] System action executed: restart
[2026-09-15 13:12:18] [WARNING] [automation.system] System restart requested (delay=5s).
[2026-09-15 13:12:18] [INFO] [automation.system] System action executed: restart
[2026-09-15 13:12:18] [WARNING] [automation.system] System restart requested (delay=5s).
[2026-09-15 13:12:18] [INFO] [automation.system] System action executed: restart
[2026-09-15 13:12:18] [WARNING] [automation.system] System shutdown requested (delay=5s).
[2026-09-15 13:12:18] [INFO] [automation.system] System action executed: shutdown
[2026-09-15 13:12:19] [WARNING] [voice.recognizer] No usable microphone detected: Could not find PyAudio; check installation
[2026-09-15 13:12:19] [INFO] [comtypes.client._code_cache] Imported existing <module 'comtypes.gen' from 'C:\\Users\\User\\AppData\\Local\\Python\\pythoncore-3.14-64\\Lib\\site-packages\\comtypes\\gen\\__init__.py'>
[2026-09-15 13:12:19] [INFO] [comtypes.client._code_cache] Using writeable comtypes cache directory: 'C:\Users\User\AppData\Local\Python\pythoncore-3.14-64\Lib\site-packages\comtypes\gen'
[2026-09-15 13:12:19] [INFO] [comtypes.client._generate] Could not import comtypes.gen._C866CA3A_32F7_11D2_9602_00C04F8EE628_0_5_4: Typelib different than module
[2026-09-15 13:12:19] [INFO] [comtypes.client._generate] # Generating comtypes.gen._C866CA3A_32F7_11D2_9602_00C04F8EE628_0_5_4
[2026-09-15 13:12:19] [INFO] [comtypes.client._generate] # Generating comtypes.gen.SpeechLib
[2026-09-15 13:12:21] [INFO] [voice.speaker] Selected TTS voice 'Microsoft David Desktop - English (United States)' for en-US.
[2026-09-15 13:12:21] [INFO] [voice.speaker] TTS engine initialized successfully.
[2026-09-15 13:12:21] [INFO] [voice.speaker] TTS worker started.
[2026-09-15 13:58:03] [INFO] [AssistantX] Logging initialized (level=INFO, console=True, files=True).
[2026-09-15 13:58:03] [INFO] [core.history] Loaded 0 historical message(s) from C:\MY Another type WEBSIte\AssistantX\data\history.json.
[2026-09-15 13:58:03] [INFO] [core.memory] Loaded 23 memory entr(y/ies) from C:\MY Another type WEBSIte\AssistantX\data\memory.json.
[2026-09-15 15:24:19] [INFO] [AssistantX] Logging initialized (level=INFO, console=True, files=True).
[2026-09-15 15:24:19] [INFO] [core.history] Loaded 0 historical message(s) from C:\MY Another type WEBSIte\AssistantX\data\history.json.
[2026-09-15 15:24:19] [INFO] [core.memory] Loaded 23 memory entr(y/ies) from C:\MY Another type WEBSIte\AssistantX\data\memory.json.
[2026-09-15 17:17:00] [INFO] [AssistantX] Logging initialized (level=INFO, console=True, files=True).
[2026-09-15 17:17:00] [INFO] [core.history] Loaded 0 historical message(s) from C:\MY Another type WEBSIte\AssistantX\data\history.json.
[2026-09-15 17:17:00] [INFO] [core.memory] Loaded 23 memory entr(y/ies) from C:\MY Another type WEBSIte\AssistantX\data\memory.json.
[2026-09-15 17:21:26] [INFO] [AssistantX] Logging initialized (level=INFO, console=True, files=True).
[2026-09-15 17:21:26] [INFO] [core.history] Loaded 0 historical message(s) from C:\MY Another type WEBSIte\AssistantX\data\history.json.
[2026-09-15 17:21:26] [INFO] [core.memory] Loaded 23 memory entr(y/ies) from C:\MY Another type WEBSIte\AssistantX\data\memory.json.
[2026-09-15 17:21:26] [INFO] [automation.browser] Opening URL: https://example.com
[2026-09-15 17:21:26] [INFO] [automation.browser] Searching 'AssistantX' via Google.
[2026-09-15 17:21:26] [INFO] [automation.files] Copied file 'C:\Users\User\AppData\Local\Temp\pytest-of-User\pytest-1\test_copy_file0\assistantx_test_workspace\sample.txt' -> 'C:\Users\User\AppData\Local\Temp\pytest-of-User\pytest-1\test_copy_file0\assistantx_test_workspace\copy.txt\sample.txt'
[2026-09-15 17:21:26] [INFO] [automation.files] Moved file 'C:\Users\User\AppData\Local\Temp\pytest-of-User\pytest-1\test_move_file0\assistantx_test_workspace\sample.txt' -> 'C:\Users\User\AppData\Local\Temp\pytest-of-User\pytest-1\test_move_file0\assistantx_test_workspace\destination\sample.txt'
[2026-09-15 17:21:26] [WARNING] [automation.files] Deleted file: C:\Users\User\AppData\Local\Temp\pytest-of-User\pytest-1\test_delete_file0\assistantx_test_workspace\sample.txt
[2026-09-15 17:21:26] [INFO] [automation.files] search_files found 1 result(s) for 'sample.txt'.
[2026-09-15 17:21:26] [INFO] [automation.folders] Created folder: C:\Users\User\AppData\Local\Temp\pytest-of-User\pytest-1\test_create_folder0\assistantx_test_workspace\test_folder
[2026-09-15 17:21:26] [INFO] [automation.folders] Created folder: C:\Users\User\AppData\Local\Temp\pytest-of-User\pytest-1\test_create_nested_folder0\assistantx_test_workspace\parent\child
[2026-09-15 17:21:26] [INFO] [automation.folders] Deleted folder: C:\Users\User\AppData\Local\Temp\pytest-of-User\pytest-1\test_delete_folder0\assistantx_test_workspace\remove_me (recursive=False)
[2026-09-15 17:21:27] [INFO] [automation.mouse] MouseController initialized.
[2026-09-15 17:21:27] [INFO] [automation.browser] Opening URL: http://example.com
[2026-09-15 17:21:27] [INFO] [automation.browser] Opening URL: https://example.com
[2026-09-15 17:21:27] [INFO] [automation.browser] Opening URL: https://example.com/path?q=assistantx
[2026-09-15 17:21:27] [INFO] [automation.browser] Opening URL: https://example.com
[2026-09-15 17:21:27] [INFO] [automation.browser] Opening URL: https://example.com
[2026-09-15 17:21:27] [INFO] [automation.browser] Opening URL: http://example.com
[2026-09-15 17:21:27] [INFO] [automation.browser] Opening URL: https://example.com
[2026-09-15 17:21:27] [INFO] [automation.browser] Searching 'latest Python documentation' via Google.
[2026-09-15 17:21:27] [INFO] [automation.browser] Opening URL: https://www.google.com/search?q=latest+Python+documentation
[2026-09-15 17:21:27] [INFO] [automation.browser] Searching 'বাংলাদেশের খবর' via Google.
[2026-09-15 17:21:27] [INFO] [automation.browser] Opening URL: https://www.google.com/search?q=%E0%A6%AC%E0%A6%BE%E0%A6%82%E0%A6%B2%E0%A6%BE%E0%A6%A6%E0%A7%87%E0%A6%B6%E0%A7%87%E0%A6%B0+%E0%A6%96%E0%A6%AC%E0%A6%B0
[2026-09-15 17:21:28] [INFO] [automation.browser] Opening URL: https://example.com
[2026-09-15 17:21:28] [ERROR] [automation.browser] Unexpected browser error while opening 'https://example.com'.
Traceback (most recent call last):
  File "C:\MY Another type WEBSIte\AssistantX\automation\browser.py", line 424, in open_url
    success = webbrowser.open_new_tab(normalized)
  File "C:\Users\User\AppData\Local\Python\pythoncore-3.14-64\Lib\webbrowser.py", line 111, in open_new_tab
    return open(url, 2)
  File "C:\Users\User\AppData\Local\Python\pythoncore-3.14-64\Lib\unittest\mock.py", line 1176, in __call__
    return self._mock_call(*args, **kwargs)
           ~~~~~~~~~~~~~~~^^^^^^^^^^^^^^^^^
  File "C:\Users\User\AppData\Local\Python\pythoncore-3.14-64\Lib\unittest\mock.py", line 1180, in _mock_call
    return self._execute_mock_call(*args, **kwargs)
           ~~~~~~~~~~~~~~~~~~~~~~~^^^^^^^^^^^^^^^^^
  File "C:\Users\User\AppData\Local\Python\pythoncore-3.14-64\Lib\unittest\mock.py", line 1241, in _execute_mock_call
    raise effect
RuntimeError: Browser backend failed
[2026-09-15 17:21:28] [INFO] [automation.browser] Opening URL: https://example.com
[2026-09-15 17:21:28] [ERROR] [automation.browser] Unexpected browser error while opening 'https://example.com'.
Traceback (most recent call last):
  File "C:\MY Another type WEBSIte\AssistantX\automation\browser.py", line 424, in open_url
    success = webbrowser.open_new_tab(normalized)
  File "C:\Users\User\AppData\Local\Python\pythoncore-3.14-64\Lib\webbrowser.py", line 111, in open_new_tab
    return open(url, 2)
  File "C:\Users\User\AppData\Local\Python\pythoncore-3.14-64\Lib\unittest\mock.py", line 1176, in __call__
    return self._mock_call(*args, **kwargs)
           ~~~~~~~~~~~~~~~^^^^^^^^^^^^^^^^^
  File "C:\Users\User\AppData\Local\Python\pythoncore-3.14-64\Lib\unittest\mock.py", line 1180, in _mock_call
    return self._execute_mock_call(*args, **kwargs)
           ~~~~~~~~~~~~~~~~~~~~~~~^^^^^^^^^^^^^^^^^
  File "C:\Users\User\AppData\Local\Python\pythoncore-3.14-64\Lib\unittest\mock.py", line 1241, in _execute_mock_call
    raise effect
OSError: Unable to launch browser
[2026-09-15 17:21:28] [INFO] [automation.browser] Opening URL: https://example.com
[2026-09-15 17:21:28] [INFO] [automation.browser] Opening URL: https://example.com/
[2026-09-15 17:21:28] [INFO] [automation.browser] Opening URL: https://example.com/path
[2026-09-15 17:21:28] [INFO] [automation.browser] Opening URL: https://example.com/path?q=test
[2026-09-15 17:21:28] [INFO] [automation.browser] Opening URL: https://sub.example.com
[2026-09-15 17:21:28] [INFO] [automation.browser] Opening URL: http://localhost:8000
[2026-09-15 17:21:28] [INFO] [automation.browser] Opening URL: https://example.com
[2026-09-15 17:21:28] [INFO] [automation.browser] Opening URL: https://example.com
[2026-09-15 17:21:28] [INFO] [automation.browser] Opening URL: https://example.com
[2026-09-15 17:21:28] [INFO] [automation.browser] Opening URL: https://example.com
[2026-09-15 17:21:28] [INFO] [automation.browser] Opening URL: https://example.com
[2026-09-15 17:21:28] [INFO] [automation.browser] Opening URL: https://example.com
[2026-09-15 17:21:28] [INFO] [automation.browser] Opening URL: https://example.com
[2026-09-15 17:21:28] [INFO] [automation.browser] Opening URL: https://example.com
[2026-09-15 17:21:28] [INFO] [automation.browser] Opening URL: https://example.com
[2026-09-15 17:21:28] [INFO] [automation.browser] Opening URL: https://example.com
[2026-09-15 17:21:28] [INFO] [automation.browser] Opening URL: https://example.com
[2026-09-15 17:21:28] [INFO] [automation.browser] Opening URL: https://example.com
[2026-09-15 17:21:28] [INFO] [automation.browser] Opening URL: https://example.com
[2026-09-15 17:21:28] [INFO] [automation.browser] Opening URL: https://example.com
[2026-09-15 17:21:28] [INFO] [automation.browser] Opening URL: https://example.com
[2026-09-15 17:21:28] [INFO] [automation.browser] Opening URL: https://example.com
[2026-09-15 17:21:28] [INFO] [automation.browser] Opening URL: https://example.com
[2026-09-15 17:21:28] [INFO] [automation.browser] Opening URL: https://example.com
[2026-09-15 17:21:28] [INFO] [automation.browser] Opening URL: https://example.com
[2026-09-15 17:21:28] [INFO] [automation.browser] Opening URL: https://example.com
[2026-09-15 17:21:28] [INFO] [automation.browser] Opening URL: https://example.com
[2026-09-15 17:21:28] [INFO] [automation.browser] Opening URL: https://example.com
[2026-09-15 17:21:28] [INFO] [automation.browser] Opening URL: https://example.com
[2026-09-15 17:21:28] [INFO] [automation.browser] Opening URL: https://example.com
[2026-09-15 17:21:28] [INFO] [automation.browser] Opening URL: https://example.com
[2026-09-15 17:21:28] [INFO] [core.memory] Memory forgotten: delete_test
[2026-09-15 17:21:30] [INFO] [services.search_service] Search for 'AssistantX' returned 5 result(s) via duckduckgo.
[2026-09-15 17:21:32] [INFO] [automation.system] SystemController initialized on windows.
[2026-09-15 17:21:32] [WARNING] [automation.system] System shutdown requested (delay=5s).
[2026-09-15 17:21:32] [INFO] [automation.system] System action executed: shutdown
[2026-09-15 17:21:32] [WARNING] [automation.system] System restart requested (delay=5s).
[2026-09-15 17:21:32] [INFO] [automation.system] System action executed: restart
[2026-09-15 17:21:32] [INFO] [automation.system] System sleep requested.
[2026-09-15 17:21:32] [INFO] [automation.system] System action executed: sleep
[2026-09-15 17:21:32] [INFO] [automation.system] Setting system volume to 50%.
[2026-09-15 17:21:32] [WARNING] [automation.system] System shutdown requested (delay=5s).
[2026-09-15 17:21:32] [INFO] [automation.system] System action executed: shutdown
[2026-09-15 17:21:32] [WARNING] [automation.system] System restart requested (delay=5s).
[2026-09-15 17:21:32] [INFO] [automation.system] System action executed: restart
[2026-09-15 17:21:32] [WARNING] [automation.system] System shutdown requested (delay=5s).
[2026-09-15 17:21:32] [INFO] [automation.system] System action executed: shutdown
[2026-09-15 17:21:32] [WARNING] [automation.system] System shutdown requested (delay=5s).
[2026-09-15 17:21:32] [INFO] [automation.system] System action executed: shutdown
[2026-09-15 17:21:32] [WARNING] [automation.system] System shutdown requested (delay=5s).
[2026-09-15 17:21:32] [INFO] [automation.system] System action executed: shutdown
[2026-09-15 17:21:32] [WARNING] [automation.system] System shutdown requested (delay=5s).
[2026-09-15 17:21:32] [INFO] [automation.system] System action executed: shutdown
[2026-09-15 17:21:32] [WARNING] [automation.system] System shutdown requested (delay=5s).
[2026-09-15 17:21:32] [INFO] [automation.system] System action executed: shutdown
[2026-09-15 17:21:32] [WARNING] [automation.system] System restart requested (delay=5s).
[2026-09-15 17:21:32] [INFO] [automation.system] System action executed: restart
[2026-09-15 17:21:32] [WARNING] [automation.system] System restart requested (delay=5s).
[2026-09-15 17:21:32] [INFO] [automation.system] System action executed: restart
[2026-09-15 17:21:32] [WARNING] [automation.system] System restart requested (delay=5s).
[2026-09-15 17:21:32] [INFO] [automation.system] System action executed: restart
[2026-09-15 17:21:32] [WARNING] [automation.system] System restart requested (delay=5s).
[2026-09-15 17:21:32] [INFO] [automation.system] System action executed: restart
[2026-09-15 17:21:32] [WARNING] [automation.system] System restart requested (delay=5s).
[2026-09-15 17:21:32] [INFO] [automation.system] System action executed: restart
[2026-09-15 17:21:32] [WARNING] [automation.system] System shutdown requested (delay=5s).
[2026-09-15 17:21:32] [INFO] [automation.system] System action executed: shutdown
[2026-09-15 17:21:32] [WARNING] [voice.recognizer] No usable microphone detected: Could not find PyAudio; check installation
[2026-09-15 17:21:32] [INFO] [comtypes.client._code_cache] Imported existing <module 'comtypes.gen' from 'C:\\Users\\User\\AppData\\Local\\Python\\pythoncore-3.14-64\\Lib\\site-packages\\comtypes\\gen\\__init__.py'>
[2026-09-15 17:21:32] [INFO] [comtypes.client._code_cache] Using writeable comtypes cache directory: 'C:\Users\User\AppData\Local\Python\pythoncore-3.14-64\Lib\site-packages\comtypes\gen'
[2026-09-15 17:21:32] [INFO] [voice.speaker] Selected TTS voice 'Microsoft David Desktop - English (United States)' for en-US.
[2026-09-15 17:21:32] [INFO] [voice.speaker] TTS engine initialized successfully.
[2026-09-15 17:21:32] [INFO] [voice.speaker] TTS worker started.
[2026-09-15 18:06:31] [INFO] [AssistantX] Logging initialized (level=INFO, console=True, files=True).
[2026-09-15 18:06:31] [INFO] [core.history] Loaded 0 historical message(s) from C:\MY Another type WEBSIte\AssistantX\data\history.json.
[2026-09-15 18:06:31] [INFO] [core.memory] Loaded 23 memory entr(y/ies) from C:\MY Another type WEBSIte\AssistantX\data\memory.json.
[2026-09-15 18:14:33] [INFO] [AssistantX] Logging initialized (level=INFO, console=True, files=True).
[2026-09-15 18:14:33] [INFO] [core.history] Loaded 0 historical message(s) from C:\MY Another type WEBSIte\AssistantX\data\history.json.
[2026-09-15 18:14:33] [INFO] [core.memory] Loaded 23 memory entr(y/ies) from C:\MY Another type WEBSIte\AssistantX\data\memory.json.
[2026-09-15 19:10:56] [INFO] [AssistantX] Logging initialized (level=INFO, console=True, files=True).
[2026-09-15 19:10:56] [INFO] [core.history] Loaded 0 historical message(s) from C:\MY Another type WEBSIte\AssistantX\data\history.json.
[2026-09-15 19:10:56] [INFO] [core.memory] Loaded 23 memory entr(y/ies) from C:\MY Another type WEBSIte\AssistantX\data\memory.json.
[2026-09-15 19:10:57] [ERROR] [ai.provider] Failed to initialize AI provider 'gemini'.
Traceback (most recent call last):
  File "C:\MY Another type WEBSIte\AssistantX\ai\provider.py", line 973, in get_provider
    return provider_class(
        model=model,
    )
TypeError: 'NonCallableMagicMock' object is not callable
[2026-09-15 19:10:57] [ERROR] [ai.provider] Failed to initialize AI provider 'ollama'.
Traceback (most recent call last):
  File "C:\MY Another type WEBSIte\AssistantX\ai\provider.py", line 994, in get_provider
    return provider_class(
        model=model,
    )
TypeError: 'NonCallableMagicMock' object is not callable
[2026-09-15 19:10:57] [ERROR] [ai.provider] Failed to initialize AI provider 'local'.
Traceback (most recent call last):
  File "C:\MY Another type WEBSIte\AssistantX\ai\provider.py", line 1019, in get_provider
    return provider_class()
TypeError: 'NonCallableMagicMock' object is not callable
[2026-09-15 19:10:57] [WARNING] [ai.provider] Could not initialize provider 'local': 
[2026-09-15 19:10:57] [INFO] [automation.browser] Opening URL: https://example.com
[2026-09-15 19:10:57] [INFO] [automation.browser] Searching 'AssistantX' via Google.
[2026-09-15 19:10:57] [INFO] [automation.files] Copied file 'C:\Users\User\AppData\Local\Temp\pytest-of-User\pytest-2\test_copy_file0\assistantx_test_workspace\sample.txt' -> 'C:\Users\User\AppData\Local\Temp\pytest-of-User\pytest-2\test_copy_file0\assistantx_test_workspace\copy.txt\sample.txt'
[2026-09-15 19:10:57] [INFO] [automation.files] Moved file 'C:\Users\User\AppData\Local\Temp\pytest-of-User\pytest-2\test_move_file0\assistantx_test_workspace\sample.txt' -> 'C:\Users\User\AppData\Local\Temp\pytest-of-User\pytest-2\test_move_file0\assistantx_test_workspace\destination\sample.txt'
[2026-09-15 19:10:57] [WARNING] [automation.files] Deleted file: C:\Users\User\AppData\Local\Temp\pytest-of-User\pytest-2\test_delete_file0\assistantx_test_workspace\sample.txt
[2026-09-15 19:10:57] [INFO] [automation.files] search_files found 1 result(s) for 'sample.txt'.
[2026-09-15 19:10:57] [INFO] [automation.folders] Created folder: C:\Users\User\AppData\Local\Temp\pytest-of-User\pytest-2\test_create_folder0\assistantx_test_workspace\test_folder
[2026-09-15 19:10:57] [INFO] [automation.folders] Created folder: C:\Users\User\AppData\Local\Temp\pytest-of-User\pytest-2\test_create_nested_folder0\assistantx_test_workspace\parent\child
[2026-09-15 19:10:57] [INFO] [automation.folders] Deleted folder: C:\Users\User\AppData\Local\Temp\pytest-of-User\pytest-2\test_delete_folder0\assistantx_test_workspace\remove_me (recursive=False)
[2026-09-15 19:10:57] [INFO] [automation.mouse] MouseController initialized.
[2026-09-15 19:10:57] [INFO] [automation.browser] Opening URL: http://example.com
[2026-09-15 19:10:57] [INFO] [automation.browser] Opening URL: https://example.com
[2026-09-15 19:10:57] [INFO] [automation.browser] Opening URL: https://example.com/path?q=assistantx
[2026-09-15 19:10:57] [INFO] [automation.browser] Opening URL: https://example.com
[2026-09-15 19:10:57] [INFO] [automation.browser] Opening URL: https://example.com
[2026-09-15 19:10:57] [INFO] [automation.browser] Opening URL: http://example.com
[2026-09-15 19:10:57] [INFO] [automation.browser] Opening URL: https://example.com
[2026-09-15 19:10:57] [INFO] [automation.browser] Searching 'latest Python documentation' via Google.
[2026-09-15 19:10:57] [INFO] [automation.browser] Opening URL: https://www.google.com/search?q=latest+Python+documentation
[2026-09-15 19:10:57] [INFO] [automation.browser] Searching 'বাংলাদেশের খবর' via Google.
[2026-09-15 19:10:57] [INFO] [automation.browser] Opening URL: https://www.google.com/search?q=%E0%A6%AC%E0%A6%BE%E0%A6%82%E0%A6%B2%E0%A6%BE%E0%A6%A6%E0%A7%87%E0%A6%B6%E0%A7%87%E0%A6%B0+%E0%A6%96%E0%A6%AC%E0%A6%B0
[2026-09-15 19:10:58] [INFO] [automation.browser] Opening URL: https://example.com
[2026-09-15 19:10:58] [ERROR] [automation.browser] Unexpected browser error while opening 'https://example.com'.
Traceback (most recent call last):
  File "C:\MY Another type WEBSIte\AssistantX\automation\browser.py", line 424, in open_url
    success = webbrowser.open_new_tab(normalized)
  File "C:\Users\User\AppData\Local\Python\pythoncore-3.14-64\Lib\webbrowser.py", line 111, in open_new_tab
    return open(url, 2)
  File "C:\Users\User\AppData\Local\Python\pythoncore-3.14-64\Lib\unittest\mock.py", line 1176, in __call__
    return self._mock_call(*args, **kwargs)
           ~~~~~~~~~~~~~~~^^^^^^^^^^^^^^^^^
  File "C:\Users\User\AppData\Local\Python\pythoncore-3.14-64\Lib\unittest\mock.py", line 1180, in _mock_call
    return self._execute_mock_call(*args, **kwargs)
           ~~~~~~~~~~~~~~~~~~~~~~~^^^^^^^^^^^^^^^^^
  File "C:\Users\User\AppData\Local\Python\pythoncore-3.14-64\Lib\unittest\mock.py", line 1241, in _execute_mock_call
    raise effect
RuntimeError: Browser backend failed
[2026-09-15 19:10:58] [INFO] [automation.browser] Opening URL: https://example.com
[2026-09-15 19:10:58] [ERROR] [automation.browser] Unexpected browser error while opening 'https://example.com'.
Traceback (most recent call last):
  File "C:\MY Another type WEBSIte\AssistantX\automation\browser.py", line 424, in open_url
    success = webbrowser.open_new_tab(normalized)
  File "C:\Users\User\AppData\Local\Python\pythoncore-3.14-64\Lib\webbrowser.py", line 111, in open_new_tab
    return open(url, 2)
  File "C:\Users\User\AppData\Local\Python\pythoncore-3.14-64\Lib\unittest\mock.py", line 1176, in __call__
    return self._mock_call(*args, **kwargs)
           ~~~~~~~~~~~~~~~^^^^^^^^^^^^^^^^^
  File "C:\Users\User\AppData\Local\Python\pythoncore-3.14-64\Lib\unittest\mock.py", line 1180, in _mock_call
    return self._execute_mock_call(*args, **kwargs)
           ~~~~~~~~~~~~~~~~~~~~~~~^^^^^^^^^^^^^^^^^
  File "C:\Users\User\AppData\Local\Python\pythoncore-3.14-64\Lib\unittest\mock.py", line 1241, in _execute_mock_call
    raise effect
OSError: Unable to launch browser
[2026-09-15 19:10:58] [INFO] [automation.browser] Opening URL: https://example.com
[2026-09-15 19:10:58] [INFO] [automation.browser] Opening URL: https://example.com/
[2026-09-15 19:10:58] [INFO] [automation.browser] Opening URL: https://example.com/path
[2026-09-15 19:10:58] [INFO] [automation.browser] Opening URL: https://example.com/path?q=test
[2026-09-15 19:10:58] [INFO] [automation.browser] Opening URL: https://sub.example.com
[2026-09-15 19:10:58] [INFO] [automation.browser] Opening URL: http://localhost:8000
[2026-09-15 19:10:58] [INFO] [automation.browser] Opening URL: https://example.com
[2026-09-15 19:10:58] [INFO] [automation.browser] Opening URL: https://example.com
[2026-09-15 19:10:58] [INFO] [automation.browser] Opening URL: https://example.com
[2026-09-15 19:10:58] [INFO] [automation.browser] Opening URL: https://example.com
[2026-09-15 19:10:58] [INFO] [automation.browser] Opening URL: https://example.com
[2026-09-15 19:10:58] [INFO] [automation.browser] Opening URL: https://example.com
[2026-09-15 19:10:58] [INFO] [automation.browser] Opening URL: https://example.com
[2026-09-15 19:10:58] [INFO] [automation.browser] Opening URL: https://example.com
[2026-09-15 19:10:58] [INFO] [automation.browser] Opening URL: https://example.com
[2026-09-15 19:10:58] [INFO] [automation.browser] Opening URL: https://example.com
[2026-09-15 19:10:58] [INFO] [automation.browser] Opening URL: https://example.com
[2026-09-15 19:10:58] [INFO] [automation.browser] Opening URL: https://example.com
[2026-09-15 19:10:58] [INFO] [automation.browser] Opening URL: https://example.com
[2026-09-15 19:10:58] [INFO] [automation.browser] Opening URL: https://example.com
[2026-09-15 19:10:58] [INFO] [automation.browser] Opening URL: https://example.com
[2026-09-15 19:10:58] [INFO] [automation.browser] Opening URL: https://example.com
[2026-09-15 19:10:58] [INFO] [automation.browser] Opening URL: https://example.com
[2026-09-15 19:10:58] [INFO] [automation.browser] Opening URL: https://example.com
[2026-09-15 19:10:58] [INFO] [automation.browser] Opening URL: https://example.com
[2026-09-15 19:10:58] [INFO] [automation.browser] Opening URL: https://example.com
[2026-09-15 19:10:58] [INFO] [automation.browser] Opening URL: https://example.com
[2026-09-15 19:10:58] [INFO] [automation.browser] Opening URL: https://example.com
[2026-09-15 19:10:58] [INFO] [automation.browser] Opening URL: https://example.com
[2026-09-15 19:10:58] [INFO] [automation.browser] Opening URL: https://example.com
[2026-09-15 19:10:58] [INFO] [automation.browser] Opening URL: https://example.com
[2026-09-15 19:10:58] [INFO] [core.memory] Memory forgotten: delete_test
[2026-09-15 19:11:00] [INFO] [services.search_service] Search for 'AssistantX' returned 5 result(s) via duckduckgo.
[2026-09-15 19:11:03] [INFO] [automation.system] SystemController initialized on windows.
[2026-09-15 19:11:03] [WARNING] [automation.system] System shutdown requested (delay=5s).
[2026-09-15 19:11:03] [INFO] [automation.system] System action executed: shutdown
[2026-09-15 19:11:03] [WARNING] [automation.system] System restart requested (delay=5s).
[2026-09-15 19:11:03] [INFO] [automation.system] System action executed: restart
[2026-09-15 19:11:03] [INFO] [automation.system] System sleep requested.
[2026-09-15 19:11:03] [INFO] [automation.system] System action executed: sleep
[2026-09-15 19:11:03] [INFO] [automation.system] Setting system volume to 50%.
[2026-09-15 19:11:03] [WARNING] [automation.system] System shutdown requested (delay=5s).
[2026-09-15 19:11:03] [INFO] [automation.system] System action executed: shutdown
[2026-09-15 19:11:03] [WARNING] [automation.system] System restart requested (delay=5s).
[2026-09-15 19:11:03] [INFO] [automation.system] System action executed: restart
[2026-09-15 19:11:03] [WARNING] [automation.system] System shutdown requested (delay=5s).
[2026-09-15 19:11:03] [INFO] [automation.system] System action executed: shutdown
[2026-09-15 19:11:03] [WARNING] [automation.system] System shutdown requested (delay=5s).
[2026-09-15 19:11:03] [INFO] [automation.system] System action executed: shutdown
[2026-09-15 19:11:03] [WARNING] [automation.system] System shutdown requested (delay=5s).
[2026-09-15 19:11:03] [INFO] [automation.system] System action executed: shutdown
[2026-09-15 19:11:03] [WARNING] [automation.system] System shutdown requested (delay=5s).
[2026-09-15 19:11:03] [INFO] [automation.system] System action executed: shutdown
[2026-09-15 19:11:03] [WARNING] [automation.system] System shutdown requested (delay=5s).
[2026-09-15 19:11:03] [INFO] [automation.system] System action executed: shutdown
[2026-09-15 19:11:03] [WARNING] [automation.system] System restart requested (delay=5s).
[2026-09-15 19:11:03] [INFO] [automation.system] System action executed: restart
[2026-09-15 19:11:03] [WARNING] [automation.system] System restart requested (delay=5s).
[2026-09-15 19:11:03] [INFO] [automation.system] System action executed: restart
[2026-09-15 19:11:03] [WARNING] [automation.system] System restart requested (delay=5s).
[2026-09-15 19:11:03] [INFO] [automation.system] System action executed: restart
[2026-09-15 19:11:03] [WARNING] [automation.system] System restart requested (delay=5s).
[2026-09-15 19:11:03] [INFO] [automation.system] System action executed: restart
[2026-09-15 19:11:03] [WARNING] [automation.system] System restart requested (delay=5s).
[2026-09-15 19:11:03] [INFO] [automation.system] System action executed: restart
[2026-09-15 19:11:03] [WARNING] [automation.system] System shutdown requested (delay=5s).
[2026-09-15 19:11:03] [INFO] [automation.system] System action executed: shutdown
[2026-09-15 19:11:03] [WARNING] [voice.recognizer] No usable microphone detected: Could not find PyAudio; check installation
[2026-09-15 19:11:03] [INFO] [comtypes.client._code_cache] Imported existing <module 'comtypes.gen' from 'C:\\Users\\User\\AppData\\Local\\Python\\pythoncore-3.14-64\\Lib\\site-packages\\comtypes\\gen\\__init__.py'>
[2026-09-15 19:11:03] [INFO] [comtypes.client._code_cache] Using writeable comtypes cache directory: 'C:\Users\User\AppData\Local\Python\pythoncore-3.14-64\Lib\site-packages\comtypes\gen'
[2026-09-15 19:11:03] [INFO] [voice.speaker] Selected TTS voice 'Microsoft David Desktop - English (United States)' for en-US.
[2026-09-15 19:11:03] [INFO] [voice.speaker] TTS engine initialized successfully.
[2026-09-15 19:11:03] [INFO] [voice.speaker] TTS worker started.
[2026-09-15 19:21:13] [INFO] [AssistantX] Logging initialized (level=INFO, console=True, files=True).
[2026-09-15 19:21:13] [INFO] [core.history] Loaded 0 historical message(s) from C:\MY Another type WEBSIte\AssistantX\data\history.json.
[2026-09-15 19:21:13] [INFO] [core.memory] Loaded 23 memory entr(y/ies) from C:\MY Another type WEBSIte\AssistantX\data\memory.json.
[2026-09-15 19:21:14] [ERROR] [ai.provider] [test] API call failed: 'MockAIProvider' object has no attribute '_call_api'
[2026-09-15 19:21:14] [ERROR] [ai.provider] [test] API call failed: 'MockAIProvider' object has no attribute '_call_api'
[2026-09-15 19:21:14] [ERROR] [ai.provider] [test] API call failed: 'MockAIProvider' object has no attribute '_call_api'
[2026-09-15 19:21:14] [ERROR] [ai.provider] [test] API call failed: 'MockAIProvider' object has no attribute '_call_api'
[2026-09-15 19:21:14] [ERROR] [ai.provider] [test] API call failed: 'MockAIProvider' object has no attribute '_call_api'
[2026-09-15 19:21:14] [ERROR] [ai.provider] [test] API call failed: 'MockAIProvider' object has no attribute '_call_api'
[2026-09-15 19:21:14] [ERROR] [ai.provider] [test] API call failed: 'MockAIProvider' object has no attribute '_call_api'
[2026-09-15 19:21:14] [ERROR] [ai.provider] [test] API call failed: 'MockAIProvider' object has no attribute '_call_api'
[2026-09-15 19:21:14] [ERROR] [ai.provider] [test] API call failed: 'MockAIProvider' object has no attribute '_call_api'
[2026-09-15 19:21:14] [ERROR] [ai.provider] [test] API call failed: 'MockAIProvider' object has no attribute '_call_api'
[2026-09-15 19:21:14] [ERROR] [ai.provider] [test] API call failed: 'MockAIProvider' object has no attribute '_call_api'
[2026-09-15 19:21:14] [ERROR] [ai.provider] [test] API call failed: 'MockAIProvider' object has no attribute '_call_api'
[2026-09-15 19:21:14] [ERROR] [ai.provider] Failed to initialize AI provider 'gemini'.
Traceback (most recent call last):
  File "C:\MY Another type WEBSIte\AssistantX\ai\provider.py", line 1016, in get_provider
    return provider_class(
        model=model,
    )
TypeError: 'NonCallableMagicMock' object is not callable
[2026-09-15 19:21:14] [ERROR] [ai.provider] Failed to initialize AI provider 'ollama'.
Traceback (most recent call last):
  File "C:\MY Another type WEBSIte\AssistantX\ai\provider.py", line 1037, in get_provider
    return provider_class(
        model=model,
    )
TypeError: 'NonCallableMagicMock' object is not callable
[2026-09-15 19:21:14] [ERROR] [ai.provider] Failed to initialize AI provider 'local'.
Traceback (most recent call last):
  File "C:\MY Another type WEBSIte\AssistantX\ai\provider.py", line 1062, in get_provider
    return provider_class()
TypeError: 'NonCallableMagicMock' object is not callable
[2026-09-15 19:21:14] [WARNING] [ai.provider] Could not initialize provider 'local': 
[2026-09-15 19:21:14] [ERROR] [ai.provider] [test] API call failed: 'MockAIProvider' object has no attribute '_call_api'
[2026-09-15 19:21:14] [ERROR] [ai.provider] [test] API call failed: 'MockAIProvider' object has no attribute '_call_api'
[2026-09-15 19:21:14] [ERROR] [ai.provider] [test] API call failed: 'MockAIProvider' object has no attribute '_call_api'
[2026-09-15 19:21:14] [ERROR] [ai.provider] [test] API call failed: 'MockAIProvider' object has no attribute '_call_api'
[2026-09-15 19:21:14] [ERROR] [ai.provider] [test] API call failed: 'MockAIProvider' object has no attribute '_call_api'
[2026-09-15 21:15:57] [INFO] [AssistantX] Logging initialized (level=INFO, console=True, files=True).
[2026-09-15 21:15:57] [INFO] [core.history] Loaded 0 historical message(s) from C:\MY Another type WEBSIte\AssistantX\data\history.json.
[2026-09-15 21:15:57] [INFO] [core.memory] Loaded 23 memory entr(y/ies) from C:\MY Another type WEBSIte\AssistantX\data\memory.json.
[2026-09-15 21:15:57] [ERROR] [ai.provider] [test] API call failed: 'MockAIProvider' object has no attribute '_call_api'
[2026-09-15 21:15:57] [ERROR] [ai.provider] [test] API call failed: 'MockAIProvider' object has no attribute '_call_api'
[2026-09-15 21:15:57] [ERROR] [ai.provider] [test] API call failed: 'MockAIProvider' object has no attribute '_call_api'
[2026-09-15 21:15:57] [ERROR] [ai.provider] [test] API call failed: 'MockAIProvider' object has no attribute '_call_api'
[2026-09-15 21:15:57] [ERROR] [ai.provider] [test] API call failed: 'MockAIProvider' object has no attribute '_call_api'
[2026-09-15 21:15:57] [ERROR] [ai.provider] [test] API call failed: 'MockAIProvider' object has no attribute '_call_api'
[2026-09-15 21:15:57] [ERROR] [ai.provider] [test] API call failed: 'MockAIProvider' object has no attribute '_call_api'
[2026-09-15 21:15:57] [ERROR] [ai.provider] [test] API call failed: 'MockAIProvider' object has no attribute '_call_api'
[2026-09-15 21:15:57] [ERROR] [ai.provider] [test] API call failed: 'MockAIProvider' object has no attribute '_call_api'
[2026-09-15 21:15:57] [ERROR] [ai.provider] [test] API call failed: 'MockAIProvider' object has no attribute '_call_api'
[2026-09-15 21:15:57] [ERROR] [ai.provider] [test] API call failed: 'MockAIProvider' object has no attribute '_call_api'
[2026-09-15 21:15:57] [ERROR] [ai.provider] [test] API call failed: 'MockAIProvider' object has no attribute '_call_api'
[2026-09-15 21:15:57] [ERROR] [ai.provider] Failed to initialize AI provider 'gemini'.
Traceback (most recent call last):
  File "C:\MY Another type WEBSIte\AssistantX\ai\provider.py", line 1033, in get_provider
    return provider_class(
        model=model,
    )
TypeError: 'NonCallableMagicMock' object is not callable
[2026-09-15 21:15:57] [ERROR] [ai.provider] Failed to initialize AI provider 'ollama'.
Traceback (most recent call last):
  File "C:\MY Another type WEBSIte\AssistantX\ai\provider.py", line 1054, in get_provider
    return provider_class(
        model=model,
    )
TypeError: 'NonCallableMagicMock' object is not callable
[2026-09-15 21:15:58] [ERROR] [ai.provider] Failed to initialize AI provider 'local'.
Traceback (most recent call last):
  File "C:\MY Another type WEBSIte\AssistantX\ai\provider.py", line 1079, in get_provider
    return provider_class()
TypeError: 'NonCallableMagicMock' object is not callable
[2026-09-15 21:15:58] [WARNING] [ai.provider] Could not initialize provider 'local': 
[2026-09-15 21:15:58] [ERROR] [ai.provider] [test] API call failed: 'MockAIProvider' object has no attribute '_call_api'
[2026-09-15 21:15:58] [ERROR] [ai.provider] [test] API call failed: 'MockAIProvider' object has no attribute '_call_api'
[2026-09-15 21:15:58] [ERROR] [ai.provider] [test] API call failed: 'MockAIProvider' object has no attribute '_call_api'
[2026-09-15 21:15:58] [ERROR] [ai.provider] [test] API call failed: 'MockAIProvider' object has no attribute '_call_api'
[2026-09-15 21:15:58] [ERROR] [ai.provider] [test] API call failed: 'MockAIProvider' object has no attribute '_call_api'
[2026-09-15 21:42:01] [INFO] [AssistantX] Logging initialized (level=INFO, console=True, files=True).
[2026-09-15 21:42:01] [INFO] [core.history] Loaded 0 historical message(s) from C:\MY Another type WEBSIte\AssistantX\data\history.json.
[2026-09-15 21:42:01] [INFO] [core.memory] Loaded 23 memory entr(y/ies) from C:\MY Another type WEBSIte\AssistantX\data\memory.json.
[2026-09-15 21:42:01] [ERROR] [ai.provider] [test] API call failed: Test provider error
[2026-09-15 21:42:01] [ERROR] [ai.provider] [test] API call failed: Test provider error
[2026-09-15 21:42:01] [ERROR] [ai.provider] [test] API call failed: Test provider error
[2026-09-15 21:42:01] [ERROR] [ai.provider] Failed to initialize AI provider 'gemini'.
Traceback (most recent call last):
  File "C:\MY Another type WEBSIte\AssistantX\ai\provider.py", line 1012, in get_provider
    return provider_class(
        model=model,
    )
TypeError: 'NonCallableMagicMock' object is not callable
[2026-09-15 21:42:01] [ERROR] [ai.provider] Failed to initialize AI provider 'ollama'.
Traceback (most recent call last):
  File "C:\MY Another type WEBSIte\AssistantX\ai\provider.py", line 1033, in get_provider
    return provider_class(
        model=model,
    )
TypeError: 'NonCallableMagicMock' object is not callable
[2026-09-15 21:42:01] [ERROR] [ai.provider] Failed to initialize AI provider 'local'.
Traceback (most recent call last):
  File "C:\MY Another type WEBSIte\AssistantX\ai\provider.py", line 1058, in get_provider
    return provider_class()
TypeError: 'NonCallableMagicMock' object is not callable
[2026-09-15 21:42:01] [WARNING] [ai.provider] Could not initialize provider 'local': 
[2026-09-15 21:49:50] [INFO] [AssistantX] Logging initialized (level=INFO, console=True, files=True).
[2026-09-15 21:49:50] [INFO] [core.history] Loaded 0 historical message(s) from C:\MY Another type WEBSIte\AssistantX\data\history.json.
[2026-09-15 21:49:50] [INFO] [core.memory] Loaded 23 memory entr(y/ies) from C:\MY Another type WEBSIte\AssistantX\data\memory.json.
[2026-09-15 21:49:50] [ERROR] [ai.provider] [test] API call failed: Test provider error
[2026-09-15 21:49:50] [ERROR] [ai.provider] [test] API call failed: Test provider error
[2026-09-15 21:49:50] [ERROR] [ai.provider] [test] API call failed: Test provider error
[2026-09-15 21:49:50] [WARNING] [ai.provider] Could not initialize provider 'local': 
[2026-09-15 21:56:36] [INFO] [AssistantX] Logging initialized (level=INFO, console=True, files=True).
[2026-09-15 21:56:36] [INFO] [core.history] Loaded 0 historical message(s) from C:\MY Another type WEBSIte\AssistantX\data\history.json.
[2026-09-15 21:56:36] [INFO] [core.memory] Loaded 23 memory entr(y/ies) from C:\MY Another type WEBSIte\AssistantX\data\memory.json.
[2026-09-15 21:56:36] [ERROR] [ai.provider] [test] API call failed: Test provider error
[2026-09-15 21:56:36] [ERROR] [ai.provider] [test] API call failed: Test provider error
[2026-09-15 21:56:36] [ERROR] [ai.provider] [test] API call failed: Test provider error
[2026-09-15 21:56:36] [WARNING] [ai.provider] Could not initialize provider 'local': 
[2026-09-15 21:58:42] [INFO] [AssistantX] Logging initialized (level=INFO, console=True, files=True).
[2026-09-15 21:58:42] [INFO] [core.history] Loaded 0 historical message(s) from C:\MY Another type WEBSIte\AssistantX\data\history.json.
[2026-09-15 21:58:42] [INFO] [core.memory] Loaded 23 memory entr(y/ies) from C:\MY Another type WEBSIte\AssistantX\data\memory.json.
[2026-09-15 21:58:42] [ERROR] [ai.provider] [test] API call failed: Test provider error
[2026-09-15 21:58:42] [ERROR] [ai.provider] [test] API call failed: Test provider error
[2026-09-15 21:58:42] [ERROR] [ai.provider] [test] API call failed: Test provider error
[2026-09-15 21:58:42] [WARNING] [ai.provider] Could not initialize provider 'local': 
[2026-09-15 21:58:42] [INFO] [automation.browser] Opening URL: https://example.com
[2026-09-15 21:58:42] [INFO] [automation.browser] Searching 'AssistantX' via Google.
[2026-09-15 21:58:42] [INFO] [automation.files] Copied file 'C:\Users\User\AppData\Local\Temp\pytest-of-User\pytest-3\test_copy_file0\assistantx_test_workspace\sample.txt' -> 'C:\Users\User\AppData\Local\Temp\pytest-of-User\pytest-3\test_copy_file0\assistantx_test_workspace\copy.txt\sample.txt'
[2026-09-15 21:58:42] [INFO] [automation.files] Moved file 'C:\Users\User\AppData\Local\Temp\pytest-of-User\pytest-3\test_move_file0\assistantx_test_workspace\sample.txt' -> 'C:\Users\User\AppData\Local\Temp\pytest-of-User\pytest-3\test_move_file0\assistantx_test_workspace\destination\sample.txt'
[2026-09-15 21:58:42] [WARNING] [automation.files] Deleted file: C:\Users\User\AppData\Local\Temp\pytest-of-User\pytest-3\test_delete_file0\assistantx_test_workspace\sample.txt
[2026-09-15 21:58:42] [INFO] [automation.files] search_files found 1 result(s) for 'sample.txt'.
[2026-09-15 21:58:42] [INFO] [automation.folders] Created folder: C:\Users\User\AppData\Local\Temp\pytest-of-User\pytest-3\test_create_folder0\assistantx_test_workspace\test_folder
[2026-09-15 21:58:42] [INFO] [automation.folders] Created folder: C:\Users\User\AppData\Local\Temp\pytest-of-User\pytest-3\test_create_nested_folder0\assistantx_test_workspace\parent\child
[2026-09-15 21:58:42] [INFO] [automation.folders] Deleted folder: C:\Users\User\AppData\Local\Temp\pytest-of-User\pytest-3\test_delete_folder0\assistantx_test_workspace\remove_me (recursive=False)
[2026-09-15 21:58:43] [INFO] [automation.mouse] MouseController initialized.
[2026-09-15 21:58:43] [INFO] [automation.browser] Opening URL: http://example.com
[2026-09-15 21:58:43] [INFO] [automation.browser] Opening URL: https://example.com
[2026-09-15 21:58:43] [INFO] [automation.browser] Opening URL: https://example.com/path?q=assistantx
[2026-09-15 21:58:43] [INFO] [automation.browser] Opening URL: https://example.com
[2026-09-15 21:58:43] [INFO] [automation.browser] Opening URL: https://example.com
[2026-09-15 21:58:43] [INFO] [automation.browser] Opening URL: http://example.com
[2026-09-15 21:58:43] [INFO] [automation.browser] Opening URL: https://example.com
[2026-09-15 21:58:43] [INFO] [automation.browser] Searching 'latest Python documentation' via Google.
[2026-09-15 21:58:43] [INFO] [automation.browser] Opening URL: https://www.google.com/search?q=latest+Python+documentation
[2026-09-15 21:58:43] [INFO] [automation.browser] Searching 'বাংলাদেশের খবর' via Google.
[2026-09-15 21:58:43] [INFO] [automation.browser] Opening URL: https://www.google.com/search?q=%E0%A6%AC%E0%A6%BE%E0%A6%82%E0%A6%B2%E0%A6%BE%E0%A6%A6%E0%A7%87%E0%A6%B6%E0%A7%87%E0%A6%B0+%E0%A6%96%E0%A6%AC%E0%A6%B0
[2026-09-15 21:58:43] [INFO] [automation.browser] Opening URL: https://example.com
[2026-09-15 21:58:43] [ERROR] [automation.browser] Unexpected browser error while opening 'https://example.com'.
Traceback (most recent call last):
  File "C:\MY Another type WEBSIte\AssistantX\automation\browser.py", line 424, in open_url
    success = webbrowser.open_new_tab(normalized)
  File "C:\Users\User\AppData\Local\Python\pythoncore-3.14-64\Lib\webbrowser.py", line 111, in open_new_tab
    return open(url, 2)
  File "C:\Users\User\AppData\Local\Python\pythoncore-3.14-64\Lib\unittest\mock.py", line 1176, in __call__
    return self._mock_call(*args, **kwargs)
           ~~~~~~~~~~~~~~~^^^^^^^^^^^^^^^^^
  File "C:\Users\User\AppData\Local\Python\pythoncore-3.14-64\Lib\unittest\mock.py", line 1180, in _mock_call
    return self._execute_mock_call(*args, **kwargs)
           ~~~~~~~~~~~~~~~~~~~~~~~^^^^^^^^^^^^^^^^^
  File "C:\Users\User\AppData\Local\Python\pythoncore-3.14-64\Lib\unittest\mock.py", line 1241, in _execute_mock_call
    raise effect
RuntimeError: Browser backend failed
[2026-09-15 21:58:43] [INFO] [automation.browser] Opening URL: https://example.com
[2026-09-15 21:58:43] [ERROR] [automation.browser] Unexpected browser error while opening 'https://example.com'.
Traceback (most recent call last):
  File "C:\MY Another type WEBSIte\AssistantX\automation\browser.py", line 424, in open_url
    success = webbrowser.open_new_tab(normalized)
  File "C:\Users\User\AppData\Local\Python\pythoncore-3.14-64\Lib\webbrowser.py", line 111, in open_new_tab
    return open(url, 2)
  File "C:\Users\User\AppData\Local\Python\pythoncore-3.14-64\Lib\unittest\mock.py", line 1176, in __call__
    return self._mock_call(*args, **kwargs)
           ~~~~~~~~~~~~~~~^^^^^^^^^^^^^^^^^
  File "C:\Users\User\AppData\Local\Python\pythoncore-3.14-64\Lib\unittest\mock.py", line 1180, in _mock_call
    return self._execute_mock_call(*args, **kwargs)
           ~~~~~~~~~~~~~~~~~~~~~~~^^^^^^^^^^^^^^^^^
  File "C:\Users\User\AppData\Local\Python\pythoncore-3.14-64\Lib\unittest\mock.py", line 1241, in _execute_mock_call
    raise effect
OSError: Unable to launch browser
[2026-09-15 21:58:43] [INFO] [automation.browser] Opening URL: https://example.com
[2026-09-15 21:58:43] [INFO] [automation.browser] Opening URL: https://example.com/
[2026-09-15 21:58:43] [INFO] [automation.browser] Opening URL: https://example.com/path
[2026-09-15 21:58:43] [INFO] [automation.browser] Opening URL: https://example.com/path?q=test
[2026-09-15 21:58:43] [INFO] [automation.browser] Opening URL: https://sub.example.com
[2026-09-15 21:58:43] [INFO] [automation.browser] Opening URL: http://localhost:8000
[2026-09-15 21:58:43] [INFO] [automation.browser] Opening URL: https://example.com
[2026-09-15 21:58:43] [INFO] [automation.browser] Opening URL: https://example.com
[2026-09-15 21:58:43] [INFO] [automation.browser] Opening URL: https://example.com
[2026-09-15 21:58:43] [INFO] [automation.browser] Opening URL: https://example.com
[2026-09-15 21:58:43] [INFO] [automation.browser] Opening URL: https://example.com
[2026-09-15 21:58:43] [INFO] [automation.browser] Opening URL: https://example.com
[2026-09-15 21:58:43] [INFO] [automation.browser] Opening URL: https://example.com
[2026-09-15 21:58:43] [INFO] [automation.browser] Opening URL: https://example.com
[2026-09-15 21:58:43] [INFO] [automation.browser] Opening URL: https://example.com
[2026-09-15 21:58:43] [INFO] [automation.browser] Opening URL: https://example.com
[2026-09-15 21:58:43] [INFO] [automation.browser] Opening URL: https://example.com
[2026-09-15 21:58:43] [INFO] [automation.browser] Opening URL: https://example.com
[2026-09-15 21:58:43] [INFO] [automation.browser] Opening URL: https://example.com
[2026-09-15 21:58:43] [INFO] [automation.browser] Opening URL: https://example.com
[2026-09-15 21:58:43] [INFO] [automation.browser] Opening URL: https://example.com
[2026-09-15 21:58:43] [INFO] [automation.browser] Opening URL: https://example.com
[2026-09-15 21:58:43] [INFO] [automation.browser] Opening URL: https://example.com
[2026-09-15 21:58:43] [INFO] [automation.browser] Opening URL: https://example.com
[2026-09-15 21:58:43] [INFO] [automation.browser] Opening URL: https://example.com
[2026-09-15 21:58:43] [INFO] [automation.browser] Opening URL: https://example.com
[2026-09-15 21:58:43] [INFO] [automation.browser] Opening URL: https://example.com
[2026-09-15 21:58:43] [INFO] [automation.browser] Opening URL: https://example.com
[2026-09-15 21:58:43] [INFO] [automation.browser] Opening URL: https://example.com
[2026-09-15 21:58:43] [INFO] [automation.browser] Opening URL: https://example.com
[2026-09-15 21:58:43] [INFO] [automation.browser] Opening URL: https://example.com
[2026-09-15 21:58:44] [INFO] [core.memory] Memory forgotten: delete_test
[2026-09-15 21:58:45] [INFO] [services.search_service] Search for 'AssistantX' returned 5 result(s) via duckduckgo.
[2026-09-15 21:58:47] [INFO] [automation.system] SystemController initialized on windows.
[2026-09-15 21:58:47] [WARNING] [automation.system] System shutdown requested (delay=5s).
[2026-09-15 21:58:47] [INFO] [automation.system] System action executed: shutdown
[2026-09-15 21:58:47] [WARNING] [automation.system] System restart requested (delay=5s).
[2026-09-15 21:58:47] [INFO] [automation.system] System action executed: restart
[2026-09-15 21:58:47] [INFO] [automation.system] System sleep requested.
[2026-09-15 21:58:47] [INFO] [automation.system] System action executed: sleep
[2026-09-15 21:58:47] [INFO] [automation.system] Setting system volume to 50%.
[2026-09-15 21:58:47] [WARNING] [automation.system] System shutdown requested (delay=5s).
[2026-09-15 21:58:47] [INFO] [automation.system] System action executed: shutdown
[2026-09-15 21:58:47] [WARNING] [automation.system] System restart requested (delay=5s).
[2026-09-15 21:58:47] [INFO] [automation.system] System action executed: restart
[2026-09-15 21:58:47] [WARNING] [automation.system] System shutdown requested (delay=5s).
[2026-09-15 21:58:47] [INFO] [automation.system] System action executed: shutdown
[2026-09-15 21:58:47] [WARNING] [automation.system] System shutdown requested (delay=5s).
[2026-09-15 21:58:47] [INFO] [automation.system] System action executed: shutdown
[2026-09-15 21:58:47] [WARNING] [automation.system] System shutdown requested (delay=5s).
[2026-09-15 21:58:47] [INFO] [automation.system] System action executed: shutdown
[2026-09-15 21:58:47] [WARNING] [automation.system] System shutdown requested (delay=5s).
[2026-09-15 21:58:47] [INFO] [automation.system] System action executed: shutdown
[2026-09-15 21:58:47] [WARNING] [automation.system] System shutdown requested (delay=5s).
[2026-09-15 21:58:47] [INFO] [automation.system] System action executed: shutdown
[2026-09-15 21:58:47] [WARNING] [automation.system] System restart requested (delay=5s).
[2026-09-15 21:58:47] [INFO] [automation.system] System action executed: restart
[2026-09-15 21:58:47] [WARNING] [automation.system] System restart requested (delay=5s).
[2026-09-15 21:58:47] [INFO] [automation.system] System action executed: restart
[2026-09-15 21:58:47] [WARNING] [automation.system] System restart requested (delay=5s).
[2026-09-15 21:58:47] [INFO] [automation.system] System action executed: restart
[2026-09-15 21:58:47] [WARNING] [automation.system] System restart requested (delay=5s).
[2026-09-15 21:58:47] [INFO] [automation.system] System action executed: restart
[2026-09-15 21:58:47] [WARNING] [automation.system] System restart requested (delay=5s).
[2026-09-15 21:58:47] [INFO] [automation.system] System action executed: restart
[2026-09-15 21:58:47] [WARNING] [automation.system] System shutdown requested (delay=5s).
[2026-09-15 21:58:47] [INFO] [automation.system] System action executed: shutdown
[2026-09-15 21:58:47] [WARNING] [voice.recognizer] No usable microphone detected: Could not find PyAudio; check installation
[2026-09-15 21:58:47] [INFO] [comtypes.client._code_cache] Imported existing <module 'comtypes.gen' from 'C:\\Users\\User\\AppData\\Local\\Python\\pythoncore-3.14-64\\Lib\\site-packages\\comtypes\\gen\\__init__.py'>
[2026-09-15 21:58:47] [INFO] [comtypes.client._code_cache] Using writeable comtypes cache directory: 'C:\Users\User\AppData\Local\Python\pythoncore-3.14-64\Lib\site-packages\comtypes\gen'
[2026-09-15 21:58:47] [INFO] [voice.speaker] Selected TTS voice 'Microsoft David Desktop - English (United States)' for en-US.
[2026-09-15 21:58:47] [INFO] [voice.speaker] TTS engine initialized successfully.
[2026-09-15 21:58:47] [INFO] [voice.speaker] TTS worker started.
[2026-09-16 18:18:58] [INFO] [AssistantX] Logging initialized (level=INFO, console=True, files=True).
[2026-09-16 18:18:58] [INFO] [core.history] Loaded 0 historical message(s) from C:\MY Another type WEBSIte\AssistantX\data\history.json.
[2026-09-16 18:18:58] [INFO] [core.memory] Loaded 23 memory entr(y/ies) from C:\MY Another type WEBSIte\AssistantX\data\memory.json.
[2026-09-16 18:25:31] [INFO] [AssistantX] Logging initialized (level=INFO, console=True, files=True).
[2026-09-16 18:25:31] [INFO] [core.history] Loaded 0 historical message(s) from C:\MY Another type WEBSIte\AssistantX\data\history.json.
[2026-09-16 18:25:31] [INFO] [core.memory] Loaded 23 memory entr(y/ies) from C:\MY Another type WEBSIte\AssistantX\data\memory.json.
[2026-09-16 18:27:45] [INFO] [AssistantX] Logging initialized (level=INFO, console=True, files=True).
[2026-09-16 18:27:45] [INFO] [core.history] Loaded 0 historical message(s) from C:\MY Another type WEBSIte\AssistantX\data\history.json.
[2026-09-16 18:27:45] [INFO] [core.memory] Loaded 23 memory entr(y/ies) from C:\MY Another type WEBSIte\AssistantX\data\memory.json.
[2026-09-16 18:36:41] [INFO] [AssistantX] Logging initialized (level=INFO, console=True, files=True).
[2026-09-16 18:36:41] [INFO] [core.history] Loaded 0 historical message(s) from C:\MY Another type WEBSIte\AssistantX\data\history.json.
[2026-09-16 18:36:41] [INFO] [core.memory] Loaded 23 memory entr(y/ies) from C:\MY Another type WEBSIte\AssistantX\data\memory.json.
[2026-09-16 19:33:27] [INFO] [AssistantX] Logging initialized (level=INFO, console=True, files=True).
[2026-09-16 19:33:27] [INFO] [core.history] Loaded 0 historical message(s) from C:\MY Another type WEBSIte\AssistantX\data\history.json.
[2026-09-16 19:33:27] [INFO] [core.memory] Loaded 23 memory entr(y/ies) from C:\MY Another type WEBSIte\AssistantX\data\memory.json.
[2026-09-16 19:34:52] [INFO] [AssistantX] Logging initialized (level=INFO, console=True, files=True).
[2026-09-16 19:34:52] [INFO] [core.history] Loaded 0 historical message(s) from C:\MY Another type WEBSIte\AssistantX\data\history.json.
[2026-09-16 19:34:52] [INFO] [core.memory] Loaded 23 memory entr(y/ies) from C:\MY Another type WEBSIte\AssistantX\data\memory.json.
[2026-09-16 19:36:29] [INFO] [AssistantX] Logging initialized (level=INFO, console=True, files=True).
[2026-09-16 19:36:29] [INFO] [core.history] Loaded 0 historical message(s) from C:\MY Another type WEBSIte\AssistantX\data\history.json.
[2026-09-16 19:36:29] [INFO] [core.memory] Loaded 23 memory entr(y/ies) from C:\MY Another type WEBSIte\AssistantX\data\memory.json.
[2026-09-16 19:40:38] [INFO] [AssistantX] Logging initialized (level=INFO, console=True, files=True).
[2026-09-16 19:40:38] [INFO] [core.history] Loaded 0 historical message(s) from C:\MY Another type WEBSIte\AssistantX\data\history.json.
[2026-09-16 19:40:38] [INFO] [core.memory] Loaded 23 memory entr(y/ies) from C:\MY Another type WEBSIte\AssistantX\data\memory.json.
[2026-09-16 19:48:47] [INFO] [AssistantX] Logging initialized (level=INFO, console=True, files=True).
[2026-09-16 19:48:47] [INFO] [core.history] Loaded 0 historical message(s) from C:\MY Another type WEBSIte\AssistantX\data\history.json.
[2026-09-16 19:48:47] [INFO] [core.memory] Loaded 23 memory entr(y/ies) from C:\MY Another type WEBSIte\AssistantX\data\memory.json.
[2026-09-16 19:48:47] [INFO] [database.migrations] SQLite backup created: C:\MY Another type WEBSIte\AssistantX\database\backups\assistantx_20260916_134847.db
[2026-09-16 19:48:47] [INFO] [database.migrations] Applying migration 1: Initial schema: conversations, messages, memories, tasks, settings, commands, profile, cache
[2026-09-16 19:48:47] [ERROR] [database.migrations] Rollback failed after migration error.
Traceback (most recent call last):
  File "C:\MY Another type WEBSIte\AssistantX\database\migrations.py", line 647, in _apply_migration
    connection.execute("COMMIT;")
    ~~~~~~~~~~~~~~~~~~^^^^^^^^^^^
sqlite3.OperationalError: cannot commit - no transaction is active

During handling of the above exception, another exception occurred:

Traceback (most recent call last):
  File "C:\MY Another type WEBSIte\AssistantX\database\migrations.py", line 651, in _apply_migration
    connection.execute("ROLLBACK;")
    ~~~~~~~~~~~~~~~~~~^^^^^^^^^^^^^
sqlite3.OperationalError: cannot rollback - no transaction is active
[2026-09-18 15:08:20] [INFO] [AssistantX] Logging initialized (level=INFO, console=True, files=True).
[2026-09-18 15:08:20] [INFO] [core.history] Loaded 0 historical message(s) from C:\MY Another type WEBSIte\AssistantX\data\history.json.
[2026-09-18 15:08:20] [INFO] [core.memory] Loaded 23 memory entr(y/ies) from C:\MY Another type WEBSIte\AssistantX\data\memory.json.
[2026-09-18 15:08:20] [INFO] [database.migrations] SQLite backup created: C:\MY Another type WEBSIte\AssistantX\database\backups\assistantx_20260918_090820.db
[2026-09-18 15:08:20] [INFO] [database.migrations] Applying migration 2: Add database metadata table for AssistantX diagnostics
[2026-09-18 15:08:20] [ERROR] [database.migrations] Rollback failed after migration error.
Traceback (most recent call last):
  File "C:\MY Another type WEBSIte\AssistantX\database\migrations.py", line 647, in _apply_migration
    connection.execute("COMMIT;")
    ~~~~~~~~~~~~~~~~~~^^^^^^^^^^^
sqlite3.OperationalError: cannot commit - no transaction is active

During handling of the above exception, another exception occurred:

Traceback (most recent call last):
  File "C:\MY Another type WEBSIte\AssistantX\database\migrations.py", line 651, in _apply_migration
    connection.execute("ROLLBACK;")
    ~~~~~~~~~~~~~~~~~~^^^^^^^^^^^^^
sqlite3.OperationalError: cannot rollback - no transaction is active
[2026-09-18 15:08:31] [INFO] [AssistantX] Logging initialized (level=INFO, console=True, files=True).
[2026-09-18 15:08:31] [INFO] [core.history] Loaded 0 historical message(s) from C:\MY Another type WEBSIte\AssistantX\data\history.json.
[2026-09-18 15:08:31] [INFO] [core.memory] Loaded 23 memory entr(y/ies) from C:\MY Another type WEBSIte\AssistantX\data\memory.json.
[2026-09-18 15:08:31] [INFO] [database.migrations] SQLite backup created: C:\Users\User\AppData\Local\Temp\pytest-of-User\pytest-4\test_migration_execution_is_re0\backups\assistantx_test_20260918_090831.db
[2026-09-18 15:08:31] [INFO] [database.migrations] Applying migration 1: Initial schema: conversations, messages, memories, tasks, settings, commands, profile, cache
[2026-09-18 15:08:31] [ERROR] [database.migrations] Rollback failed after migration error.
Traceback (most recent call last):
  File "C:\MY Another type WEBSIte\AssistantX\database\migrations.py", line 647, in _apply_migration
    connection.execute("COMMIT;")
    ~~~~~~~~~~~~~~~~~~^^^^^^^^^^^
sqlite3.OperationalError: cannot commit - no transaction is active

During handling of the above exception, another exception occurred:

Traceback (most recent call last):
  File "C:\MY Another type WEBSIte\AssistantX\database\migrations.py", line 651, in _apply_migration
    connection.execute("ROLLBACK;")
    ~~~~~~~~~~~~~~~~~~^^^^^^^^^^^^^
sqlite3.OperationalError: cannot rollback - no transaction is active
[2026-09-18 15:10:09] [INFO] [AssistantX] Logging initialized (level=INFO, console=True, files=True).
[2026-09-18 15:10:09] [INFO] [core.history] Loaded 0 historical message(s) from C:\MY Another type WEBSIte\AssistantX\data\history.json.
[2026-09-18 15:10:09] [INFO] [core.memory] Loaded 23 memory entr(y/ies) from C:\MY Another type WEBSIte\AssistantX\data\memory.json.
[2026-09-18 15:10:09] [ERROR] [ai.provider] [test] API call failed: Test provider error
[2026-09-18 15:10:09] [ERROR] [ai.provider] [test] API call failed: Test provider error
[2026-09-18 15:10:09] [ERROR] [ai.provider] [test] API call failed: Test provider error
[2026-09-18 15:10:09] [WARNING] [ai.provider] Could not initialize provider 'local': 
[2026-09-18 15:10:09] [INFO] [automation.browser] Opening URL: https://example.com
[2026-09-18 15:10:09] [INFO] [automation.browser] Searching 'AssistantX' via Google.
[2026-09-18 15:10:10] [INFO] [automation.files] Copied file 'C:\Users\User\AppData\Local\Temp\pytest-of-User\pytest-5\test_copy_file0\assistantx_test_workspace\sample.txt' -> 'C:\Users\User\AppData\Local\Temp\pytest-of-User\pytest-5\test_copy_file0\assistantx_test_workspace\copy.txt\sample.txt'
[2026-09-18 15:10:10] [INFO] [automation.files] Moved file 'C:\Users\User\AppData\Local\Temp\pytest-of-User\pytest-5\test_move_file0\assistantx_test_workspace\sample.txt' -> 'C:\Users\User\AppData\Local\Temp\pytest-of-User\pytest-5\test_move_file0\assistantx_test_workspace\destination\sample.txt'
[2026-09-18 15:10:10] [WARNING] [automation.files] Deleted file: C:\Users\User\AppData\Local\Temp\pytest-of-User\pytest-5\test_delete_file0\assistantx_test_workspace\sample.txt
[2026-09-18 15:10:10] [INFO] [automation.files] search_files found 1 result(s) for 'sample.txt'.
[2026-09-18 15:10:10] [INFO] [automation.folders] Created folder: C:\Users\User\AppData\Local\Temp\pytest-of-User\pytest-5\test_create_folder0\assistantx_test_workspace\test_folder
[2026-09-18 15:10:10] [INFO] [automation.folders] Created folder: C:\Users\User\AppData\Local\Temp\pytest-of-User\pytest-5\test_create_nested_folder0\assistantx_test_workspace\parent\child
[2026-09-18 15:10:10] [INFO] [automation.folders] Deleted folder: C:\Users\User\AppData\Local\Temp\pytest-of-User\pytest-5\test_delete_folder0\assistantx_test_workspace\remove_me (recursive=False)
[2026-09-18 15:10:10] [INFO] [automation.mouse] MouseController initialized.
[2026-09-18 15:10:10] [INFO] [automation.browser] Opening URL: http://example.com
[2026-09-18 15:10:10] [INFO] [automation.browser] Opening URL: https://example.com
[2026-09-18 15:10:10] [INFO] [automation.browser] Opening URL: https://example.com/path?q=assistantx
[2026-09-18 15:10:10] [INFO] [automation.browser] Opening URL: https://example.com
[2026-09-18 15:10:10] [INFO] [automation.browser] Initiating web search for query: 'Python programming' using engine: google
[2026-09-18 15:10:10] [INFO] [automation.browser] Initiating web search for query: 'AssistantX Python AI' using engine: google
[2026-09-18 15:10:10] [INFO] [automation.browser] Initiating web search for query: 'Python + AI & automation' using engine: google
[2026-09-18 15:10:10] [INFO] [automation.browser] Initiating web search for query: 'বাংলা ভাষা' using engine: google
[2026-09-18 15:10:11] [INFO] [automation.browser] Opening URL: https://example.com
[2026-09-18 15:10:11] [INFO] [automation.browser] Opening URL: http://example.com
[2026-09-18 15:10:11] [INFO] [automation.browser] Opening URL: https://example.com
[2026-09-18 15:10:11] [INFO] [automation.browser] Searching 'latest Python documentation' via Google.
[2026-09-18 15:10:11] [INFO] [automation.browser] Opening URL: https://www.google.com/search?q=latest+Python+documentation
[2026-09-18 15:10:11] [INFO] [automation.browser] Searching 'বাংলাদেশের খবর' via Google.
[2026-09-18 15:10:11] [INFO] [automation.browser] Opening URL: https://www.google.com/search?q=%E0%A6%AC%E0%A6%BE%E0%A6%82%E0%A6%B2%E0%A6%BE%E0%A6%A6%E0%A7%87%E0%A6%B6%E0%A7%87%E0%A6%B0+%E0%A6%96%E0%A6%AC%E0%A6%B0
[2026-09-18 15:10:11] [INFO] [automation.browser] Opening URL: https://example.com
[2026-09-18 15:10:11] [ERROR] [automation.browser] Unexpected browser error while opening 'https://example.com'.
Traceback (most recent call last):
  File "C:\MY Another type WEBSIte\AssistantX\automation\browser.py", line 427, in open_url
    success = webbrowser.open_new_tab(normalized)
  File "C:\Users\User\AppData\Local\Python\pythoncore-3.14-64\Lib\webbrowser.py", line 111, in open_new_tab
    return open(url, 2)
  File "C:\Users\User\AppData\Local\Python\pythoncore-3.14-64\Lib\unittest\mock.py", line 1176, in __call__
    return self._mock_call(*args, **kwargs)
           ~~~~~~~~~~~~~~~^^^^^^^^^^^^^^^^^
  File "C:\Users\User\AppData\Local\Python\pythoncore-3.14-64\Lib\unittest\mock.py", line 1180, in _mock_call
    return self._execute_mock_call(*args, **kwargs)
           ~~~~~~~~~~~~~~~~~~~~~~~^^^^^^^^^^^^^^^^^
  File "C:\Users\User\AppData\Local\Python\pythoncore-3.14-64\Lib\unittest\mock.py", line 1241, in _execute_mock_call
    raise effect
RuntimeError: Browser backend failed
[2026-09-18 15:10:11] [INFO] [automation.browser] Opening URL: https://example.com
[2026-09-18 15:10:11] [ERROR] [automation.browser] Unexpected browser error while opening 'https://example.com'.
Traceback (most recent call last):
  File "C:\MY Another type WEBSIte\AssistantX\automation\browser.py", line 427, in open_url
    success = webbrowser.open_new_tab(normalized)
  File "C:\Users\User\AppData\Local\Python\pythoncore-3.14-64\Lib\webbrowser.py", line 111, in open_new_tab
    return open(url, 2)
  File "C:\Users\User\AppData\Local\Python\pythoncore-3.14-64\Lib\unittest\mock.py", line 1176, in __call__
    return self._mock_call(*args, **kwargs)
           ~~~~~~~~~~~~~~~^^^^^^^^^^^^^^^^^
  File "C:\Users\User\AppData\Local\Python\pythoncore-3.14-64\Lib\unittest\mock.py", line 1180, in _mock_call
    return self._execute_mock_call(*args, **kwargs)
           ~~~~~~~~~~~~~~~~~~~~~~~^^^^^^^^^^^^^^^^^
  File "C:\Users\User\AppData\Local\Python\pythoncore-3.14-64\Lib\unittest\mock.py", line 1241, in _execute_mock_call
    raise effect
OSError: Unable to launch browser
[2026-09-18 15:10:11] [INFO] [automation.browser] Initiating web search for query: 'AssistantX' using engine: google
[2026-09-18 15:10:11] [INFO] [automation.browser] Opening URL: https://example.com
[2026-09-18 15:10:11] [INFO] [automation.browser] Opening URL: https://example.com/
[2026-09-18 15:10:11] [INFO] [automation.browser] Opening URL: https://example.com/path
[2026-09-18 15:10:11] [INFO] [automation.browser] Opening URL: https://example.com/path?q=test
[2026-09-18 15:10:11] [INFO] [automation.browser] Opening URL: https://sub.example.com
[2026-09-18 15:10:11] [INFO] [automation.browser] Opening URL: http://localhost:8000
[2026-09-18 15:10:11] [INFO] [automation.browser] Initiating web search for query: 'python' using engine: google
[2026-09-18 15:10:11] [INFO] [automation.browser] Initiating web search for query: 'python programming' using engine: google
[2026-09-18 15:10:11] [INFO] [automation.browser] Initiating web search for query: 'Python 3.14' using engine: google
[2026-09-18 15:10:11] [INFO] [automation.browser] Initiating web search for query: 'AI assistant' using engine: google
[2026-09-18 15:10:11] [INFO] [automation.browser] Initiating web search for query: 'AssistantX automation' using engine: google
[2026-09-18 15:10:11] [INFO] [automation.browser] Initiating web search for query: 'C++ programming' using engine: google
[2026-09-18 15:10:11] [INFO] [automation.browser] Initiating web search for query: 'email@example.com' using engine: google
[2026-09-18 15:10:11] [INFO] [automation.browser] Initiating web search for query: '100% Python' using engine: google
[2026-09-18 15:10:11] [INFO] [automation.browser] Initiating web search for query: 'বাংলা' using engine: google
[2026-09-18 15:10:11] [INFO] [automation.browser] Initiating web search for query: 'বাংলা Python' using engine: google
[2026-09-18 15:10:11] [INFO] [automation.browser] Opening URL: https://example.com
[2026-09-18 15:10:11] [INFO] [automation.browser] Initiating web search for query: 'AssistantX' using engine: google
[2026-09-18 15:10:11] [INFO] [automation.browser] Opening URL: https://example.com
[2026-09-18 15:10:11] [INFO] [automation.browser] Opening URL: https://example.com
[2026-09-18 15:10:11] [INFO] [automation.browser] Initiating web search for query: 'AssistantX browser automation' using engine: google
[2026-09-18 15:10:11] [INFO] [automation.browser] Opening URL: https://example.com
[2026-09-18 15:10:11] [INFO] [automation.browser] Opening URL: https://example.com
[2026-09-18 15:10:11] [INFO] [automation.browser] Opening URL: https://example.com
[2026-09-18 15:10:11] [INFO] [automation.browser] Opening URL: https://example.com
[2026-09-18 15:10:11] [INFO] [automation.browser] Opening URL: https://example.com
[2026-09-18 15:10:11] [INFO] [automation.browser] Opening URL: https://example.com
[2026-09-18 15:10:11] [INFO] [automation.browser] Opening URL: https://example.com
[2026-09-18 15:10:11] [INFO] [automation.browser] Opening URL: https://example.com
[2026-09-18 15:10:11] [INFO] [automation.browser] Opening URL: https://example.com
[2026-09-18 15:10:11] [INFO] [automation.browser] Opening URL: https://example.com
[2026-09-18 15:10:11] [INFO] [automation.browser] Opening URL: https://example.com
[2026-09-18 15:10:11] [INFO] [automation.browser] Initiating web search for query: 'AssistantX' using engine: google
[2026-09-18 15:10:11] [INFO] [automation.browser] Initiating web search for query: 'AssistantX' using engine: google
[2026-09-18 15:10:11] [INFO] [automation.browser] Initiating web search for query: 'AssistantX' using engine: google
[2026-09-18 15:10:11] [INFO] [automation.browser] Initiating web search for query: 'AssistantX' using engine: google
[2026-09-18 15:10:11] [INFO] [automation.browser] Initiating web search for query: 'AssistantX' using engine: google
[2026-09-18 15:10:11] [INFO] [automation.browser] Initiating web search for query: 'AssistantX' using engine: google
[2026-09-18 15:10:11] [INFO] [automation.browser] Initiating web search for query: 'AssistantX' using engine: google
[2026-09-18 15:10:11] [INFO] [automation.browser] Initiating web search for query: 'AssistantX' using engine: google
[2026-09-18 15:10:11] [INFO] [automation.browser] Initiating web search for query: 'AssistantX' using engine: google
[2026-09-18 15:10:11] [INFO] [automation.browser] Initiating web search for query: 'AssistantX' using engine: google
[2026-09-18 15:10:11] [INFO] [automation.browser] Opening URL: https://example.com
[2026-09-18 15:10:11] [INFO] [automation.browser] Opening URL: https://example.com
[2026-09-18 15:10:11] [INFO] [automation.browser] Opening URL: https://example.com
[2026-09-18 15:10:11] [INFO] [automation.browser] Opening URL: https://example.com
[2026-09-18 15:10:11] [INFO] [automation.browser] Opening URL: https://example.com
[2026-09-18 15:10:11] [INFO] [automation.browser] Opening URL: https://example.com
[2026-09-18 15:10:11] [INFO] [automation.browser] Opening URL: https://example.com
[2026-09-18 15:10:11] [INFO] [automation.browser] Opening URL: https://example.com
[2026-09-18 15:10:11] [INFO] [automation.browser] Opening URL: https://example.com
[2026-09-18 15:10:11] [INFO] [automation.browser] Opening URL: https://example.com
[2026-09-18 15:10:11] [INFO] [automation.browser] Opening URL: https://example.com
[2026-09-18 15:10:11] [INFO] [automation.browser] Initiating web search for query: 'AssistantX AI' using engine: google
[2026-09-18 15:10:11] [INFO] [automation.browser] Opening URL: https://example.org
[2026-09-18 15:10:12] [INFO] [database.migrations] SQLite backup created: C:\Users\User\AppData\Local\Temp\pytest-of-User\pytest-5\test_migration_execution_is_re0\backups\assistantx_test_20260918_091012.db
[2026-09-18 15:10:12] [INFO] [database.migrations] Applying migration 1: Initial schema: conversations, messages, memories, tasks, settings, commands, profile, cache
[2026-09-18 15:10:12] [ERROR] [database.migrations] Rollback failed after migration error.
Traceback (most recent call last):
  File "C:\MY Another type WEBSIte\AssistantX\database\migrations.py", line 647, in _apply_migration
    connection.execute("COMMIT;")
    ~~~~~~~~~~~~~~~~~~^^^^^^^^^^^
sqlite3.OperationalError: cannot commit - no transaction is active

During handling of the above exception, another exception occurred:

Traceback (most recent call last):
  File "C:\MY Another type WEBSIte\AssistantX\database\migrations.py", line 651, in _apply_migration
    connection.execute("ROLLBACK;")
    ~~~~~~~~~~~~~~~~~~^^^^^^^^^^^^^
sqlite3.OperationalError: cannot rollback - no transaction is active
[2026-09-18 15:10:12] [INFO] [core.memory] Memory forgotten: delete_test
[2026-09-18 15:10:13] [INFO] [services.search_service] Search for 'AssistantX' returned 0 result(s) via none.
[2026-09-18 15:10:14] [INFO] [services.translate_service] Translated 5 char(s) en -> en via free_endpoint.
[2026-09-18 15:10:15] [INFO] [automation.system] SystemController initialized on windows.
[2026-09-18 15:10:15] [WARNING] [automation.system] System shutdown requested (delay=5s).
[2026-09-18 15:10:15] [INFO] [automation.system] System action executed: shutdown
[2026-09-18 15:10:15] [WARNING] [automation.system] System restart requested (delay=5s).
[2026-09-18 15:10:15] [INFO] [automation.system] System action executed: restart
[2026-09-18 15:10:15] [INFO] [automation.system] System sleep requested.
[2026-09-18 15:10:15] [INFO] [automation.system] System action executed: sleep
[2026-09-18 15:10:15] [INFO] [automation.system] Setting system volume to 50%.
[2026-09-18 15:10:15] [WARNING] [automation.system] System shutdown requested (delay=5s).
[2026-09-18 15:10:15] [WARNING] [automation.system] System shutdown requested (delay=5s).
[2026-09-18 15:10:15] [WARNING] [automation.system] System shutdown requested (delay=5s).
[2026-09-18 15:10:15] [INFO] [automation.system] System action executed: shutdown
[2026-09-18 15:10:15] [WARNING] [automation.system] System restart requested (delay=5s).
[2026-09-18 15:10:15] [INFO] [automation.system] System action executed: restart
[2026-09-18 15:10:15] [WARNING] [automation.system] System shutdown requested (delay=5s).
[2026-09-18 15:10:15] [INFO] [automation.system] System action executed: shutdown
[2026-09-18 15:10:15] [WARNING] [automation.system] System shutdown requested (delay=5s).
[2026-09-18 15:10:15] [INFO] [automation.system] System action executed: shutdown
[2026-09-18 15:10:15] [WARNING] [automation.system] System shutdown requested (delay=5s).
[2026-09-18 15:10:15] [INFO] [automation.system] System action executed: shutdown
[2026-09-18 15:10:15] [WARNING] [automation.system] System shutdown requested (delay=5s).
[2026-09-18 15:10:15] [INFO] [automation.system] System action executed: shutdown
[2026-09-18 15:10:15] [WARNING] [automation.system] System shutdown requested (delay=5s).
[2026-09-18 15:10:15] [INFO] [automation.system] System action executed: shutdown
[2026-09-18 15:10:15] [WARNING] [automation.system] System restart requested (delay=5s).
[2026-09-18 15:10:15] [INFO] [automation.system] System action executed: restart
[2026-09-18 15:10:15] [WARNING] [automation.system] System restart requested (delay=5s).
[2026-09-18 15:10:15] [INFO] [automation.system] System action executed: restart
[2026-09-18 15:10:15] [WARNING] [automation.system] System restart requested (delay=5s).
[2026-09-18 15:10:15] [INFO] [automation.system] System action executed: restart
[2026-09-18 15:10:15] [WARNING] [automation.system] System restart requested (delay=5s).
[2026-09-18 15:10:15] [INFO] [automation.system] System action executed: restart
[2026-09-18 15:10:15] [WARNING] [automation.system] System restart requested (delay=5s).
[2026-09-18 15:10:15] [INFO] [automation.system] System action executed: restart
[2026-09-18 15:10:15] [WARNING] [automation.system] System shutdown requested (delay=5s).
[2026-09-18 15:10:15] [INFO] [automation.system] System action executed: shutdown
[2026-09-18 15:10:15] [WARNING] [voice.recognizer] No usable microphone detected: Could not find PyAudio; check installation
[2026-09-18 15:10:15] [INFO] [comtypes.client._code_cache] Imported existing <module 'comtypes.gen' from 'C:\\Users\\User\\AppData\\Local\\Python\\pythoncore-3.14-64\\Lib\\site-packages\\comtypes\\gen\\__init__.py'>
[2026-09-18 15:10:15] [INFO] [comtypes.client._code_cache] Using writeable comtypes cache directory: 'C:\Users\User\AppData\Local\Python\pythoncore-3.14-64\Lib\site-packages\comtypes\gen'
[2026-09-18 15:10:16] [INFO] [voice.speaker] Selected TTS voice 'Microsoft David Desktop - English (United States)' for en-US.
[2026-09-18 15:10:16] [INFO] [voice.speaker] TTS engine initialized successfully.
[2026-09-18 15:10:16] [INFO] [voice.speaker] TTS worker started.
[2026-09-18 15:10:31] [INFO] [AssistantX] Logging initialized (level=INFO, console=True, files=True).
[2026-09-18 15:10:31] [INFO] [core.history] Loaded 0 historical message(s) from C:\MY Another type WEBSIte\AssistantX\data\history.json.
[2026-09-18 15:10:31] [INFO] [core.memory] Loaded 23 memory entr(y/ies) from C:\MY Another type WEBSIte\AssistantX\data\memory.json.
[2026-09-18 15:10:31] [ERROR] [ai.provider] [test] API call failed: Test provider error
[2026-09-18 15:10:31] [ERROR] [ai.provider] [test] API call failed: Test provider error
[2026-09-18 15:10:31] [ERROR] [ai.provider] [test] API call failed: Test provider error
[2026-09-18 15:10:31] [WARNING] [ai.provider] Could not initialize provider 'local': 
[2026-09-18 15:10:31] [INFO] [automation.browser] Opening URL: https://example.com
[2026-09-18 15:10:31] [INFO] [automation.browser] Searching 'AssistantX' via Google.
[2026-09-18 15:10:31] [INFO] [automation.files] Copied file 'C:\Users\User\AppData\Local\Temp\pytest-of-User\pytest-6\test_copy_file0\assistantx_test_workspace\sample.txt' -> 'C:\Users\User\AppData\Local\Temp\pytest-of-User\pytest-6\test_copy_file0\assistantx_test_workspace\copy.txt\sample.txt'
[2026-09-18 15:10:31] [INFO] [automation.files] Moved file 'C:\Users\User\AppData\Local\Temp\pytest-of-User\pytest-6\test_move_file0\assistantx_test_workspace\sample.txt' -> 'C:\Users\User\AppData\Local\Temp\pytest-of-User\pytest-6\test_move_file0\assistantx_test_workspace\destination\sample.txt'
[2026-09-18 15:10:31] [WARNING] [automation.files] Deleted file: C:\Users\User\AppData\Local\Temp\pytest-of-User\pytest-6\test_delete_file0\assistantx_test_workspace\sample.txt
[2026-09-18 15:10:31] [INFO] [automation.files] search_files found 1 result(s) for 'sample.txt'.
[2026-09-18 15:10:31] [INFO] [automation.folders] Created folder: C:\Users\User\AppData\Local\Temp\pytest-of-User\pytest-6\test_create_folder0\assistantx_test_workspace\test_folder
[2026-09-18 15:10:31] [INFO] [automation.folders] Created folder: C:\Users\User\AppData\Local\Temp\pytest-of-User\pytest-6\test_create_nested_folder0\assistantx_test_workspace\parent\child
[2026-09-18 15:10:31] [INFO] [automation.folders] Deleted folder: C:\Users\User\AppData\Local\Temp\pytest-of-User\pytest-6\test_delete_folder0\assistantx_test_workspace\remove_me (recursive=False)
[2026-09-18 15:10:31] [INFO] [automation.mouse] MouseController initialized.
[2026-09-18 15:10:32] [INFO] [automation.browser] Opening URL: http://example.com
[2026-09-18 15:10:32] [INFO] [automation.browser] Opening URL: https://example.com
[2026-09-18 15:10:32] [INFO] [automation.browser] Opening URL: https://example.com/path?q=assistantx
[2026-09-18 15:10:32] [INFO] [automation.browser] Opening URL: https://example.com
[2026-09-18 15:10:32] [INFO] [automation.browser] Initiating web search for query: 'Python programming' using engine: google
[2026-09-18 15:10:32] [INFO] [automation.browser] Initiating web search for query: 'AssistantX Python AI' using engine: google
[2026-09-18 15:10:32] [INFO] [automation.browser] Initiating web search for query: 'Python + AI & automation' using engine: google
[2026-09-18 15:10:32] [INFO] [automation.browser] Initiating web search for query: 'বাংলা ভাষা' using engine: google
[2026-09-18 15:10:32] [INFO] [automation.browser] Opening URL: https://example.com
[2026-09-18 15:10:32] [INFO] [automation.browser] Opening URL: http://example.com
[2026-09-18 15:10:32] [INFO] [automation.browser] Opening URL: https://example.com
[2026-09-18 15:10:32] [INFO] [automation.browser] Searching 'latest Python documentation' via Google.
[2026-09-18 15:10:32] [INFO] [automation.browser] Opening URL: https://www.google.com/search?q=latest+Python+documentation
[2026-09-18 15:10:32] [INFO] [automation.browser] Searching 'বাংলাদেশের খবর' via Google.
[2026-09-18 15:10:32] [INFO] [automation.browser] Opening URL: https://www.google.com/search?q=%E0%A6%AC%E0%A6%BE%E0%A6%82%E0%A6%B2%E0%A6%BE%E0%A6%A6%E0%A7%87%E0%A6%B6%E0%A7%87%E0%A6%B0+%E0%A6%96%E0%A6%AC%E0%A6%B0
[2026-09-18 15:10:32] [INFO] [automation.browser] Opening URL: https://example.com
[2026-09-18 15:10:32] [ERROR] [automation.browser] Unexpected browser error while opening 'https://example.com'.
Traceback (most recent call last):
  File "C:\MY Another type WEBSIte\AssistantX\automation\browser.py", line 427, in open_url
    success = webbrowser.open_new_tab(normalized)
  File "C:\Users\User\AppData\Local\Python\pythoncore-3.14-64\Lib\webbrowser.py", line 111, in open_new_tab
    return open(url, 2)
  File "C:\Users\User\AppData\Local\Python\pythoncore-3.14-64\Lib\unittest\mock.py", line 1176, in __call__
    return self._mock_call(*args, **kwargs)
           ~~~~~~~~~~~~~~~^^^^^^^^^^^^^^^^^
  File "C:\Users\User\AppData\Local\Python\pythoncore-3.14-64\Lib\unittest\mock.py", line 1180, in _mock_call
    return self._execute_mock_call(*args, **kwargs)
           ~~~~~~~~~~~~~~~~~~~~~~~^^^^^^^^^^^^^^^^^
  File "C:\Users\User\AppData\Local\Python\pythoncore-3.14-64\Lib\unittest\mock.py", line 1241, in _execute_mock_call
    raise effect
RuntimeError: Browser backend failed
[2026-09-18 15:10:32] [INFO] [automation.browser] Opening URL: https://example.com
[2026-09-18 15:10:32] [ERROR] [automation.browser] Unexpected browser error while opening 'https://example.com'.
Traceback (most recent call last):
  File "C:\MY Another type WEBSIte\AssistantX\automation\browser.py", line 427, in open_url
    success = webbrowser.open_new_tab(normalized)
  File "C:\Users\User\AppData\Local\Python\pythoncore-3.14-64\Lib\webbrowser.py", line 111, in open_new_tab
    return open(url, 2)
  File "C:\Users\User\AppData\Local\Python\pythoncore-3.14-64\Lib\unittest\mock.py", line 1176, in __call__
    return self._mock_call(*args, **kwargs)
           ~~~~~~~~~~~~~~~^^^^^^^^^^^^^^^^^
  File "C:\Users\User\AppData\Local\Python\pythoncore-3.14-64\Lib\unittest\mock.py", line 1180, in _mock_call
    return self._execute_mock_call(*args, **kwargs)
           ~~~~~~~~~~~~~~~~~~~~~~~^^^^^^^^^^^^^^^^^
  File "C:\Users\User\AppData\Local\Python\pythoncore-3.14-64\Lib\unittest\mock.py", line 1241, in _execute_mock_call
    raise effect
OSError: Unable to launch browser
[2026-09-18 15:10:32] [INFO] [automation.browser] Initiating web search for query: 'AssistantX' using engine: google
[2026-09-18 15:10:32] [INFO] [automation.browser] Opening URL: https://example.com
[2026-09-18 15:10:32] [INFO] [automation.browser] Opening URL: https://example.com/
[2026-09-18 15:10:32] [INFO] [automation.browser] Opening URL: https://example.com/path
[2026-09-18 15:10:32] [INFO] [automation.browser] Opening URL: https://example.com/path?q=test
[2026-09-18 15:10:32] [INFO] [automation.browser] Opening URL: https://sub.example.com
[2026-09-18 15:10:32] [INFO] [automation.browser] Opening URL: http://localhost:8000
[2026-09-18 15:10:32] [INFO] [automation.browser] Initiating web search for query: 'python' using engine: google
[2026-09-18 15:10:32] [INFO] [automation.browser] Initiating web search for query: 'python programming' using engine: google
[2026-09-18 15:10:32] [INFO] [automation.browser] Initiating web search for query: 'Python 3.14' using engine: google
[2026-09-18 15:10:32] [INFO] [automation.browser] Initiating web search for query: 'AI assistant' using engine: google
[2026-09-18 15:10:32] [INFO] [automation.browser] Initiating web search for query: 'AssistantX automation' using engine: google
[2026-09-18 15:10:32] [INFO] [automation.browser] Initiating web search for query: 'C++ programming' using engine: google
[2026-09-18 15:10:32] [INFO] [automation.browser] Initiating web search for query: 'email@example.com' using engine: google
[2026-09-18 15:10:32] [INFO] [automation.browser] Initiating web search for query: '100% Python' using engine: google
[2026-09-18 15:10:32] [INFO] [automation.browser] Initiating web search for query: 'বাংলা' using engine: google
[2026-09-18 15:10:32] [INFO] [automation.browser] Initiating web search for query: 'বাংলা Python' using engine: google
[2026-09-18 15:10:32] [INFO] [automation.browser] Opening URL: https://example.com
[2026-09-18 15:10:32] [INFO] [automation.browser] Initiating web search for query: 'AssistantX' using engine: google
[2026-09-18 15:10:32] [INFO] [automation.browser] Opening URL: https://example.com
[2026-09-18 15:10:32] [INFO] [automation.browser] Opening URL: https://example.com
[2026-09-18 15:10:32] [INFO] [automation.browser] Initiating web search for query: 'AssistantX browser automation' using engine: google
[2026-09-18 15:10:32] [INFO] [automation.browser] Opening URL: https://example.com
[2026-09-18 15:10:32] [INFO] [automation.browser] Opening URL: https://example.com
[2026-09-18 15:10:32] [INFO] [automation.browser] Opening URL: https://example.com
[2026-09-18 15:10:32] [INFO] [automation.browser] Opening URL: https://example.com
[2026-09-18 15:10:32] [INFO] [automation.browser] Opening URL: https://example.com
[2026-09-18 15:10:32] [INFO] [automation.browser] Opening URL: https://example.com
[2026-09-18 15:10:32] [INFO] [automation.browser] Opening URL: https://example.com
[2026-09-18 15:10:32] [INFO] [automation.browser] Opening URL: https://example.com
[2026-09-18 15:10:32] [INFO] [automation.browser] Opening URL: https://example.com
[2026-09-18 15:10:32] [INFO] [automation.browser] Opening URL: https://example.com
[2026-09-18 15:10:32] [INFO] [automation.browser] Opening URL: https://example.com
[2026-09-18 15:10:32] [INFO] [automation.browser] Initiating web search for query: 'AssistantX' using engine: google
[2026-09-18 15:10:32] [INFO] [automation.browser] Initiating web search for query: 'AssistantX' using engine: google
[2026-09-18 15:10:32] [INFO] [automation.browser] Initiating web search for query: 'AssistantX' using engine: google
[2026-09-18 15:10:32] [INFO] [automation.browser] Initiating web search for query: 'AssistantX' using engine: google
[2026-09-18 15:10:32] [INFO] [automation.browser] Initiating web search for query: 'AssistantX' using engine: google
[2026-09-18 15:10:32] [INFO] [automation.browser] Initiating web search for query: 'AssistantX' using engine: google
[2026-09-18 15:10:32] [INFO] [automation.browser] Initiating web search for query: 'AssistantX' using engine: google
[2026-09-18 15:10:32] [INFO] [automation.browser] Initiating web search for query: 'AssistantX' using engine: google
[2026-09-18 15:10:32] [INFO] [automation.browser] Initiating web search for query: 'AssistantX' using engine: google
[2026-09-18 15:10:32] [INFO] [automation.browser] Initiating web search for query: 'AssistantX' using engine: google
[2026-09-18 15:10:32] [INFO] [automation.browser] Opening URL: https://example.com
[2026-09-18 15:10:32] [INFO] [automation.browser] Opening URL: https://example.com
[2026-09-18 15:10:32] [INFO] [automation.browser] Opening URL: https://example.com
[2026-09-18 15:10:32] [INFO] [automation.browser] Opening URL: https://example.com
[2026-09-18 15:10:32] [INFO] [automation.browser] Opening URL: https://example.com
[2026-09-18 15:10:32] [INFO] [automation.browser] Opening URL: https://example.com
[2026-09-18 15:10:32] [INFO] [automation.browser] Opening URL: https://example.com
[2026-09-18 15:10:32] [INFO] [automation.browser] Opening URL: https://example.com
[2026-09-18 15:10:32] [INFO] [automation.browser] Opening URL: https://example.com
[2026-09-18 15:10:32] [INFO] [automation.browser] Opening URL: https://example.com
[2026-09-18 15:10:32] [INFO] [automation.browser] Opening URL: https://example.com
[2026-09-18 15:10:32] [INFO] [automation.browser] Initiating web search for query: 'AssistantX AI' using engine: google
[2026-09-18 15:10:32] [INFO] [automation.browser] Opening URL: https://example.org
[2026-09-18 15:10:33] [INFO] [database.migrations] SQLite backup created: C:\Users\User\AppData\Local\Temp\pytest-of-User\pytest-6\test_migration_execution_is_re0\backups\assistantx_test_20260918_091033.db
[2026-09-18 15:10:33] [INFO] [database.migrations] Applying migration 1: Initial schema: conversations, messages, memories, tasks, settings, commands, profile, cache
[2026-09-18 15:10:33] [ERROR] [database.migrations] Rollback failed after migration error.
Traceback (most recent call last):
  File "C:\MY Another type WEBSIte\AssistantX\database\migrations.py", line 647, in _apply_migration
    connection.execute("COMMIT;")
    ~~~~~~~~~~~~~~~~~~^^^^^^^^^^^
sqlite3.OperationalError: cannot commit - no transaction is active

During handling of the above exception, another exception occurred:

Traceback (most recent call last):
  File "C:\MY Another type WEBSIte\AssistantX\database\migrations.py", line 651, in _apply_migration
    connection.execute("ROLLBACK;")
    ~~~~~~~~~~~~~~~~~~^^^^^^^^^^^^^
sqlite3.OperationalError: cannot rollback - no transaction is active
[2026-09-18 15:10:34] [INFO] [core.memory] Memory forgotten: delete_test
[2026-09-18 15:10:34] [INFO] [automation.system] SystemController initialized on windows.
[2026-09-18 15:10:34] [WARNING] [automation.system] System shutdown requested (delay=5s).
[2026-09-18 15:10:34] [INFO] [automation.system] System action executed: shutdown
[2026-09-18 15:10:34] [WARNING] [automation.system] System restart requested (delay=5s).
[2026-09-18 15:10:34] [INFO] [automation.system] System action executed: restart
[2026-09-18 15:10:34] [INFO] [automation.system] System sleep requested.
[2026-09-18 15:10:34] [INFO] [automation.system] System action executed: sleep
[2026-09-18 15:10:34] [INFO] [automation.system] Setting system volume to 50%.
[2026-09-18 15:10:35] [WARNING] [automation.system] System shutdown requested (delay=5s).
[2026-09-18 15:10:35] [WARNING] [automation.system] System shutdown requested (delay=5s).
[2026-09-18 15:10:35] [WARNING] [automation.system] System shutdown requested (delay=5s).
[2026-09-18 15:10:35] [INFO] [automation.system] System action executed: shutdown
[2026-09-18 15:10:35] [WARNING] [automation.system] System restart requested (delay=5s).
[2026-09-18 15:10:35] [INFO] [automation.system] System action executed: restart
[2026-09-18 15:10:35] [WARNING] [automation.system] System shutdown requested (delay=5s).
[2026-09-18 15:10:35] [INFO] [automation.system] System action executed: shutdown
[2026-09-18 15:10:35] [WARNING] [automation.system] System shutdown requested (delay=5s).
[2026-09-18 15:10:35] [INFO] [automation.system] System action executed: shutdown
[2026-09-18 15:10:35] [WARNING] [automation.system] System shutdown requested (delay=5s).
[2026-09-18 15:10:35] [INFO] [automation.system] System action executed: shutdown
[2026-09-18 15:10:35] [WARNING] [automation.system] System shutdown requested (delay=5s).
[2026-09-18 15:10:35] [INFO] [automation.system] System action executed: shutdown
[2026-09-18 15:10:35] [WARNING] [automation.system] System shutdown requested (delay=5s).
[2026-09-18 15:10:35] [INFO] [automation.system] System action executed: shutdown
[2026-09-18 15:10:35] [WARNING] [automation.system] System restart requested (delay=5s).
[2026-09-18 15:10:35] [INFO] [automation.system] System action executed: restart
[2026-09-18 15:10:35] [WARNING] [automation.system] System restart requested (delay=5s).
[2026-09-18 15:10:35] [INFO] [automation.system] System action executed: restart
[2026-09-18 15:10:35] [WARNING] [automation.system] System restart requested (delay=5s).
[2026-09-18 15:10:35] [INFO] [automation.system] System action executed: restart
[2026-09-18 15:10:35] [WARNING] [automation.system] System restart requested (delay=5s).
[2026-09-18 15:10:35] [INFO] [automation.system] System action executed: restart
[2026-09-18 15:10:35] [WARNING] [automation.system] System restart requested (delay=5s).
[2026-09-18 15:10:35] [INFO] [automation.system] System action executed: restart
[2026-09-18 15:10:35] [WARNING] [automation.system] System shutdown requested (delay=5s).
[2026-09-18 15:10:35] [INFO] [automation.system] System action executed: shutdown
[2026-09-18 15:10:35] [WARNING] [voice.recognizer] No usable microphone detected: Could not find PyAudio; check installation
[2026-09-18 15:10:35] [INFO] [comtypes.client._code_cache] Imported existing <module 'comtypes.gen' from 'C:\\Users\\User\\AppData\\Local\\Python\\pythoncore-3.14-64\\Lib\\site-packages\\comtypes\\gen\\__init__.py'>
[2026-09-18 15:10:35] [INFO] [comtypes.client._code_cache] Using writeable comtypes cache directory: 'C:\Users\User\AppData\Local\Python\pythoncore-3.14-64\Lib\site-packages\comtypes\gen'
[2026-09-18 15:10:35] [INFO] [voice.speaker] Selected TTS voice 'Microsoft David Desktop - English (United States)' for en-US.
[2026-09-18 15:10:35] [INFO] [voice.speaker] TTS engine initialized successfully.
[2026-09-18 15:10:35] [INFO] [voice.speaker] TTS worker started.
[2026-09-18 15:33:51] [INFO] [AssistantX] Logging initialized (level=INFO, console=True, files=True).
[2026-09-18 15:33:51] [INFO] [core.history] Loaded 0 historical message(s) from C:\MY Another type WEBSIte\AssistantX\data\history.json.
[2026-09-18 15:33:51] [INFO] [core.memory] Loaded 23 memory entr(y/ies) from C:\MY Another type WEBSIte\AssistantX\data\memory.json.
[2026-09-18 15:33:52] [INFO] [database.migrations] SQLite backup created: C:\Users\User\AppData\Local\Temp\pytest-of-User\pytest-7\test_migration_execution_is_re0\backups\assistantx_test_20260918_093352.db
[2026-09-18 15:33:52] [INFO] [database.migrations] Applying migration 1: Initial schema: conversations, messages, memories, tasks, settings, commands, profile, cache
[2026-09-18 15:33:52] [ERROR] [database.migrations] Rollback failed after migration error.
Traceback (most recent call last):
  File "C:\MY Another type WEBSIte\AssistantX\database\migrations.py", line 647, in _apply_migration
    connection.execute("COMMIT;")
    ~~~~~~~~~~~~~~~~~~^^^^^^^^^^^
sqlite3.OperationalError: cannot commit - no transaction is active

During handling of the above exception, another exception occurred:

Traceback (most recent call last):
  File "C:\MY Another type WEBSIte\AssistantX\database\migrations.py", line 651, in _apply_migration
    connection.execute("ROLLBACK;")
    ~~~~~~~~~~~~~~~~~~^^^^^^^^^^^^^
sqlite3.OperationalError: cannot rollback - no transaction is active
[2026-09-18 15:37:11] [INFO] [AssistantX] Logging initialized (level=INFO, console=True, files=True).
[2026-09-18 15:37:11] [INFO] [core.history] Loaded 0 historical message(s) from C:\MY Another type WEBSIte\AssistantX\data\history.json.
[2026-09-18 15:37:11] [INFO] [core.memory] Loaded 23 memory entr(y/ies) from C:\MY Another type WEBSIte\AssistantX\data\memory.json.
[2026-09-18 15:37:11] [INFO] [database.migrations] SQLite backup created: C:\Users\User\AppData\Local\Temp\pytest-of-User\pytest-8\test_migration_execution_is_re0\backups\assistantx_test_20260918_093711.db
[2026-09-18 15:37:11] [INFO] [database.migrations] Applying migration 1: Initial schema: conversations, messages, memories, tasks, settings, commands, profile, cache
[2026-09-18 15:37:11] [ERROR] [database.migrations] Rollback failed after migration error.
Traceback (most recent call last):
  File "C:\MY Another type WEBSIte\AssistantX\database\migrations.py", line 647, in _apply_migration
    connection.execute("COMMIT;")
    ~~~~~~~~~~~~~~~~~~^^^^^^^^^^^
sqlite3.OperationalError: cannot commit - no transaction is active

During handling of the above exception, another exception occurred:

Traceback (most recent call last):
  File "C:\MY Another type WEBSIte\AssistantX\database\migrations.py", line 651, in _apply_migration
    connection.execute("ROLLBACK;")
    ~~~~~~~~~~~~~~~~~~^^^^^^^^^^^^^
sqlite3.OperationalError: cannot rollback - no transaction is active
[2026-09-18 15:39:59] [INFO] [AssistantX] Logging initialized (level=INFO, console=True, files=True).
[2026-09-18 15:39:59] [INFO] [core.history] Loaded 0 historical message(s) from C:\MY Another type WEBSIte\AssistantX\data\history.json.
[2026-09-18 15:39:59] [INFO] [core.memory] Loaded 23 memory entr(y/ies) from C:\MY Another type WEBSIte\AssistantX\data\memory.json.
[2026-09-18 15:40:00] [INFO] [database.migrations] SQLite backup created: C:\Users\User\AppData\Local\Temp\pytest-of-User\pytest-9\test_migration_execution_is_re0\backups\assistantx_test_20260918_094000.db
[2026-09-18 15:40:00] [INFO] [database.migrations] Applying migration 1: Initial schema: conversations, messages, memories, tasks, settings, commands, profile, cache
[2026-09-18 15:40:00] [ERROR] [database.migrations] Rollback failed after migration error.
Traceback (most recent call last):
  File "C:\MY Another type WEBSIte\AssistantX\database\migrations.py", line 647, in _apply_migration
    connection.execute("COMMIT;")
    ~~~~~~~~~~~~~~~~~~^^^^^^^^^^^
sqlite3.OperationalError: cannot commit - no transaction is active

During handling of the above exception, another exception occurred:

Traceback (most recent call last):
  File "C:\MY Another type WEBSIte\AssistantX\database\migrations.py", line 651, in _apply_migration
    connection.execute("ROLLBACK;")
    ~~~~~~~~~~~~~~~~~~^^^^^^^^^^^^^
sqlite3.OperationalError: cannot rollback - no transaction is active
[2026-09-18 15:49:07] [INFO] [AssistantX] Logging initialized (level=INFO, console=True, files=True).
[2026-09-18 15:49:07] [INFO] [core.history] Loaded 0 historical message(s) from C:\MY Another type WEBSIte\AssistantX\data\history.json.
[2026-09-18 15:49:07] [INFO] [core.memory] Loaded 23 memory entr(y/ies) from C:\MY Another type WEBSIte\AssistantX\data\memory.json.
[2026-09-18 15:49:08] [INFO] [database.migrations] SQLite backup created: C:\Users\User\AppData\Local\Temp\pytest-of-User\pytest-10\test_migration_execution_is_re0\backups\assistantx_test_20260918_094908.db
[2026-09-18 15:49:08] [INFO] [database.migrations] Applying migration 1: Initial schema: conversations, messages, memories, tasks, settings, commands, profile, cache
[2026-09-18 15:49:08] [INFO] [database.migrations] Applying migration 2: Add database metadata table for AssistantX diagnostics
[2026-09-18 15:49:08] [INFO] [database.migrations] Database migration complete: 2 migration(s), schema v2.
[2026-09-18 15:50:55] [INFO] [AssistantX] Logging initialized (level=INFO, console=True, files=True).
[2026-09-18 15:50:55] [INFO] [core.history] Loaded 0 historical message(s) from C:\MY Another type WEBSIte\AssistantX\data\history.json.
[2026-09-18 15:50:55] [INFO] [core.memory] Loaded 23 memory entr(y/ies) from C:\MY Another type WEBSIte\AssistantX\data\memory.json.
[2026-09-18 15:54:29] [INFO] [AssistantX] Logging initialized (level=INFO, console=True, files=True).
[2026-09-18 15:54:29] [INFO] [core.history] Loaded 0 historical message(s) from C:\MY Another type WEBSIte\AssistantX\data\history.json.
[2026-09-18 15:54:29] [INFO] [core.memory] Loaded 23 memory entr(y/ies) from C:\MY Another type WEBSIte\AssistantX\data\memory.json.
[2026-09-18 15:54:29] [INFO] [database.migrations] SQLite backup created: C:\Users\User\AppData\Local\Temp\pytest-of-User\pytest-11\test_migration_execution_is_re0\backups\assistantx_test_20260918_095429.db
[2026-09-18 15:54:29] [INFO] [database.migrations] Applying migration 1: Initial schema: conversations, messages, memories, tasks, settings, commands, profile, cache
[2026-09-18 15:54:29] [INFO] [database.migrations] Applying migration 2: Add database metadata table for AssistantX diagnostics
[2026-09-18 15:54:29] [INFO] [database.migrations] Database migration complete: 2 migration(s), schema v2.
[2026-09-18 15:57:20] [INFO] [AssistantX] Logging initialized (level=INFO, console=True, files=True).
[2026-09-18 15:57:20] [INFO] [core.history] Loaded 0 historical message(s) from C:\MY Another type WEBSIte\AssistantX\data\history.json.
[2026-09-18 15:57:20] [INFO] [core.memory] Loaded 23 memory entr(y/ies) from C:\MY Another type WEBSIte\AssistantX\data\memory.json.
[2026-09-18 15:57:20] [INFO] [database.migrations] SQLite backup created: C:\Users\User\AppData\Local\Temp\pytest-of-User\pytest-12\test_migration_execution_is_re0\backups\assistantx_test_20260918_095720.db
[2026-09-18 15:57:20] [INFO] [database.migrations] Applying migration 1: Initial schema: conversations, messages, memories, tasks, settings, commands, profile, cache
[2026-09-18 15:57:20] [INFO] [database.migrations] Applying migration 2: Add database metadata table for AssistantX diagnostics
[2026-09-18 15:57:20] [INFO] [database.migrations] Database migration complete: 2 migration(s), schema v2.
[2026-09-18 16:12:56] [INFO] [AssistantX] Logging initialized (level=INFO, console=True, files=True).
[2026-09-18 16:12:56] [INFO] [core.history] Loaded 0 historical message(s) from C:\MY Another type WEBSIte\AssistantX\data\history.json.
[2026-09-18 16:12:56] [INFO] [core.memory] Loaded 23 memory entr(y/ies) from C:\MY Another type WEBSIte\AssistantX\data\memory.json.
[2026-09-18 16:12:57] [INFO] [database.migrations] SQLite backup created: C:\Users\User\AppData\Local\Temp\pytest-of-User\pytest-13\test_migration_execution_is_re0\backups\assistantx_test_20260918_101257.db
[2026-09-18 16:12:57] [INFO] [database.migrations] Applying migration 1: Initial schema: conversations, messages, memories, tasks, settings, commands, profile, cache
[2026-09-18 16:12:57] [INFO] [database.migrations] Applying migration 2: Add database metadata table for AssistantX diagnostics
[2026-09-18 16:12:57] [INFO] [database.migrations] Database migration complete: 2 migration(s), schema v2.
[2026-09-18 16:40:25] [INFO] [AssistantX] Logging initialized (level=INFO, console=True, files=True).
[2026-09-18 16:40:25] [INFO] [core.history] Loaded 0 historical message(s) from C:\MY Another type WEBSIte\AssistantX\data\history.json.
[2026-09-18 16:40:25] [INFO] [core.memory] Loaded 23 memory entr(y/ies) from C:\MY Another type WEBSIte\AssistantX\data\memory.json.
[2026-09-18 16:44:52] [INFO] [AssistantX] Logging initialized (level=INFO, console=True, files=True).
[2026-09-18 16:44:52] [INFO] [core.history] Loaded 0 historical message(s) from C:\MY Another type WEBSIte\AssistantX\data\history.json.
[2026-09-18 16:44:52] [INFO] [core.memory] Loaded 23 memory entr(y/ies) from C:\MY Another type WEBSIte\AssistantX\data\memory.json.
[2026-09-18 16:46:32] [INFO] [AssistantX] Logging initialized (level=INFO, console=True, files=True).
[2026-09-18 16:46:32] [INFO] [core.history] Loaded 0 historical message(s) from C:\MY Another type WEBSIte\AssistantX\data\history.json.
[2026-09-18 16:46:32] [INFO] [core.memory] Loaded 23 memory entr(y/ies) from C:\MY Another type WEBSIte\AssistantX\data\memory.json.
[2026-09-18 16:46:33] [ERROR] [ai.provider] [test] API call failed: Test provider error
[2026-09-18 16:46:33] [ERROR] [ai.provider] [test] API call failed: Test provider error
[2026-09-18 16:46:33] [ERROR] [ai.provider] [test] API call failed: Test provider error
[2026-09-18 16:46:33] [WARNING] [ai.provider] Could not initialize provider 'local': 
[2026-09-18 16:47:37] [INFO] [AssistantX] Logging initialized (level=INFO, console=True, files=True).
[2026-09-18 16:47:37] [INFO] [core.history] Loaded 0 historical message(s) from C:\MY Another type WEBSIte\AssistantX\data\history.json.
[2026-09-18 16:47:37] [INFO] [core.memory] Loaded 23 memory entr(y/ies) from C:\MY Another type WEBSIte\AssistantX\data\memory.json.
[2026-09-18 16:47:37] [ERROR] [ai.provider] [test] API call failed: Test provider error
[2026-09-18 16:47:37] [ERROR] [ai.provider] [test] API call failed: Test provider error
[2026-09-18 16:47:37] [ERROR] [ai.provider] [test] API call failed: Test provider error
[2026-09-18 16:47:37] [WARNING] [ai.provider] Could not initialize provider 'local': 
[2026-09-18 16:47:37] [INFO] [automation.browser] Opening URL: https://example.com
[2026-09-18 16:47:37] [INFO] [automation.browser] Searching 'AssistantX' via Google.
[2026-09-18 16:47:37] [INFO] [automation.files] Copied file 'C:\Users\User\AppData\Local\Temp\pytest-of-User\pytest-14\test_copy_file0\assistantx_test_workspace\sample.txt' -> 'C:\Users\User\AppData\Local\Temp\pytest-of-User\pytest-14\test_copy_file0\assistantx_test_workspace\copy.txt\sample.txt'
[2026-09-18 16:47:37] [INFO] [automation.files] Moved file 'C:\Users\User\AppData\Local\Temp\pytest-of-User\pytest-14\test_move_file0\assistantx_test_workspace\sample.txt' -> 'C:\Users\User\AppData\Local\Temp\pytest-of-User\pytest-14\test_move_file0\assistantx_test_workspace\destination\sample.txt'
[2026-09-18 16:47:37] [WARNING] [automation.files] Deleted file: C:\Users\User\AppData\Local\Temp\pytest-of-User\pytest-14\test_delete_file0\assistantx_test_workspace\sample.txt
[2026-09-18 16:47:37] [INFO] [automation.files] search_files found 1 result(s) for 'sample.txt'.
[2026-09-18 16:47:37] [INFO] [automation.folders] Created folder: C:\Users\User\AppData\Local\Temp\pytest-of-User\pytest-14\test_create_folder0\assistantx_test_workspace\test_folder
[2026-09-18 16:47:37] [INFO] [automation.folders] Created folder: C:\Users\User\AppData\Local\Temp\pytest-of-User\pytest-14\test_create_nested_folder0\assistantx_test_workspace\parent\child
[2026-09-18 16:47:37] [INFO] [automation.folders] Deleted folder: C:\Users\User\AppData\Local\Temp\pytest-of-User\pytest-14\test_delete_folder0\assistantx_test_workspace\remove_me (recursive=False)
[2026-09-18 16:47:37] [INFO] [automation.mouse] MouseController initialized.
[2026-09-18 16:47:38] [INFO] [automation.browser] Opening URL: http://example.com
[2026-09-18 16:47:38] [INFO] [automation.browser] Opening URL: https://example.com
[2026-09-18 16:47:38] [INFO] [automation.browser] Opening URL: https://example.com/path?q=assistantx
[2026-09-18 16:47:38] [INFO] [automation.browser] Opening URL: https://example.com
[2026-09-18 16:47:38] [INFO] [automation.browser] Initiating web search for query: 'Python programming' using engine: google
[2026-09-18 16:47:38] [INFO] [automation.browser] Initiating web search for query: 'AssistantX Python AI' using engine: google
[2026-09-18 16:47:38] [INFO] [automation.browser] Initiating web search for query: 'Python + AI & automation' using engine: google
[2026-09-18 16:47:38] [INFO] [automation.browser] Initiating web search for query: 'বাংলা ভাষা' using engine: google
[2026-09-18 16:47:38] [INFO] [automation.browser] Opening URL: https://example.com
[2026-09-18 16:47:38] [INFO] [automation.browser] Opening URL: http://example.com
[2026-09-18 16:47:38] [INFO] [automation.browser] Opening URL: https://example.com
[2026-09-18 16:47:38] [INFO] [automation.browser] Searching 'latest Python documentation' via Google.
[2026-09-18 16:47:38] [INFO] [automation.browser] Opening URL: https://www.google.com/search?q=latest+Python+documentation
[2026-09-18 16:47:38] [INFO] [automation.browser] Searching 'বাংলাদেশের খবর' via Google.
[2026-09-18 16:47:38] [INFO] [automation.browser] Opening URL: https://www.google.com/search?q=%E0%A6%AC%E0%A6%BE%E0%A6%82%E0%A6%B2%E0%A6%BE%E0%A6%A6%E0%A7%87%E0%A6%B6%E0%A7%87%E0%A6%B0+%E0%A6%96%E0%A6%AC%E0%A6%B0
[2026-09-18 16:47:38] [INFO] [automation.browser] Opening URL: https://example.com
[2026-09-18 16:47:38] [ERROR] [automation.browser] Unexpected browser error while opening 'https://example.com'.
Traceback (most recent call last):
  File "C:\MY Another type WEBSIte\AssistantX\automation\browser.py", line 421, in open_url
    success = webbrowser.open_new_tab(normalized)
  File "C:\Users\User\AppData\Local\Python\pythoncore-3.14-64\Lib\webbrowser.py", line 111, in open_new_tab
    return open(url, 2)
  File "C:\Users\User\AppData\Local\Python\pythoncore-3.14-64\Lib\unittest\mock.py", line 1176, in __call__
    return self._mock_call(*args, **kwargs)
           ~~~~~~~~~~~~~~~^^^^^^^^^^^^^^^^^
  File "C:\Users\User\AppData\Local\Python\pythoncore-3.14-64\Lib\unittest\mock.py", line 1180, in _mock_call
    return self._execute_mock_call(*args, **kwargs)
           ~~~~~~~~~~~~~~~~~~~~~~~^^^^^^^^^^^^^^^^^
  File "C:\Users\User\AppData\Local\Python\pythoncore-3.14-64\Lib\unittest\mock.py", line 1241, in _execute_mock_call
    raise effect
RuntimeError: Browser backend failed
[2026-09-18 16:47:38] [INFO] [automation.browser] Opening URL: https://example.com
[2026-09-18 16:47:38] [ERROR] [automation.browser] Unexpected browser error while opening 'https://example.com'.
Traceback (most recent call last):
  File "C:\MY Another type WEBSIte\AssistantX\automation\browser.py", line 421, in open_url
    success = webbrowser.open_new_tab(normalized)
  File "C:\Users\User\AppData\Local\Python\pythoncore-3.14-64\Lib\webbrowser.py", line 111, in open_new_tab
    return open(url, 2)
  File "C:\Users\User\AppData\Local\Python\pythoncore-3.14-64\Lib\unittest\mock.py", line 1176, in __call__
    return self._mock_call(*args, **kwargs)
           ~~~~~~~~~~~~~~~^^^^^^^^^^^^^^^^^
  File "C:\Users\User\AppData\Local\Python\pythoncore-3.14-64\Lib\unittest\mock.py", line 1180, in _mock_call
    return self._execute_mock_call(*args, **kwargs)
           ~~~~~~~~~~~~~~~~~~~~~~~^^^^^^^^^^^^^^^^^
  File "C:\Users\User\AppData\Local\Python\pythoncore-3.14-64\Lib\unittest\mock.py", line 1241, in _execute_mock_call
    raise effect
OSError: Unable to launch browser
[2026-09-18 16:47:38] [INFO] [automation.browser] Initiating web search for query: 'AssistantX' using engine: google
[2026-09-18 16:47:38] [INFO] [automation.browser] Opening URL: https://example.com
[2026-09-18 16:47:38] [INFO] [automation.browser] Opening URL: https://example.com/
[2026-09-18 16:47:38] [INFO] [automation.browser] Opening URL: https://example.com/path
[2026-09-18 16:47:38] [INFO] [automation.browser] Opening URL: https://example.com/path?q=test
[2026-09-18 16:47:38] [INFO] [automation.browser] Opening URL: https://sub.example.com
[2026-09-18 16:47:38] [INFO] [automation.browser] Opening URL: http://localhost:8000
[2026-09-18 16:47:38] [INFO] [automation.browser] Initiating web search for query: 'python' using engine: google
[2026-09-18 16:47:38] [INFO] [automation.browser] Initiating web search for query: 'python programming' using engine: google
[2026-09-18 16:47:38] [INFO] [automation.browser] Initiating web search for query: 'Python 3.14' using engine: google
[2026-09-18 16:47:38] [INFO] [automation.browser] Initiating web search for query: 'AI assistant' using engine: google
[2026-09-18 16:47:38] [INFO] [automation.browser] Initiating web search for query: 'AssistantX automation' using engine: google
[2026-09-18 16:47:38] [INFO] [automation.browser] Initiating web search for query: 'C++ programming' using engine: google
[2026-09-18 16:47:38] [INFO] [automation.browser] Initiating web search for query: 'email@example.com' using engine: google
[2026-09-18 16:47:38] [INFO] [automation.browser] Initiating web search for query: '100% Python' using engine: google
[2026-09-18 16:47:38] [INFO] [automation.browser] Initiating web search for query: 'বাংলা' using engine: google
[2026-09-18 16:47:38] [INFO] [automation.browser] Initiating web search for query: 'বাংলা Python' using engine: google
[2026-09-18 16:47:38] [INFO] [automation.browser] Opening URL: https://example.com
[2026-09-18 16:47:38] [INFO] [automation.browser] Initiating web search for query: 'AssistantX' using engine: google
[2026-09-18 16:47:38] [INFO] [automation.browser] Opening URL: https://example.com
[2026-09-18 16:47:38] [INFO] [automation.browser] Opening URL: https://example.com
[2026-09-18 16:47:38] [INFO] [automation.browser] Initiating web search for query: 'AssistantX browser automation' using engine: google
[2026-09-18 16:47:39] [INFO] [automation.browser] Opening URL: https://example.com
[2026-09-18 16:47:39] [INFO] [automation.browser] Opening URL: https://example.com
[2026-09-18 16:47:39] [INFO] [automation.browser] Opening URL: https://example.com
[2026-09-18 16:47:39] [INFO] [automation.browser] Opening URL: https://example.com
[2026-09-18 16:47:39] [INFO] [automation.browser] Opening URL: https://example.com
[2026-09-18 16:47:39] [INFO] [automation.browser] Opening URL: https://example.com
[2026-09-18 16:47:39] [INFO] [automation.browser] Opening URL: https://example.com
[2026-09-18 16:47:39] [INFO] [automation.browser] Opening URL: https://example.com
[2026-09-18 16:47:39] [INFO] [automation.browser] Opening URL: https://example.com
[2026-09-18 16:47:39] [INFO] [automation.browser] Opening URL: https://example.com
[2026-09-18 16:47:39] [INFO] [automation.browser] Opening URL: https://example.com
[2026-09-18 16:47:39] [INFO] [automation.browser] Initiating web search for query: 'AssistantX' using engine: google
[2026-09-18 16:47:39] [INFO] [automation.browser] Initiating web search for query: 'AssistantX' using engine: google
[2026-09-18 16:47:39] [INFO] [automation.browser] Initiating web search for query: 'AssistantX' using engine: google
[2026-09-18 16:47:39] [INFO] [automation.browser] Initiating web search for query: 'AssistantX' using engine: google
[2026-09-18 16:47:39] [INFO] [automation.browser] Initiating web search for query: 'AssistantX' using engine: google
[2026-09-18 16:47:39] [INFO] [automation.browser] Initiating web search for query: 'AssistantX' using engine: google
[2026-09-18 16:47:39] [INFO] [automation.browser] Initiating web search for query: 'AssistantX' using engine: google
[2026-09-18 16:47:39] [INFO] [automation.browser] Initiating web search for query: 'AssistantX' using engine: google
[2026-09-18 16:47:39] [INFO] [automation.browser] Initiating web search for query: 'AssistantX' using engine: google
[2026-09-18 16:47:39] [INFO] [automation.browser] Initiating web search for query: 'AssistantX' using engine: google
[2026-09-18 16:47:39] [INFO] [automation.browser] Opening URL: https://example.com
[2026-09-18 16:47:39] [INFO] [automation.browser] Opening URL: https://example.com
[2026-09-18 16:47:39] [INFO] [automation.browser] Opening URL: https://example.com
[2026-09-18 16:47:39] [INFO] [automation.browser] Opening URL: https://example.com
[2026-09-18 16:47:39] [INFO] [automation.browser] Opening URL: https://example.com
[2026-09-18 16:47:39] [INFO] [automation.browser] Opening URL: https://example.com
[2026-09-18 16:47:39] [INFO] [automation.browser] Opening URL: https://example.com
[2026-09-18 16:47:39] [INFO] [automation.browser] Opening URL: https://example.com
[2026-09-18 16:47:39] [INFO] [automation.browser] Opening URL: https://example.com
[2026-09-18 16:47:39] [INFO] [automation.browser] Opening URL: https://example.com
[2026-09-18 16:47:39] [INFO] [automation.browser] Opening URL: https://example.com
[2026-09-18 16:47:39] [INFO] [automation.browser] Initiating web search for query: 'AssistantX AI' using engine: google
[2026-09-18 16:47:39] [INFO] [automation.browser] Opening URL: https://example.org
[2026-09-18 16:47:39] [INFO] [database.migrations] SQLite backup created: C:\Users\User\AppData\Local\Temp\pytest-of-User\pytest-14\test_migration_execution_is_re0\backups\assistantx_test_20260918_104739.db
[2026-09-18 16:47:39] [INFO] [database.migrations] Applying migration 1: Initial schema: conversations, messages, memories, tasks, settings, commands, profile, cache
[2026-09-18 16:47:39] [INFO] [database.migrations] Applying migration 2: Add database metadata table for AssistantX diagnostics
[2026-09-18 16:47:39] [INFO] [database.migrations] Database migration complete: 2 migration(s), schema v2.
[2026-09-18 16:47:40] [INFO] [core.memory] Memory forgotten: delete_test
[2026-09-18 16:47:40] [INFO] [services.search_service] Search for 'AssistantX' returned 0 result(s) via none.
[2026-09-18 16:47:42] [INFO] [automation.system] SystemController initialized on windows.
[2026-09-18 16:47:42] [WARNING] [automation.system] System shutdown requested (delay=5s).
[2026-09-18 16:47:42] [INFO] [automation.system] System action executed: shutdown
[2026-09-18 16:47:42] [WARNING] [automation.system] System restart requested (delay=5s).
[2026-09-18 16:47:42] [INFO] [automation.system] System action executed: restart
[2026-09-18 16:47:42] [INFO] [automation.system] System sleep requested.
[2026-09-18 16:47:42] [INFO] [automation.system] System action executed: sleep
[2026-09-18 16:47:42] [INFO] [automation.system] Setting system volume to 50%.
[2026-09-18 16:47:42] [WARNING] [automation.system] System shutdown requested (delay=5s).
[2026-09-18 16:47:42] [WARNING] [automation.system] System shutdown requested (delay=5s).
[2026-09-18 16:47:42] [WARNING] [automation.system] System shutdown requested (delay=5s).
[2026-09-18 16:47:42] [INFO] [automation.system] System action executed: shutdown
[2026-09-18 16:47:42] [WARNING] [automation.system] System restart requested (delay=5s).
[2026-09-18 16:47:42] [INFO] [automation.system] System action executed: restart
[2026-09-18 16:47:42] [WARNING] [automation.system] System shutdown requested (delay=5s).
[2026-09-18 16:47:42] [INFO] [automation.system] System action executed: shutdown
[2026-09-18 16:47:42] [WARNING] [automation.system] System shutdown requested (delay=5s).
[2026-09-18 16:47:42] [INFO] [automation.system] System action executed: shutdown
[2026-09-18 16:47:42] [WARNING] [automation.system] System shutdown requested (delay=5s).
[2026-09-18 16:47:42] [INFO] [automation.system] System action executed: shutdown
[2026-09-18 16:47:42] [WARNING] [automation.system] System shutdown requested (delay=5s).
[2026-09-18 16:47:42] [INFO] [automation.system] System action executed: shutdown
[2026-09-18 16:47:42] [WARNING] [automation.system] System shutdown requested (delay=5s).
[2026-09-18 16:47:42] [INFO] [automation.system] System action executed: shutdown
[2026-09-18 16:47:42] [WARNING] [automation.system] System restart requested (delay=5s).
[2026-09-18 16:47:42] [INFO] [automation.system] System action executed: restart
[2026-09-18 16:47:42] [WARNING] [automation.system] System restart requested (delay=5s).
[2026-09-18 16:47:42] [INFO] [automation.system] System action executed: restart
[2026-09-18 16:47:42] [WARNING] [automation.system] System restart requested (delay=5s).
[2026-09-18 16:47:42] [INFO] [automation.system] System action executed: restart
[2026-09-18 16:47:42] [WARNING] [automation.system] System restart requested (delay=5s).
[2026-09-18 16:47:42] [INFO] [automation.system] System action executed: restart
[2026-09-18 16:47:42] [WARNING] [automation.system] System restart requested (delay=5s).
[2026-09-18 16:47:42] [INFO] [automation.system] System action executed: restart
[2026-09-18 16:47:42] [WARNING] [automation.system] System shutdown requested (delay=5s).
[2026-09-18 16:47:42] [INFO] [automation.system] System action executed: shutdown
[2026-09-18 16:47:42] [WARNING] [voice.recognizer] SpeechRecognition is not installed. Voice input is unavailable. Install with: pip install SpeechRecognition
[2026-09-18 16:47:42] [WARNING] [voice.speaker] pyttsx3 is not installed. Offline TTS is unavailable. Install it with: pip install pyttsx3
[2026-09-18 16:47:55] [INFO] [AssistantX] Logging initialized (level=INFO, console=True, files=True).
[2026-09-18 16:47:55] [INFO] [core.history] Loaded 0 historical message(s) from C:\MY Another type WEBSIte\AssistantX\data\history.json.
[2026-09-18 16:47:55] [INFO] [core.memory] Loaded 23 memory entr(y/ies) from C:\MY Another type WEBSIte\AssistantX\data\memory.json.
[2026-09-18 16:47:55] [ERROR] [ai.provider] [test] API call failed: Test provider error
[2026-09-18 16:47:55] [ERROR] [ai.provider] [test] API call failed: Test provider error
[2026-09-18 16:47:55] [ERROR] [ai.provider] [test] API call failed: Test provider error
[2026-09-18 16:47:55] [WARNING] [ai.provider] Could not initialize provider 'local': 
[2026-09-18 16:47:55] [INFO] [automation.browser] Opening URL: https://example.com
[2026-09-18 16:47:55] [INFO] [automation.browser] Searching 'AssistantX' via Google.
[2026-09-18 16:47:55] [INFO] [automation.files] Copied file 'C:\Users\User\AppData\Local\Temp\pytest-of-User\pytest-15\test_copy_file0\assistantx_test_workspace\sample.txt' -> 'C:\Users\User\AppData\Local\Temp\pytest-of-User\pytest-15\test_copy_file0\assistantx_test_workspace\copy.txt\sample.txt'
[2026-09-18 16:47:55] [INFO] [automation.files] Moved file 'C:\Users\User\AppData\Local\Temp\pytest-of-User\pytest-15\test_move_file0\assistantx_test_workspace\sample.txt' -> 'C:\Users\User\AppData\Local\Temp\pytest-of-User\pytest-15\test_move_file0\assistantx_test_workspace\destination\sample.txt'
[2026-09-18 16:47:55] [WARNING] [automation.files] Deleted file: C:\Users\User\AppData\Local\Temp\pytest-of-User\pytest-15\test_delete_file0\assistantx_test_workspace\sample.txt
[2026-09-18 16:47:55] [INFO] [automation.files] search_files found 1 result(s) for 'sample.txt'.
[2026-09-18 16:47:55] [INFO] [automation.folders] Created folder: C:\Users\User\AppData\Local\Temp\pytest-of-User\pytest-15\test_create_folder0\assistantx_test_workspace\test_folder
[2026-09-18 16:47:55] [INFO] [automation.folders] Created folder: C:\Users\User\AppData\Local\Temp\pytest-of-User\pytest-15\test_create_nested_folder0\assistantx_test_workspace\parent\child
[2026-09-18 16:47:55] [INFO] [automation.folders] Deleted folder: C:\Users\User\AppData\Local\Temp\pytest-of-User\pytest-15\test_delete_folder0\assistantx_test_workspace\remove_me (recursive=False)
[2026-09-18 16:47:55] [INFO] [automation.mouse] MouseController initialized.
[2026-09-18 16:47:56] [INFO] [automation.browser] Opening URL: http://example.com
[2026-09-18 16:47:56] [INFO] [automation.browser] Opening URL: https://example.com
[2026-09-18 16:47:56] [INFO] [automation.browser] Opening URL: https://example.com/path?q=assistantx
[2026-09-18 16:47:56] [INFO] [automation.browser] Opening URL: https://example.com
[2026-09-18 16:47:56] [INFO] [automation.browser] Initiating web search for query: 'Python programming' using engine: google
[2026-09-18 16:47:56] [INFO] [automation.browser] Initiating web search for query: 'AssistantX Python AI' using engine: google
[2026-09-18 16:47:56] [INFO] [automation.browser] Initiating web search for query: 'Python + AI & automation' using engine: google
[2026-09-18 16:47:56] [INFO] [automation.browser] Initiating web search for query: 'বাংলা ভাষা' using engine: google
[2026-09-18 16:47:56] [INFO] [automation.browser] Opening URL: https://example.com
[2026-09-18 16:47:56] [INFO] [automation.browser] Opening URL: http://example.com
[2026-09-18 16:47:56] [INFO] [automation.browser] Opening URL: https://example.com
[2026-09-18 16:47:56] [INFO] [automation.browser] Searching 'latest Python documentation' via Google.
[2026-09-18 16:47:56] [INFO] [automation.browser] Opening URL: https://www.google.com/search?q=latest+Python+documentation
[2026-09-18 16:47:56] [INFO] [automation.browser] Searching 'বাংলাদেশের খবর' via Google.
[2026-09-18 16:47:56] [INFO] [automation.browser] Opening URL: https://www.google.com/search?q=%E0%A6%AC%E0%A6%BE%E0%A6%82%E0%A6%B2%E0%A6%BE%E0%A6%A6%E0%A7%87%E0%A6%B6%E0%A7%87%E0%A6%B0+%E0%A6%96%E0%A6%AC%E0%A6%B0
[2026-09-18 16:47:56] [INFO] [automation.browser] Opening URL: https://example.com
[2026-09-18 16:47:56] [ERROR] [automation.browser] Unexpected browser error while opening 'https://example.com'.
Traceback (most recent call last):
  File "C:\MY Another type WEBSIte\AssistantX\automation\browser.py", line 421, in open_url
    success = webbrowser.open_new_tab(normalized)
  File "C:\Users\User\AppData\Local\Python\pythoncore-3.14-64\Lib\webbrowser.py", line 111, in open_new_tab
    return open(url, 2)
  File "C:\Users\User\AppData\Local\Python\pythoncore-3.14-64\Lib\unittest\mock.py", line 1176, in __call__
    return self._mock_call(*args, **kwargs)
           ~~~~~~~~~~~~~~~^^^^^^^^^^^^^^^^^
  File "C:\Users\User\AppData\Local\Python\pythoncore-3.14-64\Lib\unittest\mock.py", line 1180, in _mock_call
    return self._execute_mock_call(*args, **kwargs)
           ~~~~~~~~~~~~~~~~~~~~~~~^^^^^^^^^^^^^^^^^
  File "C:\Users\User\AppData\Local\Python\pythoncore-3.14-64\Lib\unittest\mock.py", line 1241, in _execute_mock_call
    raise effect
RuntimeError: Browser backend failed
[2026-09-18 16:47:56] [INFO] [automation.browser] Opening URL: https://example.com
[2026-09-18 16:47:56] [ERROR] [automation.browser] Unexpected browser error while opening 'https://example.com'.
Traceback (most recent call last):
  File "C:\MY Another type WEBSIte\AssistantX\automation\browser.py", line 421, in open_url
    success = webbrowser.open_new_tab(normalized)
  File "C:\Users\User\AppData\Local\Python\pythoncore-3.14-64\Lib\webbrowser.py", line 111, in open_new_tab
    return open(url, 2)
  File "C:\Users\User\AppData\Local\Python\pythoncore-3.14-64\Lib\unittest\mock.py", line 1176, in __call__
    return self._mock_call(*args, **kwargs)
           ~~~~~~~~~~~~~~~^^^^^^^^^^^^^^^^^
  File "C:\Users\User\AppData\Local\Python\pythoncore-3.14-64\Lib\unittest\mock.py", line 1180, in _mock_call
    return self._execute_mock_call(*args, **kwargs)
           ~~~~~~~~~~~~~~~~~~~~~~~^^^^^^^^^^^^^^^^^
  File "C:\Users\User\AppData\Local\Python\pythoncore-3.14-64\Lib\unittest\mock.py", line 1241, in _execute_mock_call
    raise effect
OSError: Unable to launch browser
[2026-09-18 16:47:56] [INFO] [automation.browser] Initiating web search for query: 'AssistantX' using engine: google
[2026-09-18 16:47:56] [INFO] [automation.browser] Opening URL: https://example.com
[2026-09-18 16:47:56] [INFO] [automation.browser] Opening URL: https://example.com/
[2026-09-18 16:47:56] [INFO] [automation.browser] Opening URL: https://example.com/path
[2026-09-18 16:47:56] [INFO] [automation.browser] Opening URL: https://example.com/path?q=test
[2026-09-18 16:47:56] [INFO] [automation.browser] Opening URL: https://sub.example.com
[2026-09-18 16:47:56] [INFO] [automation.browser] Opening URL: http://localhost:8000
[2026-09-18 16:47:56] [INFO] [automation.browser] Initiating web search for query: 'python' using engine: google
[2026-09-18 16:47:56] [INFO] [automation.browser] Initiating web search for query: 'python programming' using engine: google
[2026-09-18 16:47:56] [INFO] [automation.browser] Initiating web search for query: 'Python 3.14' using engine: google
[2026-09-18 16:47:56] [INFO] [automation.browser] Initiating web search for query: 'AI assistant' using engine: google
[2026-09-18 16:47:56] [INFO] [automation.browser] Initiating web search for query: 'AssistantX automation' using engine: google
[2026-09-18 16:47:56] [INFO] [automation.browser] Initiating web search for query: 'C++ programming' using engine: google
[2026-09-18 16:47:56] [INFO] [automation.browser] Initiating web search for query: 'email@example.com' using engine: google
[2026-09-18 16:47:56] [INFO] [automation.browser] Initiating web search for query: '100% Python' using engine: google
[2026-09-18 16:47:56] [INFO] [automation.browser] Initiating web search for query: 'বাংলা' using engine: google
[2026-09-18 16:47:56] [INFO] [automation.browser] Initiating web search for query: 'বাংলা Python' using engine: google
[2026-09-18 16:47:56] [INFO] [automation.browser] Opening URL: https://example.com
[2026-09-18 16:47:56] [INFO] [automation.browser] Initiating web search for query: 'AssistantX' using engine: google
[2026-09-18 16:47:56] [INFO] [automation.browser] Opening URL: https://example.com
[2026-09-18 16:47:56] [INFO] [automation.browser] Opening URL: https://example.com
[2026-09-18 16:47:56] [INFO] [automation.browser] Initiating web search for query: 'AssistantX browser automation' using engine: google
[2026-09-18 16:47:56] [INFO] [automation.browser] Opening URL: https://example.com
[2026-09-18 16:47:56] [INFO] [automation.browser] Opening URL: https://example.com
[2026-09-18 16:47:56] [INFO] [automation.browser] Opening URL: https://example.com
[2026-09-18 16:47:56] [INFO] [automation.browser] Opening URL: https://example.com
[2026-09-18 16:47:56] [INFO] [automation.browser] Opening URL: https://example.com
[2026-09-18 16:47:56] [INFO] [automation.browser] Opening URL: https://example.com
[2026-09-18 16:47:56] [INFO] [automation.browser] Opening URL: https://example.com
[2026-09-18 16:47:56] [INFO] [automation.browser] Opening URL: https://example.com
[2026-09-18 16:47:56] [INFO] [automation.browser] Opening URL: https://example.com
[2026-09-18 16:47:56] [INFO] [automation.browser] Opening URL: https://example.com
[2026-09-18 16:47:56] [INFO] [automation.browser] Opening URL: https://example.com
[2026-09-18 16:47:56] [INFO] [automation.browser] Initiating web search for query: 'AssistantX' using engine: google
[2026-09-18 16:47:56] [INFO] [automation.browser] Initiating web search for query: 'AssistantX' using engine: google
[2026-09-18 16:47:56] [INFO] [automation.browser] Initiating web search for query: 'AssistantX' using engine: google
[2026-09-18 16:47:56] [INFO] [automation.browser] Initiating web search for query: 'AssistantX' using engine: google
[2026-09-18 16:47:56] [INFO] [automation.browser] Initiating web search for query: 'AssistantX' using engine: google
[2026-09-18 16:47:56] [INFO] [automation.browser] Initiating web search for query: 'AssistantX' using engine: google
[2026-09-18 16:47:56] [INFO] [automation.browser] Initiating web search for query: 'AssistantX' using engine: google
[2026-09-18 16:47:56] [INFO] [automation.browser] Initiating web search for query: 'AssistantX' using engine: google
[2026-09-18 16:47:56] [INFO] [automation.browser] Initiating web search for query: 'AssistantX' using engine: google
[2026-09-18 16:47:56] [INFO] [automation.browser] Initiating web search for query: 'AssistantX' using engine: google
[2026-09-18 16:47:56] [INFO] [automation.browser] Opening URL: https://example.com
[2026-09-18 16:47:56] [INFO] [automation.browser] Opening URL: https://example.com
[2026-09-18 16:47:56] [INFO] [automation.browser] Opening URL: https://example.com
[2026-09-18 16:47:56] [INFO] [automation.browser] Opening URL: https://example.com
[2026-09-18 16:47:56] [INFO] [automation.browser] Opening URL: https://example.com
[2026-09-18 16:47:56] [INFO] [automation.browser] Opening URL: https://example.com
[2026-09-18 16:47:56] [INFO] [automation.browser] Opening URL: https://example.com
[2026-09-18 16:47:56] [INFO] [automation.browser] Opening URL: https://example.com
[2026-09-18 16:47:56] [INFO] [automation.browser] Opening URL: https://example.com
[2026-09-18 16:47:56] [INFO] [automation.browser] Opening URL: https://example.com
[2026-09-18 16:47:56] [INFO] [automation.browser] Opening URL: https://example.com
[2026-09-18 16:47:56] [INFO] [automation.browser] Initiating web search for query: 'AssistantX AI' using engine: google
[2026-09-18 16:47:56] [INFO] [automation.browser] Opening URL: https://example.org
[2026-09-18 16:47:57] [INFO] [database.migrations] SQLite backup created: C:\Users\User\AppData\Local\Temp\pytest-of-User\pytest-15\test_migration_execution_is_re0\backups\assistantx_test_20260918_104757.db
[2026-09-18 16:47:57] [INFO] [database.migrations] Applying migration 1: Initial schema: conversations, messages, memories, tasks, settings, commands, profile, cache
[2026-09-18 16:47:57] [INFO] [database.migrations] Applying migration 2: Add database metadata table for AssistantX diagnostics
[2026-09-18 16:47:57] [INFO] [database.migrations] Database migration complete: 2 migration(s), schema v2.
[2026-09-18 16:47:57] [INFO] [core.memory] Memory forgotten: delete_test
[2026-09-18 16:47:58] [INFO] [services.search_service] Search for 'AssistantX' returned 0 result(s) via none.
[2026-09-18 16:47:59] [INFO] [automation.system] SystemController initialized on windows.
[2026-09-18 16:47:59] [WARNING] [automation.system] System shutdown requested (delay=5s).
[2026-09-18 16:47:59] [INFO] [automation.system] System action executed: shutdown
[2026-09-18 16:47:59] [WARNING] [automation.system] System restart requested (delay=5s).
[2026-09-18 16:47:59] [INFO] [automation.system] System action executed: restart
[2026-09-18 16:47:59] [INFO] [automation.system] System sleep requested.
[2026-09-18 16:47:59] [INFO] [automation.system] System action executed: sleep
[2026-09-18 16:47:59] [INFO] [automation.system] Setting system volume to 50%.
[2026-09-18 16:47:59] [WARNING] [automation.system] System shutdown requested (delay=5s).
[2026-09-18 16:47:59] [WARNING] [automation.system] System shutdown requested (delay=5s).
[2026-09-18 16:47:59] [WARNING] [automation.system] System shutdown requested (delay=5s).
[2026-09-18 16:47:59] [INFO] [automation.system] System action executed: shutdown
[2026-09-18 16:47:59] [WARNING] [automation.system] System restart requested (delay=5s).
[2026-09-18 16:47:59] [INFO] [automation.system] System action executed: restart
[2026-09-18 16:47:59] [WARNING] [automation.system] System shutdown requested (delay=5s).
[2026-09-18 16:47:59] [INFO] [automation.system] System action executed: shutdown
[2026-09-18 16:47:59] [WARNING] [automation.system] System shutdown requested (delay=5s).
[2026-09-18 16:47:59] [INFO] [automation.system] System action executed: shutdown
[2026-09-18 16:47:59] [WARNING] [automation.system] System shutdown requested (delay=5s).
[2026-09-18 16:47:59] [INFO] [automation.system] System action executed: shutdown
[2026-09-18 16:48:00] [WARNING] [automation.system] System shutdown requested (delay=5s).
[2026-09-18 16:48:00] [INFO] [automation.system] System action executed: shutdown
[2026-09-18 16:48:00] [WARNING] [automation.system] System shutdown requested (delay=5s).
[2026-09-18 16:48:00] [INFO] [automation.system] System action executed: shutdown
[2026-09-18 16:48:00] [WARNING] [automation.system] System restart requested (delay=5s).
[2026-09-18 16:48:00] [INFO] [automation.system] System action executed: restart
[2026-09-18 16:48:00] [WARNING] [automation.system] System restart requested (delay=5s).
[2026-09-18 16:48:00] [INFO] [automation.system] System action executed: restart
[2026-09-18 16:48:00] [WARNING] [automation.system] System restart requested (delay=5s).
[2026-09-18 16:48:00] [INFO] [automation.system] System action executed: restart
[2026-09-18 16:48:00] [WARNING] [automation.system] System restart requested (delay=5s).
[2026-09-18 16:48:00] [INFO] [automation.system] System action executed: restart
[2026-09-18 16:48:00] [WARNING] [automation.system] System restart requested (delay=5s).
[2026-09-18 16:48:00] [INFO] [automation.system] System action executed: restart
[2026-09-18 16:48:00] [WARNING] [automation.system] System shutdown requested (delay=5s).
[2026-09-18 16:48:00] [INFO] [automation.system] System action executed: shutdown
[2026-09-18 16:48:00] [WARNING] [voice.recognizer] SpeechRecognition is not installed. Voice input is unavailable. Install with: pip install SpeechRecognition
[2026-09-18 16:48:00] [WARNING] [voice.speaker] pyttsx3 is not installed. Offline TTS is unavailable. Install it with: pip install pyttsx3
[2026-09-18 16:52:50] [INFO] [AssistantX] Logging initialized (level=INFO, console=True, files=True).
[2026-09-18 16:52:50] [INFO] [core.history] Loaded 0 historical message(s) from C:\MY Another type WEBSIte\AssistantX\data\history.json.
[2026-09-18 16:52:50] [INFO] [core.memory] Loaded 23 memory entr(y/ies) from C:\MY Another type WEBSIte\AssistantX\data\memory.json.
[2026-09-18 16:52:50] [INFO] [automation.browser] Opening URL: https://example.com
[2026-09-18 16:52:50] [INFO] [automation.browser] Searching 'AssistantX' via Google.
[2026-09-18 16:52:50] [INFO] [automation.files] Copied file 'C:\Users\User\AppData\Local\Temp\pytest-of-User\pytest-16\test_copy_file0\assistantx_test_workspace\sample.txt' -> 'C:\Users\User\AppData\Local\Temp\pytest-of-User\pytest-16\test_copy_file0\assistantx_test_workspace\copy.txt\sample.txt'
[2026-09-18 16:52:50] [INFO] [automation.files] Moved file 'C:\Users\User\AppData\Local\Temp\pytest-of-User\pytest-16\test_move_file0\assistantx_test_workspace\sample.txt' -> 'C:\Users\User\AppData\Local\Temp\pytest-of-User\pytest-16\test_move_file0\assistantx_test_workspace\destination\sample.txt'
[2026-09-18 16:52:50] [WARNING] [automation.files] Deleted file: C:\Users\User\AppData\Local\Temp\pytest-of-User\pytest-16\test_delete_file0\assistantx_test_workspace\sample.txt
[2026-09-18 16:52:50] [INFO] [automation.files] search_files found 1 result(s) for 'sample.txt'.
[2026-09-18 16:52:50] [INFO] [automation.folders] Created folder: C:\Users\User\AppData\Local\Temp\pytest-of-User\pytest-16\test_create_folder0\assistantx_test_workspace\test_folder
[2026-09-18 16:52:50] [INFO] [automation.folders] Created folder: C:\Users\User\AppData\Local\Temp\pytest-of-User\pytest-16\test_create_nested_folder0\assistantx_test_workspace\parent\child
[2026-09-18 16:52:50] [INFO] [automation.folders] Deleted folder: C:\Users\User\AppData\Local\Temp\pytest-of-User\pytest-16\test_delete_folder0\assistantx_test_workspace\remove_me (recursive=False)
[2026-09-18 16:52:50] [INFO] [automation.mouse] MouseController initialized.
[2026-09-18 16:53:14] [INFO] [AssistantX] Logging initialized (level=INFO, console=True, files=True).
[2026-09-18 16:53:14] [INFO] [core.history] Loaded 0 historical message(s) from C:\MY Another type WEBSIte\AssistantX\data\history.json.
[2026-09-18 16:53:14] [INFO] [core.memory] Loaded 23 memory entr(y/ies) from C:\MY Another type WEBSIte\AssistantX\data\memory.json.
[2026-09-18 21:32:42] [INFO] [AssistantX] Logging initialized (level=INFO, console=True, files=True).
[2026-09-18 21:32:42] [INFO] [core.history] Loaded 0 historical message(s) from C:\MY Another type WEBSIte\AssistantX\data\history.json.
[2026-09-18 21:32:42] [INFO] [core.memory] Loaded 23 memory entr(y/ies) from C:\MY Another type WEBSIte\AssistantX\data\memory.json.
[2026-09-18 21:32:43] [ERROR] [ai.provider] [test] API call failed: Test provider error
[2026-09-18 21:32:43] [ERROR] [ai.provider] [test] API call failed: Test provider error
[2026-09-18 21:32:43] [ERROR] [ai.provider] [test] API call failed: Test provider error
[2026-09-18 21:32:43] [WARNING] [ai.provider] Could not initialize provider 'local': 
[2026-09-18 21:32:43] [INFO] [automation.browser] Opening URL: https://example.com
[2026-09-18 21:32:43] [INFO] [automation.browser] Searching 'AssistantX' via Google.
[2026-09-18 21:32:44] [INFO] [automation.files] Copied file 'C:\Users\User\AppData\Local\Temp\pytest-of-User\pytest-18\test_copy_file0\assistantx_test_workspace\sample.txt' -> 'C:\Users\User\AppData\Local\Temp\pytest-of-User\pytest-18\test_copy_file0\assistantx_test_workspace\copy.txt\sample.txt'
[2026-09-18 21:32:44] [INFO] [automation.files] Moved file 'C:\Users\User\AppData\Local\Temp\pytest-of-User\pytest-18\test_move_file0\assistantx_test_workspace\sample.txt' -> 'C:\Users\User\AppData\Local\Temp\pytest-of-User\pytest-18\test_move_file0\assistantx_test_workspace\destination\sample.txt'
[2026-09-18 21:32:44] [WARNING] [automation.files] Deleted file: C:\Users\User\AppData\Local\Temp\pytest-of-User\pytest-18\test_delete_file0\assistantx_test_workspace\sample.txt
[2026-09-18 21:32:44] [INFO] [automation.files] search_files found 1 result(s) for 'sample.txt'.
[2026-09-18 21:32:44] [INFO] [automation.folders] Created folder: C:\Users\User\AppData\Local\Temp\pytest-of-User\pytest-18\test_create_folder0\assistantx_test_workspace\test_folder
[2026-09-18 21:32:44] [INFO] [automation.folders] Created folder: C:\Users\User\AppData\Local\Temp\pytest-of-User\pytest-18\test_create_nested_folder0\assistantx_test_workspace\parent\child
[2026-09-18 21:32:44] [INFO] [automation.folders] Deleted folder: C:\Users\User\AppData\Local\Temp\pytest-of-User\pytest-18\test_delete_folder0\assistantx_test_workspace\remove_me (recursive=False)
[2026-09-18 21:32:44] [INFO] [automation.mouse] MouseController initialized.
[2026-09-18 21:32:44] [INFO] [automation.browser] Opening URL: http://example.com
[2026-09-18 21:32:44] [INFO] [automation.browser] Opening URL: https://example.com
[2026-09-18 21:32:44] [INFO] [automation.browser] Opening URL: https://example.com/path?q=assistantx
[2026-09-18 21:32:44] [INFO] [automation.browser] Opening URL: https://example.com
[2026-09-18 21:32:44] [INFO] [automation.browser] Initiating web search for query: 'Python programming' using engine: google
[2026-09-18 21:32:44] [INFO] [automation.browser] Initiating web search for query: 'AssistantX Python AI' using engine: google
[2026-09-18 21:32:44] [INFO] [automation.browser] Initiating web search for query: 'Python + AI & automation' using engine: google
[2026-09-18 21:32:44] [INFO] [automation.browser] Initiating web search for query: 'বাংলা ভাষা' using engine: google
[2026-09-18 21:32:44] [INFO] [automation.browser] Opening URL: https://example.com
[2026-09-18 21:32:44] [INFO] [automation.browser] Opening URL: http://example.com
[2026-09-18 21:32:44] [INFO] [automation.browser] Opening URL: https://example.com
[2026-09-18 21:32:44] [INFO] [automation.browser] Searching 'latest Python documentation' via Google.
[2026-09-18 21:32:44] [INFO] [automation.browser] Opening URL: https://www.google.com/search?q=latest+Python+documentation
[2026-09-18 21:32:44] [INFO] [automation.browser] Searching 'বাংলাদেশের খবর' via Google.
[2026-09-18 21:32:44] [INFO] [automation.browser] Opening URL: https://www.google.com/search?q=%E0%A6%AC%E0%A6%BE%E0%A6%82%E0%A6%B2%E0%A6%BE%E0%A6%A6%E0%A7%87%E0%A6%B6%E0%A7%87%E0%A6%B0+%E0%A6%96%E0%A6%AC%E0%A6%B0
[2026-09-18 21:32:44] [INFO] [automation.browser] Opening URL: https://example.com
[2026-09-18 21:32:44] [ERROR] [automation.browser] Unexpected browser error while opening 'https://example.com'.
Traceback (most recent call last):
  File "C:\MY Another type WEBSIte\AssistantX\automation\browser.py", line 421, in open_url
    success = webbrowser.open_new_tab(normalized)
  File "C:\Users\User\AppData\Local\Python\pythoncore-3.14-64\Lib\webbrowser.py", line 111, in open_new_tab
    return open(url, 2)
  File "C:\Users\User\AppData\Local\Python\pythoncore-3.14-64\Lib\unittest\mock.py", line 1176, in __call__
    return self._mock_call(*args, **kwargs)
           ~~~~~~~~~~~~~~~^^^^^^^^^^^^^^^^^
  File "C:\Users\User\AppData\Local\Python\pythoncore-3.14-64\Lib\unittest\mock.py", line 1180, in _mock_call
    return self._execute_mock_call(*args, **kwargs)
           ~~~~~~~~~~~~~~~~~~~~~~~^^^^^^^^^^^^^^^^^
  File "C:\Users\User\AppData\Local\Python\pythoncore-3.14-64\Lib\unittest\mock.py", line 1241, in _execute_mock_call
    raise effect
RuntimeError: Browser backend failed
[2026-09-18 21:32:44] [INFO] [automation.browser] Opening URL: https://example.com
[2026-09-18 21:32:44] [ERROR] [automation.browser] Unexpected browser error while opening 'https://example.com'.
Traceback (most recent call last):
  File "C:\MY Another type WEBSIte\AssistantX\automation\browser.py", line 421, in open_url
    success = webbrowser.open_new_tab(normalized)
  File "C:\Users\User\AppData\Local\Python\pythoncore-3.14-64\Lib\webbrowser.py", line 111, in open_new_tab
    return open(url, 2)
  File "C:\Users\User\AppData\Local\Python\pythoncore-3.14-64\Lib\unittest\mock.py", line 1176, in __call__
    return self._mock_call(*args, **kwargs)
           ~~~~~~~~~~~~~~~^^^^^^^^^^^^^^^^^
  File "C:\Users\User\AppData\Local\Python\pythoncore-3.14-64\Lib\unittest\mock.py", line 1180, in _mock_call
    return self._execute_mock_call(*args, **kwargs)
           ~~~~~~~~~~~~~~~~~~~~~~~^^^^^^^^^^^^^^^^^
  File "C:\Users\User\AppData\Local\Python\pythoncore-3.14-64\Lib\unittest\mock.py", line 1241, in _execute_mock_call
    raise effect
OSError: Unable to launch browser
[2026-09-18 21:32:44] [INFO] [automation.browser] Initiating web search for query: 'AssistantX' using engine: google
[2026-09-18 21:32:44] [INFO] [automation.browser] Opening URL: https://example.com
[2026-09-18 21:32:44] [INFO] [automation.browser] Opening URL: https://example.com/
[2026-09-18 21:32:44] [INFO] [automation.browser] Opening URL: https://example.com/path
[2026-09-18 21:32:44] [INFO] [automation.browser] Opening URL: https://example.com/path?q=test
[2026-09-18 21:32:44] [INFO] [automation.browser] Opening URL: https://sub.example.com
[2026-09-18 21:32:44] [INFO] [automation.browser] Opening URL: http://localhost:8000
[2026-09-18 21:32:44] [INFO] [automation.browser] Initiating web search for query: 'python' using engine: google
[2026-09-18 21:32:45] [INFO] [automation.browser] Initiating web search for query: 'python programming' using engine: google
[2026-09-18 21:32:45] [INFO] [automation.browser] Initiating web search for query: 'Python 3.14' using engine: google
[2026-09-18 21:32:45] [INFO] [automation.browser] Initiating web search for query: 'AI assistant' using engine: google
[2026-09-18 21:32:45] [INFO] [automation.browser] Initiating web search for query: 'AssistantX automation' using engine: google
[2026-09-18 21:32:45] [INFO] [automation.browser] Initiating web search for query: 'C++ programming' using engine: google
[2026-09-18 21:32:45] [INFO] [automation.browser] Initiating web search for query: 'email@example.com' using engine: google
[2026-09-18 21:32:45] [INFO] [automation.browser] Initiating web search for query: '100% Python' using engine: google
[2026-09-18 21:32:45] [INFO] [automation.browser] Initiating web search for query: 'বাংলা' using engine: google
[2026-09-18 21:32:45] [INFO] [automation.browser] Initiating web search for query: 'বাংলা Python' using engine: google
[2026-09-18 21:32:45] [INFO] [automation.browser] Opening URL: https://example.com
[2026-09-18 21:32:45] [INFO] [automation.browser] Initiating web search for query: 'AssistantX' using engine: google
[2026-09-18 21:32:45] [INFO] [automation.browser] Opening URL: https://example.com
[2026-09-18 21:32:45] [INFO] [automation.browser] Opening URL: https://example.com
[2026-09-18 21:32:45] [INFO] [automation.browser] Initiating web search for query: 'AssistantX browser automation' using engine: google
[2026-09-18 21:32:45] [INFO] [automation.browser] Opening URL: https://example.com
[2026-09-18 21:32:45] [INFO] [automation.browser] Opening URL: https://example.com
[2026-09-18 21:32:45] [INFO] [automation.browser] Opening URL: https://example.com
[2026-09-18 21:32:45] [INFO] [automation.browser] Opening URL: https://example.com
[2026-09-18 21:32:45] [INFO] [automation.browser] Opening URL: https://example.com
[2026-09-18 21:32:45] [INFO] [automation.browser] Opening URL: https://example.com
[2026-09-18 21:32:45] [INFO] [automation.browser] Opening URL: https://example.com
[2026-09-18 21:32:45] [INFO] [automation.browser] Opening URL: https://example.com
[2026-09-18 21:32:45] [INFO] [automation.browser] Opening URL: https://example.com
[2026-09-18 21:32:45] [INFO] [automation.browser] Opening URL: https://example.com
[2026-09-18 21:32:45] [INFO] [automation.browser] Opening URL: https://example.com
[2026-09-18 21:32:45] [INFO] [automation.browser] Initiating web search for query: 'AssistantX' using engine: google
[2026-09-18 21:32:45] [INFO] [automation.browser] Initiating web search for query: 'AssistantX' using engine: google
[2026-09-18 21:32:45] [INFO] [automation.browser] Initiating web search for query: 'AssistantX' using engine: google
[2026-09-18 21:32:45] [INFO] [automation.browser] Initiating web search for query: 'AssistantX' using engine: google
[2026-09-18 21:32:45] [INFO] [automation.browser] Initiating web search for query: 'AssistantX' using engine: google
[2026-09-18 21:32:45] [INFO] [automation.browser] Initiating web search for query: 'AssistantX' using engine: google
[2026-09-18 21:32:45] [INFO] [automation.browser] Initiating web search for query: 'AssistantX' using engine: google
[2026-09-18 21:32:45] [INFO] [automation.browser] Initiating web search for query: 'AssistantX' using engine: google
[2026-09-18 21:32:45] [INFO] [automation.browser] Initiating web search for query: 'AssistantX' using engine: google
[2026-09-18 21:32:45] [INFO] [automation.browser] Initiating web search for query: 'AssistantX' using engine: google
[2026-09-18 21:32:45] [INFO] [automation.browser] Opening URL: https://example.com
[2026-09-18 21:32:45] [INFO] [automation.browser] Opening URL: https://example.com
[2026-09-18 21:32:45] [INFO] [automation.browser] Opening URL: https://example.com
[2026-09-18 21:32:45] [INFO] [automation.browser] Opening URL: https://example.com
[2026-09-18 21:32:45] [INFO] [automation.browser] Opening URL: https://example.com
[2026-09-18 21:32:45] [INFO] [automation.browser] Opening URL: https://example.com
[2026-09-18 21:32:45] [INFO] [automation.browser] Opening URL: https://example.com
[2026-09-18 21:32:45] [INFO] [automation.browser] Opening URL: https://example.com
[2026-09-18 21:32:45] [INFO] [automation.browser] Opening URL: https://example.com
[2026-09-18 21:32:45] [INFO] [automation.browser] Opening URL: https://example.com
[2026-09-18 21:32:45] [INFO] [automation.browser] Opening URL: https://example.com
[2026-09-18 21:32:45] [INFO] [automation.browser] Initiating web search for query: 'AssistantX AI' using engine: google
[2026-09-18 21:32:45] [INFO] [automation.browser] Opening URL: https://example.org
[2026-09-18 21:32:46] [INFO] [database.migrations] SQLite backup created: C:\Users\User\AppData\Local\Temp\pytest-of-User\pytest-18\test_migration_execution_is_re0\backups\assistantx_test_20260918_153246.db
[2026-09-18 21:32:46] [INFO] [database.migrations] Applying migration 1: Initial schema: conversations, messages, memories, tasks, settings, commands, profile, cache
[2026-09-18 21:32:46] [INFO] [database.migrations] Applying migration 2: Add database metadata table for AssistantX diagnostics
[2026-09-18 21:32:46] [INFO] [database.migrations] Database migration complete: 2 migration(s), schema v2.
[2026-09-18 21:32:46] [INFO] [core.memory] Memory forgotten: delete_test
[2026-09-18 21:32:58] [INFO] [services.search_service] Search for 'AssistantX' returned 0 result(s) via none.
[2026-09-18 21:33:02] [INFO] [automation.system] SystemController initialized on windows.
[2026-09-18 21:33:02] [WARNING] [automation.system] System shutdown requested (delay=5s).
[2026-09-18 21:33:02] [INFO] [automation.system] System action executed: shutdown
[2026-09-18 21:33:02] [WARNING] [automation.system] System restart requested (delay=5s).
[2026-09-18 21:33:02] [INFO] [automation.system] System action executed: restart
[2026-09-18 21:33:02] [INFO] [automation.system] System sleep requested.
[2026-09-18 21:33:02] [INFO] [automation.system] System action executed: sleep
[2026-09-18 21:33:02] [INFO] [automation.system] Setting system volume to 50%.
[2026-09-18 21:33:02] [WARNING] [automation.system] System shutdown requested (delay=5s).
[2026-09-18 21:33:03] [WARNING] [automation.system] System shutdown requested (delay=5s).
[2026-09-18 21:33:03] [WARNING] [automation.system] System shutdown requested (delay=5s).
[2026-09-18 21:33:03] [INFO] [automation.system] System action executed: shutdown
[2026-09-18 21:33:03] [WARNING] [automation.system] System restart requested (delay=5s).
[2026-09-18 21:33:03] [INFO] [automation.system] System action executed: restart
[2026-09-18 21:33:03] [WARNING] [automation.system] System shutdown requested (delay=5s).
[2026-09-18 21:33:03] [INFO] [automation.system] System action executed: shutdown
[2026-09-18 21:33:03] [WARNING] [automation.system] System shutdown requested (delay=5s).
[2026-09-18 21:33:03] [INFO] [automation.system] System action executed: shutdown
[2026-09-18 21:33:03] [WARNING] [automation.system] System shutdown requested (delay=5s).
[2026-09-18 21:33:03] [INFO] [automation.system] System action executed: shutdown
[2026-09-18 21:33:03] [WARNING] [automation.system] System shutdown requested (delay=5s).
[2026-09-18 21:33:03] [INFO] [automation.system] System action executed: shutdown
[2026-09-18 21:33:03] [WARNING] [automation.system] System shutdown requested (delay=5s).
[2026-09-18 21:33:03] [INFO] [automation.system] System action executed: shutdown
[2026-09-18 21:33:03] [WARNING] [automation.system] System restart requested (delay=5s).
[2026-09-18 21:33:03] [INFO] [automation.system] System action executed: restart
[2026-09-18 21:33:03] [WARNING] [automation.system] System restart requested (delay=5s).
[2026-09-18 21:33:03] [INFO] [automation.system] System action executed: restart
[2026-09-18 21:33:03] [WARNING] [automation.system] System restart requested (delay=5s).
[2026-09-18 21:33:03] [INFO] [automation.system] System action executed: restart
[2026-09-18 21:33:03] [WARNING] [automation.system] System restart requested (delay=5s).
[2026-09-18 21:33:03] [INFO] [automation.system] System action executed: restart
[2026-09-18 21:33:03] [WARNING] [automation.system] System restart requested (delay=5s).
[2026-09-18 21:33:03] [INFO] [automation.system] System action executed: restart
[2026-09-18 21:33:03] [WARNING] [automation.system] System shutdown requested (delay=5s).
[2026-09-18 21:33:03] [INFO] [automation.system] System action executed: shutdown
[2026-09-18 21:33:03] [WARNING] [voice.recognizer] SpeechRecognition is not installed. Voice input is unavailable. Install with: pip install SpeechRecognition
[2026-09-18 21:33:03] [WARNING] [voice.speaker] pyttsx3 is not installed. Offline TTS is unavailable. Install it with: pip install pyttsx3
[2026-09-18 21:35:50] [INFO] [AssistantX] Logging initialized (level=INFO, console=True, files=True).
[2026-09-18 21:35:50] [INFO] [core.history] Loaded 0 historical message(s) from C:\MY Another type WEBSIte\AssistantX\data\history.json.
[2026-09-18 21:35:50] [INFO] [core.memory] Loaded 23 memory entr(y/ies) from C:\MY Another type WEBSIte\AssistantX\data\memory.json.
[2026-09-18 21:35:50] [ERROR] [ai.provider] [test] API call failed: Test provider error
[2026-09-18 21:35:50] [ERROR] [ai.provider] [test] API call failed: Test provider error
[2026-09-18 21:35:50] [ERROR] [ai.provider] [test] API call failed: Test provider error
[2026-09-18 21:35:50] [WARNING] [ai.provider] Could not initialize provider 'local': 
[2026-09-18 21:35:59] [INFO] [AssistantX] Logging initialized (level=INFO, console=True, files=True).
[2026-09-18 21:35:59] [INFO] [core.history] Loaded 0 historical message(s) from C:\MY Another type WEBSIte\AssistantX\data\history.json.
[2026-09-18 21:35:59] [INFO] [core.memory] Loaded 23 memory entr(y/ies) from C:\MY Another type WEBSIte\AssistantX\data\memory.json.
[2026-09-18 21:35:59] [ERROR] [ai.provider] [test] API call failed: Test provider error
[2026-09-18 21:35:59] [ERROR] [ai.provider] [test] API call failed: Test provider error
[2026-09-18 21:35:59] [ERROR] [ai.provider] [test] API call failed: Test provider error
[2026-09-18 21:35:59] [WARNING] [ai.provider] Could not initialize provider 'local': 
[2026-09-18 21:36:29] [INFO] [AssistantX] Logging initialized (level=INFO, console=True, files=True).
[2026-09-18 21:36:29] [INFO] [core.history] Loaded 0 historical message(s) from C:\MY Another type WEBSIte\AssistantX\data\history.json.
[2026-09-18 21:36:29] [INFO] [core.memory] Loaded 23 memory entr(y/ies) from C:\MY Another type WEBSIte\AssistantX\data\memory.json.
[2026-09-18 21:36:29] [ERROR] [ai.provider] [test] API call failed: Test provider error
[2026-09-18 21:36:29] [ERROR] [ai.provider] [test] API call failed: Test provider error
[2026-09-18 21:36:29] [ERROR] [ai.provider] [test] API call failed: Test provider error
[2026-09-18 21:36:29] [WARNING] [ai.provider] Could not initialize provider 'local': 
[2026-09-18 21:36:29] [INFO] [automation.browser] Opening URL: https://example.com
[2026-09-18 21:36:29] [INFO] [automation.browser] Searching 'AssistantX' via Google.
[2026-09-18 21:36:30] [INFO] [automation.files] Copied file 'C:\Users\User\AppData\Local\Temp\pytest-of-User\pytest-19\test_copy_file0\assistantx_test_workspace\sample.txt' -> 'C:\Users\User\AppData\Local\Temp\pytest-of-User\pytest-19\test_copy_file0\assistantx_test_workspace\copy.txt\sample.txt'
[2026-09-18 21:36:30] [INFO] [automation.files] Moved file 'C:\Users\User\AppData\Local\Temp\pytest-of-User\pytest-19\test_move_file0\assistantx_test_workspace\sample.txt' -> 'C:\Users\User\AppData\Local\Temp\pytest-of-User\pytest-19\test_move_file0\assistantx_test_workspace\destination\sample.txt'
[2026-09-18 21:36:30] [WARNING] [automation.files] Deleted file: C:\Users\User\AppData\Local\Temp\pytest-of-User\pytest-19\test_delete_file0\assistantx_test_workspace\sample.txt
[2026-09-18 21:36:30] [INFO] [automation.files] search_files found 1 result(s) for 'sample.txt'.
[2026-09-18 21:36:30] [INFO] [automation.folders] Created folder: C:\Users\User\AppData\Local\Temp\pytest-of-User\pytest-19\test_create_folder0\assistantx_test_workspace\test_folder
[2026-09-18 21:36:30] [INFO] [automation.folders] Created folder: C:\Users\User\AppData\Local\Temp\pytest-of-User\pytest-19\test_create_nested_folder0\assistantx_test_workspace\parent\child
[2026-09-18 21:36:30] [INFO] [automation.folders] Deleted folder: C:\Users\User\AppData\Local\Temp\pytest-of-User\pytest-19\test_delete_folder0\assistantx_test_workspace\remove_me (recursive=False)
[2026-09-18 21:36:30] [INFO] [automation.mouse] MouseController initialized.
[2026-09-18 21:36:30] [INFO] [automation.browser] Opening URL: http://example.com
[2026-09-18 21:36:30] [INFO] [automation.browser] Opening URL: https://example.com
[2026-09-18 21:36:30] [INFO] [automation.browser] Opening URL: https://example.com/path?q=assistantx
[2026-09-18 21:36:30] [INFO] [automation.browser] Opening URL: https://example.com
[2026-09-18 21:36:30] [INFO] [automation.browser] Initiating web search for query: 'Python programming' using engine: google
[2026-09-18 21:36:30] [INFO] [automation.browser] Initiating web search for query: 'AssistantX Python AI' using engine: google
[2026-09-18 21:36:30] [INFO] [automation.browser] Initiating web search for query: 'Python + AI & automation' using engine: google
[2026-09-18 21:36:30] [INFO] [automation.browser] Initiating web search for query: 'বাংলা ভাষা' using engine: google
[2026-09-18 21:36:30] [INFO] [automation.browser] Opening URL: https://example.com
[2026-09-18 21:36:30] [INFO] [automation.browser] Opening URL: http://example.com
[2026-09-18 21:36:30] [INFO] [automation.browser] Opening URL: https://example.com
[2026-09-18 21:36:30] [INFO] [automation.browser] Searching 'latest Python documentation' via Google.
[2026-09-18 21:36:30] [INFO] [automation.browser] Opening URL: https://www.google.com/search?q=latest+Python+documentation
[2026-09-18 21:36:30] [INFO] [automation.browser] Searching 'বাংলাদেশের খবর' via Google.
[2026-09-18 21:36:30] [INFO] [automation.browser] Opening URL: https://www.google.com/search?q=%E0%A6%AC%E0%A6%BE%E0%A6%82%E0%A6%B2%E0%A6%BE%E0%A6%A6%E0%A7%87%E0%A6%B6%E0%A7%87%E0%A6%B0+%E0%A6%96%E0%A6%AC%E0%A6%B0
[2026-09-18 21:36:30] [INFO] [automation.browser] Opening URL: https://example.com
[2026-09-18 21:36:30] [ERROR] [automation.browser] Unexpected browser error while opening 'https://example.com'.
Traceback (most recent call last):
  File "C:\MY Another type WEBSIte\AssistantX\automation\browser.py", line 421, in open_url
    success = webbrowser.open_new_tab(normalized)
  File "C:\Users\User\AppData\Local\Python\pythoncore-3.14-64\Lib\webbrowser.py", line 111, in open_new_tab
    return open(url, 2)
  File "C:\Users\User\AppData\Local\Python\pythoncore-3.14-64\Lib\unittest\mock.py", line 1176, in __call__
    return self._mock_call(*args, **kwargs)
           ~~~~~~~~~~~~~~~^^^^^^^^^^^^^^^^^
  File "C:\Users\User\AppData\Local\Python\pythoncore-3.14-64\Lib\unittest\mock.py", line 1180, in _mock_call
    return self._execute_mock_call(*args, **kwargs)
           ~~~~~~~~~~~~~~~~~~~~~~~^^^^^^^^^^^^^^^^^
  File "C:\Users\User\AppData\Local\Python\pythoncore-3.14-64\Lib\unittest\mock.py", line 1241, in _execute_mock_call
    raise effect
RuntimeError: Browser backend failed
[2026-09-18 21:36:30] [INFO] [automation.browser] Opening URL: https://example.com
[2026-09-18 21:36:30] [ERROR] [automation.browser] Unexpected browser error while opening 'https://example.com'.
Traceback (most recent call last):
  File "C:\MY Another type WEBSIte\AssistantX\automation\browser.py", line 421, in open_url
    success = webbrowser.open_new_tab(normalized)
  File "C:\Users\User\AppData\Local\Python\pythoncore-3.14-64\Lib\webbrowser.py", line 111, in open_new_tab
    return open(url, 2)
  File "C:\Users\User\AppData\Local\Python\pythoncore-3.14-64\Lib\unittest\mock.py", line 1176, in __call__
    return self._mock_call(*args, **kwargs)
           ~~~~~~~~~~~~~~~^^^^^^^^^^^^^^^^^
  File "C:\Users\User\AppData\Local\Python\pythoncore-3.14-64\Lib\unittest\mock.py", line 1180, in _mock_call
    return self._execute_mock_call(*args, **kwargs)
           ~~~~~~~~~~~~~~~~~~~~~~~^^^^^^^^^^^^^^^^^
  File "C:\Users\User\AppData\Local\Python\pythoncore-3.14-64\Lib\unittest\mock.py", line 1241, in _execute_mock_call
    raise effect
OSError: Unable to launch browser
[2026-09-18 21:36:30] [INFO] [automation.browser] Initiating web search for query: 'AssistantX' using engine: google
[2026-09-18 21:36:30] [INFO] [automation.browser] Opening URL: https://example.com
[2026-09-18 21:36:30] [INFO] [automation.browser] Opening URL: https://example.com/
[2026-09-18 21:36:30] [INFO] [automation.browser] Opening URL: https://example.com/path
[2026-09-18 21:36:30] [INFO] [automation.browser] Opening URL: https://example.com/path?q=test
[2026-09-18 21:36:30] [INFO] [automation.browser] Opening URL: https://sub.example.com
[2026-09-18 21:36:30] [INFO] [automation.browser] Opening URL: http://localhost:8000
[2026-09-18 21:36:30] [INFO] [automation.browser] Initiating web search for query: 'python' using engine: google
[2026-09-18 21:36:30] [INFO] [automation.browser] Initiating web search for query: 'python programming' using engine: google
[2026-09-18 21:36:30] [INFO] [automation.browser] Initiating web search for query: 'Python 3.14' using engine: google
[2026-09-18 21:36:30] [INFO] [automation.browser] Initiating web search for query: 'AI assistant' using engine: google
[2026-09-18 21:36:31] [INFO] [automation.browser] Initiating web search for query: 'AssistantX automation' using engine: google
[2026-09-18 21:36:31] [INFO] [automation.browser] Initiating web search for query: 'C++ programming' using engine: google
[2026-09-18 21:36:31] [INFO] [automation.browser] Initiating web search for query: 'email@example.com' using engine: google
[2026-09-18 21:36:31] [INFO] [automation.browser] Initiating web search for query: '100% Python' using engine: google
[2026-09-18 21:36:31] [INFO] [automation.browser] Initiating web search for query: 'বাংলা' using engine: google
[2026-09-18 21:36:31] [INFO] [automation.browser] Initiating web search for query: 'বাংলা Python' using engine: google
[2026-09-18 21:36:31] [INFO] [automation.browser] Opening URL: https://example.com
[2026-09-18 21:36:31] [INFO] [automation.browser] Initiating web search for query: 'AssistantX' using engine: google
[2026-09-18 21:36:31] [INFO] [automation.browser] Opening URL: https://example.com
[2026-09-18 21:36:31] [INFO] [automation.browser] Opening URL: https://example.com
[2026-09-18 21:36:31] [INFO] [automation.browser] Initiating web search for query: 'AssistantX browser automation' using engine: google
[2026-09-18 21:36:31] [INFO] [automation.browser] Opening URL: https://example.com
[2026-09-18 21:36:31] [INFO] [automation.browser] Opening URL: https://example.com
[2026-09-18 21:36:31] [INFO] [automation.browser] Opening URL: https://example.com
[2026-09-18 21:36:31] [INFO] [automation.browser] Opening URL: https://example.com
[2026-09-18 21:36:31] [INFO] [automation.browser] Opening URL: https://example.com
[2026-09-18 21:36:31] [INFO] [automation.browser] Opening URL: https://example.com
[2026-09-18 21:36:31] [INFO] [automation.browser] Opening URL: https://example.com
[2026-09-18 21:36:31] [INFO] [automation.browser] Opening URL: https://example.com
[2026-09-18 21:36:31] [INFO] [automation.browser] Opening URL: https://example.com
[2026-09-18 21:36:31] [INFO] [automation.browser] Opening URL: https://example.com
[2026-09-18 21:36:31] [INFO] [automation.browser] Opening URL: https://example.com
[2026-09-18 21:36:31] [INFO] [automation.browser] Initiating web search for query: 'AssistantX' using engine: google
[2026-09-18 21:36:31] [INFO] [automation.browser] Initiating web search for query: 'AssistantX' using engine: google
[2026-09-18 21:36:31] [INFO] [automation.browser] Initiating web search for query: 'AssistantX' using engine: google
[2026-09-18 21:36:31] [INFO] [automation.browser] Initiating web search for query: 'AssistantX' using engine: google
[2026-09-18 21:36:31] [INFO] [automation.browser] Initiating web search for query: 'AssistantX' using engine: google
[2026-09-18 21:36:31] [INFO] [automation.browser] Initiating web search for query: 'AssistantX' using engine: google
[2026-09-18 21:36:31] [INFO] [automation.browser] Initiating web search for query: 'AssistantX' using engine: google
[2026-09-18 21:36:31] [INFO] [automation.browser] Initiating web search for query: 'AssistantX' using engine: google
[2026-09-18 21:36:31] [INFO] [automation.browser] Initiating web search for query: 'AssistantX' using engine: google
[2026-09-18 21:36:31] [INFO] [automation.browser] Initiating web search for query: 'AssistantX' using engine: google
[2026-09-18 21:36:31] [INFO] [automation.browser] Opening URL: https://example.com
[2026-09-18 21:36:31] [INFO] [automation.browser] Opening URL: https://example.com
[2026-09-18 21:36:31] [INFO] [automation.browser] Opening URL: https://example.com
[2026-09-18 21:36:31] [INFO] [automation.browser] Opening URL: https://example.com
[2026-09-18 21:36:31] [INFO] [automation.browser] Opening URL: https://example.com
[2026-09-18 21:36:31] [INFO] [automation.browser] Opening URL: https://example.com
[2026-09-18 21:36:31] [INFO] [automation.browser] Opening URL: https://example.com
[2026-09-18 21:36:31] [INFO] [automation.browser] Opening URL: https://example.com
[2026-09-18 21:36:31] [INFO] [automation.browser] Opening URL: https://example.com
[2026-09-18 21:36:31] [INFO] [automation.browser] Opening URL: https://example.com
[2026-09-18 21:36:31] [INFO] [automation.browser] Opening URL: https://example.com
[2026-09-18 21:36:31] [INFO] [automation.browser] Initiating web search for query: 'AssistantX AI' using engine: google
[2026-09-18 21:36:31] [INFO] [automation.browser] Opening URL: https://example.org
[2026-09-18 21:36:32] [INFO] [database.migrations] SQLite backup created: C:\Users\User\AppData\Local\Temp\pytest-of-User\pytest-19\test_migration_execution_is_re0\backups\assistantx_test_20260918_153632.db
[2026-09-18 21:36:32] [INFO] [database.migrations] Applying migration 1: Initial schema: conversations, messages, memories, tasks, settings, commands, profile, cache
[2026-09-18 21:36:32] [INFO] [database.migrations] Applying migration 2: Add database metadata table for AssistantX diagnostics
[2026-09-18 21:36:32] [INFO] [database.migrations] Database migration complete: 2 migration(s), schema v2.
[2026-09-18 21:36:32] [INFO] [core.memory] Memory forgotten: delete_test
[2026-09-18 21:36:33] [INFO] [services.search_service] Search for 'AssistantX' returned 0 result(s) via none.
[2026-09-18 21:36:34] [INFO] [automation.system] SystemController initialized on windows.
[2026-09-18 21:36:34] [WARNING] [automation.system] System shutdown requested (delay=5s).
[2026-09-18 21:36:34] [INFO] [automation.system] System action executed: shutdown
[2026-09-18 21:36:34] [WARNING] [automation.system] System restart requested (delay=5s).
[2026-09-18 21:36:34] [INFO] [automation.system] System action executed: restart
[2026-09-18 21:36:34] [INFO] [automation.system] System sleep requested.
[2026-09-18 21:36:34] [INFO] [automation.system] System action executed: sleep
[2026-09-18 21:36:34] [INFO] [automation.system] Setting system volume to 50%.
[2026-09-18 21:36:34] [WARNING] [automation.system] System shutdown requested (delay=5s).
[2026-09-18 21:36:34] [WARNING] [automation.system] System shutdown requested (delay=5s).
[2026-09-18 21:36:34] [WARNING] [automation.system] System shutdown requested (delay=5s).
[2026-09-18 21:36:35] [INFO] [automation.system] System action executed: shutdown
[2026-09-18 21:36:35] [WARNING] [automation.system] System restart requested (delay=5s).
[2026-09-18 21:36:35] [INFO] [automation.system] System action executed: restart
[2026-09-18 21:36:35] [WARNING] [automation.system] System shutdown requested (delay=5s).
[2026-09-18 21:36:35] [INFO] [automation.system] System action executed: shutdown
[2026-09-18 21:36:35] [WARNING] [automation.system] System shutdown requested (delay=5s).
[2026-09-18 21:36:35] [INFO] [automation.system] System action executed: shutdown
[2026-09-18 21:36:35] [WARNING] [automation.system] System shutdown requested (delay=5s).
[2026-09-18 21:36:35] [INFO] [automation.system] System action executed: shutdown
[2026-09-18 21:36:35] [WARNING] [automation.system] System shutdown requested (delay=5s).
[2026-09-18 21:36:35] [INFO] [automation.system] System action executed: shutdown
[2026-09-18 21:36:35] [WARNING] [automation.system] System shutdown requested (delay=5s).
[2026-09-18 21:36:35] [INFO] [automation.system] System action executed: shutdown
[2026-09-18 21:36:35] [WARNING] [automation.system] System restart requested (delay=5s).
[2026-09-18 21:36:35] [INFO] [automation.system] System action executed: restart
[2026-09-18 21:36:35] [WARNING] [automation.system] System restart requested (delay=5s).
[2026-09-18 21:36:35] [INFO] [automation.system] System action executed: restart
[2026-09-18 21:36:35] [WARNING] [automation.system] System restart requested (delay=5s).
[2026-09-18 21:36:35] [INFO] [automation.system] System action executed: restart
[2026-09-18 21:36:35] [WARNING] [automation.system] System restart requested (delay=5s).
[2026-09-18 21:36:35] [INFO] [automation.system] System action executed: restart
[2026-09-18 21:36:35] [WARNING] [automation.system] System restart requested (delay=5s).
[2026-09-18 21:36:35] [INFO] [automation.system] System action executed: restart
[2026-09-18 21:36:35] [WARNING] [automation.system] System shutdown requested (delay=5s).
[2026-09-18 21:36:35] [INFO] [automation.system] System action executed: shutdown
[2026-09-18 21:36:35] [WARNING] [voice.recognizer] SpeechRecognition is not installed. Voice input is unavailable. Install with: pip install SpeechRecognition
[2026-09-18 21:36:35] [WARNING] [voice.speaker] pyttsx3 is not installed. Offline TTS is unavailable. Install it with: pip install pyttsx3
[2026-09-18 21:46:54] [INFO] [AssistantX] Logging initialized (level=INFO, console=True, files=True).
[2026-09-18 21:46:54] [INFO] [core.history] Loaded 0 historical message(s) from C:\MY Another type WEBSIte\AssistantX\data\history.json.
[2026-09-18 21:46:54] [INFO] [core.memory] Loaded 23 memory entr(y/ies) from C:\MY Another type WEBSIte\AssistantX\data\memory.json.
[2026-09-18 21:46:55] [INFO] [core.memory] Memory forgotten: delete_test
[2026-09-18 22:05:08] [INFO] [AssistantX] Logging initialized (level=INFO, console=True, files=True).
[2026-09-18 22:05:08] [INFO] [core.history] Loaded 0 historical message(s) from C:\MY Another type WEBSIte\AssistantX\data\history.json.
[2026-09-18 22:05:08] [WARNING] [core.memory] Skipping invalid memory entry: Memory entry contains an empty key.
[2026-09-18 22:05:08] [WARNING] [core.memory] Skipping invalid memory entry: Memory entry contains an empty key.
[2026-09-18 22:05:08] [WARNING] [core.memory] Skipping invalid memory entry: Memory entry contains an empty key.
[2026-09-18 22:05:08] [WARNING] [core.memory] Skipping invalid memory entry: Memory entry contains an empty key.
[2026-09-18 22:05:08] [WARNING] [core.memory] Skipping invalid memory entry: Memory entry contains an empty key.
[2026-09-18 22:05:08] [WARNING] [core.memory] Skipping invalid memory entry: Memory entry contains an empty key.
[2026-09-18 22:05:08] [WARNING] [core.memory] Skipping invalid memory entry: Memory entry contains an empty key.
[2026-09-18 22:05:08] [WARNING] [core.memory] Skipping invalid memory entry: Memory entry contains an empty key.
[2026-09-18 22:05:08] [WARNING] [core.memory] Skipping invalid memory entry: Memory entry contains an empty key.
[2026-09-18 22:05:08] [WARNING] [core.memory] Skipping invalid memory entry: Memory entry contains an empty key.
[2026-09-18 22:05:08] [WARNING] [core.memory] Skipping invalid memory entry: Memory entry contains an empty key.
[2026-09-18 22:05:08] [WARNING] [core.memory] Skipping invalid memory entry: Memory entry contains an empty key.
[2026-09-18 22:05:08] [WARNING] [core.memory] Skipping invalid memory entry: Memory entry contains an empty key.
[2026-09-18 22:05:08] [WARNING] [core.memory] Skipping invalid memory entry: Memory entry contains an empty key.
[2026-09-18 22:05:08] [WARNING] [core.memory] Skipping invalid memory entry: Memory entry contains an empty key.
[2026-09-18 22:05:08] [WARNING] [core.memory] Skipping invalid memory entry: Memory entry contains an empty key.
[2026-09-18 22:05:08] [WARNING] [core.memory] Skipping invalid memory entry: Memory entry contains an empty key.
[2026-09-18 22:05:08] [WARNING] [core.memory] Skipping invalid memory entry: Memory entry contains an empty key.
[2026-09-18 22:05:08] [WARNING] [core.memory] Skipping invalid memory entry: Memory entry contains an empty key.
[2026-09-18 22:05:08] [WARNING] [core.memory] Skipping invalid memory entry: Memory entry contains an empty key.
[2026-09-18 22:05:08] [WARNING] [core.memory] Skipping invalid memory entry: Memory entry contains an empty key.
[2026-09-18 22:05:08] [WARNING] [core.memory] Skipping invalid memory entry: Memory entry contains an empty key.
[2026-09-18 22:05:08] [WARNING] [core.memory] Skipping invalid memory entry: Memory entry contains an empty key.
[2026-09-18 22:05:08] [INFO] [core.memory] Loaded 0 memory entr(y/ies) from C:\MY Another type WEBSIte\AssistantX\data\memory.json.
[2026-09-18 22:43:54] [INFO] [AssistantX] Logging initialized (level=INFO, console=True, files=True).
[2026-09-18 22:43:54] [INFO] [core.history] Loaded 0 historical message(s) from C:\MY Another type WEBSIte\AssistantX\data\history.json.
[2026-09-18 22:43:54] [INFO] [core.memory] Loaded 23 memory entr(y/ies) from C:\MY Another type WEBSIte\AssistantX\data\memory.json.
[2026-09-18 22:43:55] [ERROR] [ai.provider] [test] API call failed: Test provider error
[2026-09-18 22:43:55] [ERROR] [ai.provider] [test] API call failed: Test provider error
[2026-09-18 22:43:55] [ERROR] [ai.provider] [test] API call failed: Test provider error
[2026-09-18 22:43:55] [WARNING] [ai.provider] Could not initialize provider 'local': 
[2026-09-18 22:43:55] [INFO] [automation.browser] Opening URL: https://example.com
[2026-09-18 22:43:55] [INFO] [automation.browser] Searching 'AssistantX' via Google.
[2026-09-18 22:43:55] [INFO] [automation.files] Copied file 'C:\Users\User\AppData\Local\Temp\pytest-of-User\pytest-22\test_copy_file0\assistantx_test_workspace\sample.txt' -> 'C:\Users\User\AppData\Local\Temp\pytest-of-User\pytest-22\test_copy_file0\assistantx_test_workspace\copy.txt\sample.txt'
[2026-09-18 22:43:55] [INFO] [automation.files] Moved file 'C:\Users\User\AppData\Local\Temp\pytest-of-User\pytest-22\test_move_file0\assistantx_test_workspace\sample.txt' -> 'C:\Users\User\AppData\Local\Temp\pytest-of-User\pytest-22\test_move_file0\assistantx_test_workspace\destination\sample.txt'
[2026-09-18 22:43:55] [WARNING] [automation.files] Deleted file: C:\Users\User\AppData\Local\Temp\pytest-of-User\pytest-22\test_delete_file0\assistantx_test_workspace\sample.txt
[2026-09-18 22:43:55] [INFO] [automation.files] search_files found 1 result(s) for 'sample.txt'.
[2026-09-18 22:43:55] [INFO] [automation.folders] Created folder: C:\Users\User\AppData\Local\Temp\pytest-of-User\pytest-22\test_create_folder0\assistantx_test_workspace\test_folder
[2026-09-18 22:43:55] [INFO] [automation.folders] Created folder: C:\Users\User\AppData\Local\Temp\pytest-of-User\pytest-22\test_create_nested_folder0\assistantx_test_workspace\parent\child
[2026-09-18 22:43:55] [INFO] [automation.folders] Deleted folder: C:\Users\User\AppData\Local\Temp\pytest-of-User\pytest-22\test_delete_folder0\assistantx_test_workspace\remove_me (recursive=False)
[2026-09-18 22:43:55] [INFO] [automation.mouse] MouseController initialized.
[2026-09-18 22:43:55] [INFO] [automation.browser] Opening URL: http://example.com
[2026-09-18 22:43:55] [INFO] [automation.browser] Opening URL: https://example.com
[2026-09-18 22:43:55] [INFO] [automation.browser] Opening URL: https://example.com/path?q=assistantx
[2026-09-18 22:43:55] [INFO] [automation.browser] Opening URL: https://example.com
[2026-09-18 22:43:55] [INFO] [automation.browser] Initiating web search for query: 'Python programming' using engine: google
[2026-09-18 22:43:55] [INFO] [automation.browser] Initiating web search for query: 'AssistantX Python AI' using engine: google
[2026-09-18 22:43:55] [INFO] [automation.browser] Initiating web search for query: 'Python + AI & automation' using engine: google
[2026-09-18 22:43:55] [INFO] [automation.browser] Initiating web search for query: 'বাংলা ভাষা' using engine: google
[2026-09-18 22:43:55] [INFO] [automation.browser] Opening URL: https://example.com
[2026-09-18 22:43:55] [INFO] [automation.browser] Opening URL: http://example.com
[2026-09-18 22:43:55] [INFO] [automation.browser] Opening URL: https://example.com
[2026-09-18 22:43:55] [INFO] [automation.browser] Searching 'latest Python documentation' via Google.
[2026-09-18 22:43:55] [INFO] [automation.browser] Opening URL: https://www.google.com/search?q=latest+Python+documentation
[2026-09-18 22:43:55] [INFO] [automation.browser] Searching 'বাংলাদেশের খবর' via Google.
[2026-09-18 22:43:55] [INFO] [automation.browser] Opening URL: https://www.google.com/search?q=%E0%A6%AC%E0%A6%BE%E0%A6%82%E0%A6%B2%E0%A6%BE%E0%A6%A6%E0%A7%87%E0%A6%B6%E0%A7%87%E0%A6%B0+%E0%A6%96%E0%A6%AC%E0%A6%B0
[2026-09-18 22:43:56] [INFO] [automation.browser] Opening URL: https://example.com
[2026-09-18 22:43:56] [ERROR] [automation.browser] Unexpected browser error while opening 'https://example.com'.
Traceback (most recent call last):
  File "C:\MY Another type WEBSIte\AssistantX\automation\browser.py", line 421, in open_url
    success = webbrowser.open_new_tab(normalized)
  File "C:\Users\User\AppData\Local\Python\pythoncore-3.14-64\Lib\webbrowser.py", line 111, in open_new_tab
    return open(url, 2)
  File "C:\Users\User\AppData\Local\Python\pythoncore-3.14-64\Lib\unittest\mock.py", line 1176, in __call__
    return self._mock_call(*args, **kwargs)
           ~~~~~~~~~~~~~~~^^^^^^^^^^^^^^^^^
  File "C:\Users\User\AppData\Local\Python\pythoncore-3.14-64\Lib\unittest\mock.py", line 1180, in _mock_call
    return self._execute_mock_call(*args, **kwargs)
           ~~~~~~~~~~~~~~~~~~~~~~~^^^^^^^^^^^^^^^^^
  File "C:\Users\User\AppData\Local\Python\pythoncore-3.14-64\Lib\unittest\mock.py", line 1241, in _execute_mock_call
    raise effect
RuntimeError: Browser backend failed
[2026-09-18 22:43:56] [INFO] [automation.browser] Opening URL: https://example.com
[2026-09-18 22:43:56] [ERROR] [automation.browser] Unexpected browser error while opening 'https://example.com'.
Traceback (most recent call last):
  File "C:\MY Another type WEBSIte\AssistantX\automation\browser.py", line 421, in open_url
    success = webbrowser.open_new_tab(normalized)
  File "C:\Users\User\AppData\Local\Python\pythoncore-3.14-64\Lib\webbrowser.py", line 111, in open_new_tab
    return open(url, 2)
  File "C:\Users\User\AppData\Local\Python\pythoncore-3.14-64\Lib\unittest\mock.py", line 1176, in __call__
    return self._mock_call(*args, **kwargs)
           ~~~~~~~~~~~~~~~^^^^^^^^^^^^^^^^^
  File "C:\Users\User\AppData\Local\Python\pythoncore-3.14-64\Lib\unittest\mock.py", line 1180, in _mock_call
    return self._execute_mock_call(*args, **kwargs)
           ~~~~~~~~~~~~~~~~~~~~~~~^^^^^^^^^^^^^^^^^
  File "C:\Users\User\AppData\Local\Python\pythoncore-3.14-64\Lib\unittest\mock.py", line 1241, in _execute_mock_call
    raise effect
OSError: Unable to launch browser
[2026-09-18 22:43:56] [INFO] [automation.browser] Initiating web search for query: 'AssistantX' using engine: google
[2026-09-18 22:43:56] [INFO] [automation.browser] Opening URL: https://example.com
[2026-09-18 22:43:56] [INFO] [automation.browser] Opening URL: https://example.com/
[2026-09-18 22:43:56] [INFO] [automation.browser] Opening URL: https://example.com/path
[2026-09-18 22:43:56] [INFO] [automation.browser] Opening URL: https://example.com/path?q=test
[2026-09-18 22:43:56] [INFO] [automation.browser] Opening URL: https://sub.example.com
[2026-09-18 22:43:56] [INFO] [automation.browser] Opening URL: http://localhost:8000
[2026-09-18 22:43:56] [INFO] [automation.browser] Initiating web search for query: 'python' using engine: google
[2026-09-18 22:43:56] [INFO] [automation.browser] Initiating web search for query: 'python programming' using engine: google
[2026-09-18 22:43:56] [INFO] [automation.browser] Initiating web search for query: 'Python 3.14' using engine: google
[2026-09-18 22:43:56] [INFO] [automation.browser] Initiating web search for query: 'AI assistant' using engine: google
[2026-09-18 22:43:56] [INFO] [automation.browser] Initiating web search for query: 'AssistantX automation' using engine: google
[2026-09-18 22:43:56] [INFO] [automation.browser] Initiating web search for query: 'C++ programming' using engine: google
[2026-09-18 22:43:56] [INFO] [automation.browser] Initiating web search for query: 'email@example.com' using engine: google
[2026-09-18 22:43:56] [INFO] [automation.browser] Initiating web search for query: '100% Python' using engine: google
[2026-09-18 22:43:56] [INFO] [automation.browser] Initiating web search for query: 'বাংলা' using engine: google
[2026-09-18 22:43:56] [INFO] [automation.browser] Initiating web search for query: 'বাংলা Python' using engine: google
[2026-09-18 22:43:56] [INFO] [automation.browser] Opening URL: https://example.com
[2026-09-18 22:43:56] [INFO] [automation.browser] Initiating web search for query: 'AssistantX' using engine: google
[2026-09-18 22:43:56] [INFO] [automation.browser] Opening URL: https://example.com
[2026-09-18 22:43:56] [INFO] [automation.browser] Opening URL: https://example.com
[2026-09-18 22:43:56] [INFO] [automation.browser] Initiating web search for query: 'AssistantX browser automation' using engine: google
[2026-09-18 22:43:56] [INFO] [automation.browser] Opening URL: https://example.com
[2026-09-18 22:43:56] [INFO] [automation.browser] Opening URL: https://example.com
[2026-09-18 22:43:56] [INFO] [automation.browser] Opening URL: https://example.com
[2026-09-18 22:43:56] [INFO] [automation.browser] Opening URL: https://example.com
[2026-09-18 22:43:56] [INFO] [automation.browser] Opening URL: https://example.com
[2026-09-18 22:43:56] [INFO] [automation.browser] Opening URL: https://example.com
[2026-09-18 22:43:56] [INFO] [automation.browser] Opening URL: https://example.com
[2026-09-18 22:43:56] [INFO] [automation.browser] Opening URL: https://example.com
[2026-09-18 22:43:56] [INFO] [automation.browser] Opening URL: https://example.com
[2026-09-18 22:43:56] [INFO] [automation.browser] Opening URL: https://example.com
[2026-09-18 22:43:56] [INFO] [automation.browser] Opening URL: https://example.com
[2026-09-18 22:43:56] [INFO] [automation.browser] Initiating web search for query: 'AssistantX' using engine: google
[2026-09-18 22:43:56] [INFO] [automation.browser] Initiating web search for query: 'AssistantX' using engine: google
[2026-09-18 22:43:56] [INFO] [automation.browser] Initiating web search for query: 'AssistantX' using engine: google
[2026-09-18 22:43:56] [INFO] [automation.browser] Initiating web search for query: 'AssistantX' using engine: google
[2026-09-18 22:43:56] [INFO] [automation.browser] Initiating web search for query: 'AssistantX' using engine: google
[2026-09-18 22:43:56] [INFO] [automation.browser] Initiating web search for query: 'AssistantX' using engine: google
[2026-09-18 22:43:56] [INFO] [automation.browser] Initiating web search for query: 'AssistantX' using engine: google
[2026-09-18 22:43:56] [INFO] [automation.browser] Initiating web search for query: 'AssistantX' using engine: google
[2026-09-18 22:43:56] [INFO] [automation.browser] Initiating web search for query: 'AssistantX' using engine: google
[2026-09-18 22:43:56] [INFO] [automation.browser] Initiating web search for query: 'AssistantX' using engine: google
[2026-09-18 22:43:56] [INFO] [automation.browser] Opening URL: https://example.com
[2026-09-18 22:43:56] [INFO] [automation.browser] Opening URL: https://example.com
[2026-09-18 22:43:56] [INFO] [automation.browser] Opening URL: https://example.com
[2026-09-18 22:43:56] [INFO] [automation.browser] Opening URL: https://example.com
[2026-09-18 22:43:56] [INFO] [automation.browser] Opening URL: https://example.com
[2026-09-18 22:43:56] [INFO] [automation.browser] Opening URL: https://example.com
[2026-09-18 22:43:56] [INFO] [automation.browser] Opening URL: https://example.com
[2026-09-18 22:43:56] [INFO] [automation.browser] Opening URL: https://example.com
[2026-09-18 22:43:56] [INFO] [automation.browser] Opening URL: https://example.com
[2026-09-18 22:43:56] [INFO] [automation.browser] Opening URL: https://example.com
[2026-09-18 22:43:56] [INFO] [automation.browser] Opening URL: https://example.com
[2026-09-18 22:43:56] [INFO] [automation.browser] Initiating web search for query: 'AssistantX AI' using engine: google
[2026-09-18 22:43:56] [INFO] [automation.browser] Opening URL: https://example.org
[2026-09-18 22:43:57] [INFO] [database.migrations] SQLite backup created: C:\Users\User\AppData\Local\Temp\pytest-of-User\pytest-22\test_migration_execution_is_re0\backups\assistantx_test_20260918_164357.db
[2026-09-18 22:43:57] [INFO] [database.migrations] Applying migration 1: Initial schema: conversations, messages, memories, tasks, settings, commands, profile, cache
[2026-09-18 22:43:57] [INFO] [database.migrations] Applying migration 2: Add database metadata table for AssistantX diagnostics
[2026-09-18 22:43:57] [INFO] [database.migrations] Database migration complete: 2 migration(s), schema v2.
[2026-09-18 22:43:57] [INFO] [core.memory] Memory forgotten: delete_test
[2026-09-18 22:43:58] [INFO] [services.search_service] Search for 'AssistantX' returned 0 result(s) via none.
[2026-09-18 22:43:59] [INFO] [automation.system] SystemController initialized on windows.
[2026-09-18 22:43:59] [WARNING] [automation.system] System shutdown requested (delay=5s).
[2026-09-18 22:43:59] [INFO] [automation.system] System action executed: shutdown
[2026-09-18 22:43:59] [WARNING] [automation.system] System restart requested (delay=5s).
[2026-09-18 22:43:59] [INFO] [automation.system] System action executed: restart
[2026-09-18 22:43:59] [INFO] [automation.system] System sleep requested.
[2026-09-18 22:43:59] [INFO] [automation.system] System action executed: sleep
[2026-09-18 22:43:59] [INFO] [automation.system] Setting system volume to 50%.
[2026-09-18 22:43:59] [WARNING] [automation.system] System shutdown requested (delay=5s).
[2026-09-18 22:43:59] [WARNING] [automation.system] System shutdown requested (delay=5s).
[2026-09-18 22:43:59] [WARNING] [automation.system] System shutdown requested (delay=5s).
[2026-09-18 22:43:59] [INFO] [automation.system] System action executed: shutdown
[2026-09-18 22:43:59] [WARNING] [automation.system] System restart requested (delay=5s).
[2026-09-18 22:43:59] [INFO] [automation.system] System action executed: restart
[2026-09-18 22:43:59] [WARNING] [automation.system] System shutdown requested (delay=5s).
[2026-09-18 22:43:59] [INFO] [automation.system] System action executed: shutdown
[2026-09-18 22:43:59] [WARNING] [automation.system] System shutdown requested (delay=5s).
[2026-09-18 22:43:59] [INFO] [automation.system] System action executed: shutdown
[2026-09-18 22:43:59] [WARNING] [automation.system] System shutdown requested (delay=5s).
[2026-09-18 22:43:59] [INFO] [automation.system] System action executed: shutdown
[2026-09-18 22:43:59] [WARNING] [automation.system] System shutdown requested (delay=5s).
[2026-09-18 22:43:59] [INFO] [automation.system] System action executed: shutdown
[2026-09-18 22:43:59] [WARNING] [automation.system] System shutdown requested (delay=5s).
[2026-09-18 22:43:59] [INFO] [automation.system] System action executed: shutdown
[2026-09-18 22:43:59] [WARNING] [automation.system] System restart requested (delay=5s).
[2026-09-18 22:43:59] [INFO] [automation.system] System action executed: restart
[2026-09-18 22:43:59] [WARNING] [automation.system] System restart requested (delay=5s).
[2026-09-18 22:43:59] [INFO] [automation.system] System action executed: restart
[2026-09-18 22:43:59] [WARNING] [automation.system] System restart requested (delay=5s).
[2026-09-18 22:43:59] [INFO] [automation.system] System action executed: restart
[2026-09-18 22:43:59] [WARNING] [automation.system] System restart requested (delay=5s).
[2026-09-18 22:43:59] [INFO] [automation.system] System action executed: restart
[2026-09-18 22:43:59] [WARNING] [automation.system] System restart requested (delay=5s).
[2026-09-18 22:43:59] [INFO] [automation.system] System action executed: restart
[2026-09-18 22:43:59] [WARNING] [automation.system] System shutdown requested (delay=5s).
[2026-09-18 22:43:59] [INFO] [automation.system] System action executed: shutdown
[2026-09-18 22:43:59] [WARNING] [voice.recognizer] SpeechRecognition is not installed. Voice input is unavailable. Install with: pip install SpeechRecognition
[2026-09-18 22:43:59] [WARNING] [voice.speaker] pyttsx3 is not installed. Offline TTS is unavailable. Install it with: pip install pyttsx3
[2026-09-19 17:29:30] [INFO] [AssistantX] Logging initialized (level=INFO, console=True, files=True).
[2026-09-19 17:29:30] [INFO] [core.history] Loaded 0 historical message(s) from C:\MY Another type WEBSIte\AssistantX\data\history.json.
[2026-09-19 17:29:30] [INFO] [core.memory] Loaded 23 memory entr(y/ies) from C:\MY Another type WEBSIte\AssistantX\data\memory.json.
[2026-09-19 17:29:31] [ERROR] [ai.provider] [test] API call failed: Test provider error
[2026-09-19 17:29:31] [ERROR] [ai.provider] [test] API call failed: Test provider error
[2026-09-19 17:29:31] [ERROR] [ai.provider] [test] API call failed: Test provider error
[2026-09-19 17:29:31] [WARNING] [ai.provider] Could not initialize provider 'local': 
[2026-09-19 17:29:31] [INFO] [automation.browser] Opening URL: https://example.com
[2026-09-19 17:29:31] [INFO] [automation.browser] Searching 'AssistantX' via Google.
[2026-09-19 17:29:31] [INFO] [automation.files] Copied file 'C:\Users\User\AppData\Local\Temp\pytest-of-User\pytest-23\test_copy_file0\assistantx_test_workspace\sample.txt' -> 'C:\Users\User\AppData\Local\Temp\pytest-of-User\pytest-23\test_copy_file0\assistantx_test_workspace\copy.txt\sample.txt'
[2026-09-19 17:29:31] [INFO] [automation.files] Moved file 'C:\Users\User\AppData\Local\Temp\pytest-of-User\pytest-23\test_move_file0\assistantx_test_workspace\sample.txt' -> 'C:\Users\User\AppData\Local\Temp\pytest-of-User\pytest-23\test_move_file0\assistantx_test_workspace\destination\sample.txt'
[2026-09-19 17:29:31] [WARNING] [automation.files] Deleted file: C:\Users\User\AppData\Local\Temp\pytest-of-User\pytest-23\test_delete_file0\assistantx_test_workspace\sample.txt
[2026-09-19 17:29:31] [INFO] [automation.files] search_files found 1 result(s) for 'sample.txt'.
[2026-09-19 17:29:31] [INFO] [automation.folders] Created folder: C:\Users\User\AppData\Local\Temp\pytest-of-User\pytest-23\test_create_folder0\assistantx_test_workspace\test_folder
[2026-09-19 17:29:31] [INFO] [automation.folders] Created folder: C:\Users\User\AppData\Local\Temp\pytest-of-User\pytest-23\test_create_nested_folder0\assistantx_test_workspace\parent\child
[2026-09-19 17:29:31] [INFO] [automation.folders] Deleted folder: C:\Users\User\AppData\Local\Temp\pytest-of-User\pytest-23\test_delete_folder0\assistantx_test_workspace\remove_me (recursive=False)
[2026-09-19 17:29:32] [INFO] [automation.mouse] MouseController initialized.
[2026-09-19 17:29:32] [INFO] [automation.browser] Opening URL: http://example.com
[2026-09-19 17:29:32] [INFO] [automation.browser] Opening URL: https://example.com
[2026-09-19 17:29:32] [INFO] [automation.browser] Opening URL: https://example.com/path?q=assistantx
[2026-09-19 17:29:32] [INFO] [automation.browser] Opening URL: https://example.com
[2026-09-19 17:29:32] [INFO] [automation.browser] Initiating web search for query: 'Python programming' using engine: google
[2026-09-19 17:29:32] [INFO] [automation.browser] Initiating web search for query: 'AssistantX Python AI' using engine: google
[2026-09-19 17:29:32] [INFO] [automation.browser] Initiating web search for query: 'Python + AI & automation' using engine: google
[2026-09-19 17:29:32] [INFO] [automation.browser] Initiating web search for query: 'বাংলা ভাষা' using engine: google
[2026-09-19 17:29:33] [INFO] [automation.browser] Opening URL: https://example.com
[2026-09-19 17:29:33] [INFO] [automation.browser] Opening URL: http://example.com
[2026-09-19 17:29:33] [INFO] [automation.browser] Opening URL: https://example.com
[2026-09-19 17:29:33] [INFO] [automation.browser] Searching 'latest Python documentation' via Google.
[2026-09-19 17:29:33] [INFO] [automation.browser] Opening URL: https://www.google.com/search?q=latest+Python+documentation
[2026-09-19 17:29:33] [INFO] [automation.browser] Searching 'বাংলাদেশের খবর' via Google.
[2026-09-19 17:29:33] [INFO] [automation.browser] Opening URL: https://www.google.com/search?q=%E0%A6%AC%E0%A6%BE%E0%A6%82%E0%A6%B2%E0%A6%BE%E0%A6%A6%E0%A7%87%E0%A6%B6%E0%A7%87%E0%A6%B0+%E0%A6%96%E0%A6%AC%E0%A6%B0
[2026-09-19 17:29:33] [INFO] [automation.browser] Opening URL: https://example.com
[2026-09-19 17:29:33] [ERROR] [automation.browser] Unexpected browser error while opening 'https://example.com'.
Traceback (most recent call last):
  File "C:\MY Another type WEBSIte\AssistantX\automation\browser.py", line 421, in open_url
    success = webbrowser.open_new_tab(normalized)
  File "C:\Users\User\AppData\Local\Python\pythoncore-3.14-64\Lib\webbrowser.py", line 111, in open_new_tab
    return open(url, 2)
  File "C:\Users\User\AppData\Local\Python\pythoncore-3.14-64\Lib\unittest\mock.py", line 1176, in __call__
    return self._mock_call(*args, **kwargs)
           ~~~~~~~~~~~~~~~^^^^^^^^^^^^^^^^^
  File "C:\Users\User\AppData\Local\Python\pythoncore-3.14-64\Lib\unittest\mock.py", line 1180, in _mock_call
    return self._execute_mock_call(*args, **kwargs)
           ~~~~~~~~~~~~~~~~~~~~~~~^^^^^^^^^^^^^^^^^
  File "C:\Users\User\AppData\Local\Python\pythoncore-3.14-64\Lib\unittest\mock.py", line 1241, in _execute_mock_call
    raise effect
RuntimeError: Browser backend failed
[2026-09-19 17:29:33] [INFO] [automation.browser] Opening URL: https://example.com
[2026-09-19 17:29:33] [ERROR] [automation.browser] Unexpected browser error while opening 'https://example.com'.
Traceback (most recent call last):
  File "C:\MY Another type WEBSIte\AssistantX\automation\browser.py", line 421, in open_url
    success = webbrowser.open_new_tab(normalized)
  File "C:\Users\User\AppData\Local\Python\pythoncore-3.14-64\Lib\webbrowser.py", line 111, in open_new_tab
    return open(url, 2)
  File "C:\Users\User\AppData\Local\Python\pythoncore-3.14-64\Lib\unittest\mock.py", line 1176, in __call__
    return self._mock_call(*args, **kwargs)
           ~~~~~~~~~~~~~~~^^^^^^^^^^^^^^^^^
  File "C:\Users\User\AppData\Local\Python\pythoncore-3.14-64\Lib\unittest\mock.py", line 1180, in _mock_call
    return self._execute_mock_call(*args, **kwargs)
           ~~~~~~~~~~~~~~~~~~~~~~~^^^^^^^^^^^^^^^^^
  File "C:\Users\User\AppData\Local\Python\pythoncore-3.14-64\Lib\unittest\mock.py", line 1241, in _execute_mock_call
    raise effect
OSError: Unable to launch browser
[2026-09-19 17:29:33] [INFO] [automation.browser] Initiating web search for query: 'AssistantX' using engine: google
[2026-09-19 17:29:33] [INFO] [automation.browser] Opening URL: https://example.com
[2026-09-19 17:29:33] [INFO] [automation.browser] Opening URL: https://example.com/
[2026-09-19 17:29:33] [INFO] [automation.browser] Opening URL: https://example.com/path
[2026-09-19 17:29:33] [INFO] [automation.browser] Opening URL: https://example.com/path?q=test
[2026-09-19 17:29:33] [INFO] [automation.browser] Opening URL: https://sub.example.com
[2026-09-19 17:29:33] [INFO] [automation.browser] Opening URL: http://localhost:8000
[2026-09-19 17:29:33] [INFO] [automation.browser] Initiating web search for query: 'python' using engine: google
[2026-09-19 17:29:33] [INFO] [automation.browser] Initiating web search for query: 'python programming' using engine: google
[2026-09-19 17:29:33] [INFO] [automation.browser] Initiating web search for query: 'Python 3.14' using engine: google
[2026-09-19 17:29:33] [INFO] [automation.browser] Initiating web search for query: 'AI assistant' using engine: google
[2026-09-19 17:29:33] [INFO] [automation.browser] Initiating web search for query: 'AssistantX automation' using engine: google
[2026-09-19 17:29:33] [INFO] [automation.browser] Initiating web search for query: 'C++ programming' using engine: google
[2026-09-19 17:29:33] [INFO] [automation.browser] Initiating web search for query: 'email@example.com' using engine: google
[2026-09-19 17:29:33] [INFO] [automation.browser] Initiating web search for query: '100% Python' using engine: google
[2026-09-19 17:29:33] [INFO] [automation.browser] Initiating web search for query: 'বাংলা' using engine: google
[2026-09-19 17:29:33] [INFO] [automation.browser] Initiating web search for query: 'বাংলা Python' using engine: google
[2026-09-19 17:29:33] [INFO] [automation.browser] Opening URL: https://example.com
[2026-09-19 17:29:33] [INFO] [automation.browser] Initiating web search for query: 'AssistantX' using engine: google
[2026-09-19 17:29:33] [INFO] [automation.browser] Opening URL: https://example.com
[2026-09-19 17:29:33] [INFO] [automation.browser] Opening URL: https://example.com
[2026-09-19 17:29:33] [INFO] [automation.browser] Initiating web search for query: 'AssistantX browser automation' using engine: google
[2026-09-19 17:29:33] [INFO] [automation.browser] Opening URL: https://example.com
[2026-09-19 17:29:33] [INFO] [automation.browser] Opening URL: https://example.com
[2026-09-19 17:29:33] [INFO] [automation.browser] Opening URL: https://example.com
[2026-09-19 17:29:33] [INFO] [automation.browser] Opening URL: https://example.com
[2026-09-19 17:29:33] [INFO] [automation.browser] Opening URL: https://example.com
[2026-09-19 17:29:33] [INFO] [automation.browser] Opening URL: https://example.com
[2026-09-19 17:29:33] [INFO] [automation.browser] Opening URL: https://example.com
[2026-09-19 17:29:33] [INFO] [automation.browser] Opening URL: https://example.com
[2026-09-19 17:29:33] [INFO] [automation.browser] Opening URL: https://example.com
[2026-09-19 17:29:33] [INFO] [automation.browser] Opening URL: https://example.com
[2026-09-19 17:29:33] [INFO] [automation.browser] Opening URL: https://example.com
[2026-09-19 17:29:33] [INFO] [automation.browser] Initiating web search for query: 'AssistantX' using engine: google
[2026-09-19 17:29:33] [INFO] [automation.browser] Initiating web search for query: 'AssistantX' using engine: google
[2026-09-19 17:29:33] [INFO] [automation.browser] Initiating web search for query: 'AssistantX' using engine: google
[2026-09-19 17:29:33] [INFO] [automation.browser] Initiating web search for query: 'AssistantX' using engine: google
[2026-09-19 17:29:33] [INFO] [automation.browser] Initiating web search for query: 'AssistantX' using engine: google
[2026-09-19 17:29:33] [INFO] [automation.browser] Initiating web search for query: 'AssistantX' using engine: google
[2026-09-19 17:29:33] [INFO] [automation.browser] Initiating web search for query: 'AssistantX' using engine: google
[2026-09-19 17:29:33] [INFO] [automation.browser] Initiating web search for query: 'AssistantX' using engine: google
[2026-09-19 17:29:33] [INFO] [automation.browser] Initiating web search for query: 'AssistantX' using engine: google
[2026-09-19 17:29:33] [INFO] [automation.browser] Initiating web search for query: 'AssistantX' using engine: google
[2026-09-19 17:29:33] [INFO] [automation.browser] Opening URL: https://example.com
[2026-09-19 17:29:33] [INFO] [automation.browser] Opening URL: https://example.com
[2026-09-19 17:29:33] [INFO] [automation.browser] Opening URL: https://example.com
[2026-09-19 17:29:33] [INFO] [automation.browser] Opening URL: https://example.com
[2026-09-19 17:29:33] [INFO] [automation.browser] Opening URL: https://example.com
[2026-09-19 17:29:33] [INFO] [automation.browser] Opening URL: https://example.com
[2026-09-19 17:29:33] [INFO] [automation.browser] Opening URL: https://example.com
[2026-09-19 17:29:33] [INFO] [automation.browser] Opening URL: https://example.com
[2026-09-19 17:29:33] [INFO] [automation.browser] Opening URL: https://example.com
[2026-09-19 17:29:33] [INFO] [automation.browser] Opening URL: https://example.com
[2026-09-19 17:29:33] [INFO] [automation.browser] Opening URL: https://example.com
[2026-09-19 17:29:33] [INFO] [automation.browser] Initiating web search for query: 'AssistantX AI' using engine: google
[2026-09-19 17:29:33] [INFO] [automation.browser] Opening URL: https://example.org
[2026-09-19 17:29:34] [INFO] [database.migrations] SQLite backup created: C:\Users\User\AppData\Local\Temp\pytest-of-User\pytest-23\test_migration_execution_is_re0\backups\assistantx_test_20260919_112934.db
[2026-09-19 17:29:34] [INFO] [database.migrations] Applying migration 1: Initial schema: conversations, messages, memories, tasks, settings, commands, profile, cache
[2026-09-19 17:29:34] [INFO] [database.migrations] Applying migration 2: Add database metadata table for AssistantX diagnostics
[2026-09-19 17:29:34] [INFO] [database.migrations] Database migration complete: 2 migration(s), schema v2.
[2026-09-19 17:29:34] [INFO] [core.memory] Memory forgotten: delete_test
[2026-09-19 17:29:37] [INFO] [services.search_service] Search for 'AssistantX' returned 0 result(s) via none.
[2026-09-19 17:29:38] [INFO] [automation.system] SystemController initialized on windows.
[2026-09-19 17:29:38] [WARNING] [automation.system] System shutdown requested (delay=5s).
[2026-09-19 17:29:38] [INFO] [automation.system] System action executed: shutdown
[2026-09-19 17:29:38] [WARNING] [automation.system] System restart requested (delay=5s).
[2026-09-19 17:29:38] [INFO] [automation.system] System action executed: restart
[2026-09-19 17:29:38] [INFO] [automation.system] System sleep requested.
[2026-09-19 17:29:38] [INFO] [automation.system] System action executed: sleep
[2026-09-19 17:29:38] [INFO] [automation.system] Setting system volume to 50%.
[2026-09-19 17:29:38] [WARNING] [automation.system] System shutdown requested (delay=5s).
[2026-09-19 17:29:38] [WARNING] [automation.system] System shutdown requested (delay=5s).
[2026-09-19 17:29:38] [WARNING] [automation.system] System shutdown requested (delay=5s).
[2026-09-19 17:29:38] [INFO] [automation.system] System action executed: shutdown
[2026-09-19 17:29:38] [WARNING] [automation.system] System restart requested (delay=5s).
[2026-09-19 17:29:38] [INFO] [automation.system] System action executed: restart
[2026-09-19 17:29:38] [WARNING] [automation.system] System shutdown requested (delay=5s).
[2026-09-19 17:29:38] [INFO] [automation.system] System action executed: shutdown
[2026-09-19 17:29:38] [WARNING] [automation.system] System shutdown requested (delay=5s).
[2026-09-19 17:29:38] [INFO] [automation.system] System action executed: shutdown
[2026-09-19 17:29:38] [WARNING] [automation.system] System shutdown requested (delay=5s).
[2026-09-19 17:29:38] [INFO] [automation.system] System action executed: shutdown
[2026-09-19 17:29:38] [WARNING] [automation.system] System shutdown requested (delay=5s).
[2026-09-19 17:29:38] [INFO] [automation.system] System action executed: shutdown
[2026-09-19 17:29:38] [WARNING] [automation.system] System shutdown requested (delay=5s).
[2026-09-19 17:29:38] [INFO] [automation.system] System action executed: shutdown
[2026-09-19 17:29:38] [WARNING] [automation.system] System restart requested (delay=5s).
[2026-09-19 17:29:38] [INFO] [automation.system] System action executed: restart
[2026-09-19 17:29:38] [WARNING] [automation.system] System restart requested (delay=5s).
[2026-09-19 17:29:38] [INFO] [automation.system] System action executed: restart
[2026-09-19 17:29:38] [WARNING] [automation.system] System restart requested (delay=5s).
[2026-09-19 17:29:38] [INFO] [automation.system] System action executed: restart
[2026-09-19 17:29:38] [WARNING] [automation.system] System restart requested (delay=5s).
[2026-09-19 17:29:38] [INFO] [automation.system] System action executed: restart
[2026-09-19 17:29:38] [WARNING] [automation.system] System restart requested (delay=5s).
[2026-09-19 17:29:38] [INFO] [automation.system] System action executed: restart
[2026-09-19 17:29:38] [WARNING] [automation.system] System shutdown requested (delay=5s).
[2026-09-19 17:29:38] [INFO] [automation.system] System action executed: shutdown
[2026-09-19 17:29:39] [WARNING] [voice.recognizer] SpeechRecognition is not installed. Voice input is unavailable. Install with: pip install SpeechRecognition
[2026-09-19 17:29:39] [WARNING] [voice.speaker] pyttsx3 is not installed. Offline TTS is unavailable. Install it with: pip install pyttsx3
[2026-09-19 17:39:35] [INFO] [AssistantX] Logging initialized (level=INFO, console=True, files=True).
[2026-09-19 17:39:35] [INFO] [core.history] Loaded 0 historical message(s) from C:\MY Another type WEBSIte\AssistantX\data\history.json.
[2026-09-19 17:39:35] [INFO] [core.memory] Loaded 23 memory entr(y/ies) from C:\MY Another type WEBSIte\AssistantX\data\memory.json.
[2026-09-19 17:39:36] [ERROR] [ai.provider] [test] API call failed: Test provider error
[2026-09-19 17:39:36] [ERROR] [ai.provider] [test] API call failed: Test provider error
[2026-09-19 17:39:36] [ERROR] [ai.provider] [test] API call failed: Test provider error
[2026-09-19 17:39:36] [WARNING] [ai.provider] Could not initialize provider 'local': 
[2026-09-19 17:39:36] [INFO] [automation.browser] Opening URL: https://example.com
[2026-09-19 17:39:36] [INFO] [automation.browser] Searching 'AssistantX' via Google.
[2026-09-19 17:39:36] [INFO] [automation.files] Copied file 'C:\Users\User\AppData\Local\Temp\pytest-of-User\pytest-24\test_copy_file0\assistantx_test_workspace\sample.txt' -> 'C:\Users\User\AppData\Local\Temp\pytest-of-User\pytest-24\test_copy_file0\assistantx_test_workspace\copy.txt\sample.txt'
[2026-09-19 17:39:36] [INFO] [automation.files] Moved file 'C:\Users\User\AppData\Local\Temp\pytest-of-User\pytest-24\test_move_file0\assistantx_test_workspace\sample.txt' -> 'C:\Users\User\AppData\Local\Temp\pytest-of-User\pytest-24\test_move_file0\assistantx_test_workspace\destination\sample.txt'
[2026-09-19 17:39:36] [WARNING] [automation.files] Deleted file: C:\Users\User\AppData\Local\Temp\pytest-of-User\pytest-24\test_delete_file0\assistantx_test_workspace\sample.txt
[2026-09-19 17:39:36] [INFO] [automation.files] search_files found 1 result(s) for 'sample.txt'.
[2026-09-19 17:39:36] [INFO] [automation.folders] Created folder: C:\Users\User\AppData\Local\Temp\pytest-of-User\pytest-24\test_create_folder0\assistantx_test_workspace\test_folder
[2026-09-19 17:39:36] [INFO] [automation.folders] Created folder: C:\Users\User\AppData\Local\Temp\pytest-of-User\pytest-24\test_create_nested_folder0\assistantx_test_workspace\parent\child
[2026-09-19 17:39:36] [INFO] [automation.folders] Deleted folder: C:\Users\User\AppData\Local\Temp\pytest-of-User\pytest-24\test_delete_folder0\assistantx_test_workspace\remove_me (recursive=False)
[2026-09-19 17:39:36] [INFO] [automation.mouse] MouseController initialized.
[2026-09-19 17:39:36] [INFO] [automation.browser] Opening URL: http://example.com
[2026-09-19 17:39:36] [INFO] [automation.browser] Opening URL: https://example.com
[2026-09-19 17:39:36] [INFO] [automation.browser] Opening URL: https://example.com/path?q=assistantx
[2026-09-19 17:39:36] [INFO] [automation.browser] Opening URL: https://example.com
[2026-09-19 17:39:36] [INFO] [automation.browser] Initiating web search for query: 'Python programming' using engine: google
[2026-09-19 17:39:36] [INFO] [automation.browser] Initiating web search for query: 'AssistantX Python AI' using engine: google
[2026-09-19 17:39:36] [INFO] [automation.browser] Initiating web search for query: 'Python + AI & automation' using engine: google
[2026-09-19 17:39:37] [INFO] [automation.browser] Initiating web search for query: 'বাংলা ভাষা' using engine: google
[2026-09-19 17:39:37] [INFO] [automation.browser] Opening URL: https://example.com
[2026-09-19 17:39:37] [INFO] [automation.browser] Opening URL: http://example.com
[2026-09-19 17:39:37] [INFO] [automation.browser] Opening URL: https://example.com
[2026-09-19 17:39:37] [INFO] [automation.browser] Searching 'latest Python documentation' via Google.
[2026-09-19 17:39:37] [INFO] [automation.browser] Opening URL: https://www.google.com/search?q=latest+Python+documentation
[2026-09-19 17:39:37] [INFO] [automation.browser] Searching 'বাংলাদেশের খবর' via Google.
[2026-09-19 17:39:37] [INFO] [automation.browser] Opening URL: https://www.google.com/search?q=%E0%A6%AC%E0%A6%BE%E0%A6%82%E0%A6%B2%E0%A6%BE%E0%A6%A6%E0%A7%87%E0%A6%B6%E0%A7%87%E0%A6%B0+%E0%A6%96%E0%A6%AC%E0%A6%B0
[2026-09-19 17:39:37] [INFO] [automation.browser] Opening URL: https://example.com
[2026-09-19 17:39:37] [ERROR] [automation.browser] Unexpected browser error while opening 'https://example.com'.
Traceback (most recent call last):
  File "C:\MY Another type WEBSIte\AssistantX\automation\browser.py", line 418, in open_url
    success = webbrowser.open_new_tab(normalized)
  File "C:\Users\User\AppData\Local\Python\pythoncore-3.14-64\Lib\webbrowser.py", line 111, in open_new_tab
    return open(url, 2)
  File "C:\Users\User\AppData\Local\Python\pythoncore-3.14-64\Lib\unittest\mock.py", line 1176, in __call__
    return self._mock_call(*args, **kwargs)
           ~~~~~~~~~~~~~~~^^^^^^^^^^^^^^^^^
  File "C:\Users\User\AppData\Local\Python\pythoncore-3.14-64\Lib\unittest\mock.py", line 1180, in _mock_call
    return self._execute_mock_call(*args, **kwargs)
           ~~~~~~~~~~~~~~~~~~~~~~~^^^^^^^^^^^^^^^^^
  File "C:\Users\User\AppData\Local\Python\pythoncore-3.14-64\Lib\unittest\mock.py", line 1241, in _execute_mock_call
    raise effect
RuntimeError: Browser backend failed
[2026-09-19 17:39:37] [INFO] [automation.browser] Opening URL: https://example.com
[2026-09-19 17:39:37] [ERROR] [automation.browser] Unexpected browser error while opening 'https://example.com'.
Traceback (most recent call last):
  File "C:\MY Another type WEBSIte\AssistantX\automation\browser.py", line 418, in open_url
    success = webbrowser.open_new_tab(normalized)
  File "C:\Users\User\AppData\Local\Python\pythoncore-3.14-64\Lib\webbrowser.py", line 111, in open_new_tab
    return open(url, 2)
  File "C:\Users\User\AppData\Local\Python\pythoncore-3.14-64\Lib\unittest\mock.py", line 1176, in __call__
    return self._mock_call(*args, **kwargs)
           ~~~~~~~~~~~~~~~^^^^^^^^^^^^^^^^^
  File "C:\Users\User\AppData\Local\Python\pythoncore-3.14-64\Lib\unittest\mock.py", line 1180, in _mock_call
    return self._execute_mock_call(*args, **kwargs)
           ~~~~~~~~~~~~~~~~~~~~~~~^^^^^^^^^^^^^^^^^
  File "C:\Users\User\AppData\Local\Python\pythoncore-3.14-64\Lib\unittest\mock.py", line 1241, in _execute_mock_call
    raise effect
OSError: Unable to launch browser
[2026-09-19 17:39:37] [INFO] [automation.browser] Initiating web search for query: 'AssistantX' using engine: google
[2026-09-19 17:39:37] [INFO] [automation.browser] Opening URL: https://example.com
[2026-09-19 17:39:37] [INFO] [automation.browser] Opening URL: https://example.com/
[2026-09-19 17:39:37] [INFO] [automation.browser] Opening URL: https://example.com/path
[2026-09-19 17:39:37] [INFO] [automation.browser] Opening URL: https://example.com/path?q=test
[2026-09-19 17:39:37] [INFO] [automation.browser] Opening URL: https://sub.example.com
[2026-09-19 17:39:37] [INFO] [automation.browser] Opening URL: http://localhost:8000
[2026-09-19 17:39:37] [INFO] [automation.browser] Initiating web search for query: 'python' using engine: google
[2026-09-19 17:39:37] [INFO] [automation.browser] Initiating web search for query: 'python programming' using engine: google
[2026-09-19 17:39:37] [INFO] [automation.browser] Initiating web search for query: 'Python 3.14' using engine: google
[2026-09-19 17:39:37] [INFO] [automation.browser] Initiating web search for query: 'AI assistant' using engine: google
[2026-09-19 17:39:37] [INFO] [automation.browser] Initiating web search for query: 'AssistantX automation' using engine: google
[2026-09-19 17:39:37] [INFO] [automation.browser] Initiating web search for query: 'C++ programming' using engine: google
[2026-09-19 17:39:37] [INFO] [automation.browser] Initiating web search for query: 'email@example.com' using engine: google
[2026-09-19 17:39:37] [INFO] [automation.browser] Initiating web search for query: '100% Python' using engine: google
[2026-09-19 17:39:37] [INFO] [automation.browser] Initiating web search for query: 'বাংলা' using engine: google
[2026-09-19 17:39:37] [INFO] [automation.browser] Initiating web search for query: 'বাংলা Python' using engine: google
[2026-09-19 17:39:37] [INFO] [automation.browser] Opening URL: https://example.com
[2026-09-19 17:39:37] [INFO] [automation.browser] Initiating web search for query: 'AssistantX' using engine: google
[2026-09-19 17:39:37] [INFO] [automation.browser] Opening URL: https://example.com
[2026-09-19 17:39:37] [INFO] [automation.browser] Opening URL: https://example.com
[2026-09-19 17:39:37] [INFO] [automation.browser] Initiating web search for query: 'AssistantX browser automation' using engine: google
[2026-09-19 17:39:37] [INFO] [automation.browser] Opening URL: https://example.com
[2026-09-19 17:39:37] [INFO] [automation.browser] Opening URL: https://example.com
[2026-09-19 17:39:37] [INFO] [automation.browser] Opening URL: https://example.com
[2026-09-19 17:39:37] [INFO] [automation.browser] Opening URL: https://example.com
[2026-09-19 17:39:37] [INFO] [automation.browser] Opening URL: https://example.com
[2026-09-19 17:39:37] [INFO] [automation.browser] Opening URL: https://example.com
[2026-09-19 17:39:37] [INFO] [automation.browser] Opening URL: https://example.com
[2026-09-19 17:39:37] [INFO] [automation.browser] Opening URL: https://example.com
[2026-09-19 17:39:37] [INFO] [automation.browser] Opening URL: https://example.com
[2026-09-19 17:39:37] [INFO] [automation.browser] Opening URL: https://example.com
[2026-09-19 17:39:37] [INFO] [automation.browser] Opening URL: https://example.com
[2026-09-19 17:39:37] [INFO] [automation.browser] Initiating web search for query: 'AssistantX' using engine: google
[2026-09-19 17:39:37] [INFO] [automation.browser] Initiating web search for query: 'AssistantX' using engine: google
[2026-09-19 17:39:37] [INFO] [automation.browser] Initiating web search for query: 'AssistantX' using engine: google
[2026-09-19 17:39:37] [INFO] [automation.browser] Initiating web search for query: 'AssistantX' using engine: google
[2026-09-19 17:39:37] [INFO] [automation.browser] Initiating web search for query: 'AssistantX' using engine: google
[2026-09-19 17:39:37] [INFO] [automation.browser] Initiating web search for query: 'AssistantX' using engine: google
[2026-09-19 17:39:37] [INFO] [automation.browser] Initiating web search for query: 'AssistantX' using engine: google
[2026-09-19 17:39:37] [INFO] [automation.browser] Initiating web search for query: 'AssistantX' using engine: google
[2026-09-19 17:39:37] [INFO] [automation.browser] Initiating web search for query: 'AssistantX' using engine: google
[2026-09-19 17:39:37] [INFO] [automation.browser] Initiating web search for query: 'AssistantX' using engine: google
[2026-09-19 17:39:37] [INFO] [automation.browser] Opening URL: https://example.com
[2026-09-19 17:39:37] [INFO] [automation.browser] Opening URL: https://example.com
[2026-09-19 17:39:37] [INFO] [automation.browser] Opening URL: https://example.com
[2026-09-19 17:39:37] [INFO] [automation.browser] Opening URL: https://example.com
[2026-09-19 17:39:37] [INFO] [automation.browser] Opening URL: https://example.com
[2026-09-19 17:39:37] [INFO] [automation.browser] Opening URL: https://example.com
[2026-09-19 17:39:37] [INFO] [automation.browser] Opening URL: https://example.com
[2026-09-19 17:39:37] [INFO] [automation.browser] Opening URL: https://example.com
[2026-09-19 17:39:37] [INFO] [automation.browser] Opening URL: https://example.com
[2026-09-19 17:39:37] [INFO] [automation.browser] Opening URL: https://example.com
[2026-09-19 17:39:37] [INFO] [automation.browser] Opening URL: https://example.com
[2026-09-19 17:39:37] [INFO] [automation.browser] Initiating web search for query: 'AssistantX AI' using engine: google
[2026-09-19 17:39:37] [INFO] [automation.browser] Opening URL: https://example.org
[2026-09-19 17:39:38] [INFO] [database.migrations] SQLite backup created: C:\Users\User\AppData\Local\Temp\pytest-of-User\pytest-24\test_migration_execution_is_re0\backups\assistantx_test_20260919_113938.db
[2026-09-19 17:39:38] [INFO] [database.migrations] Applying migration 1: Initial schema: conversations, messages, memories, tasks, settings, commands, profile, cache
[2026-09-19 17:39:38] [INFO] [database.migrations] Applying migration 2: Add database metadata table for AssistantX diagnostics
[2026-09-19 17:39:38] [INFO] [database.migrations] Database migration complete: 2 migration(s), schema v2.
[2026-09-19 17:39:38] [INFO] [core.memory] Memory forgotten: delete_test
[2026-09-19 17:39:39] [INFO] [services.search_service] Search for 'AssistantX' returned 0 result(s) via none.
[2026-09-19 17:39:40] [INFO] [automation.system] SystemController initialized on windows.
[2026-09-19 17:39:40] [WARNING] [automation.system] System shutdown requested (delay=5s).
[2026-09-19 17:39:40] [INFO] [automation.system] System action executed: shutdown
[2026-09-19 17:39:40] [WARNING] [automation.system] System restart requested (delay=5s).
[2026-09-19 17:39:40] [INFO] [automation.system] System action executed: restart
[2026-09-19 17:39:40] [INFO] [automation.system] System sleep requested.
[2026-09-19 17:39:40] [INFO] [automation.system] System action executed: sleep
[2026-09-19 17:39:40] [INFO] [automation.system] Setting system volume to 50%.
[2026-09-19 17:39:41] [WARNING] [automation.system] System shutdown requested (delay=5s).
[2026-09-19 17:39:41] [WARNING] [automation.system] System shutdown requested (delay=5s).
[2026-09-19 17:39:41] [WARNING] [automation.system] System shutdown requested (delay=5s).
[2026-09-19 17:39:41] [INFO] [automation.system] System action executed: shutdown
[2026-09-19 17:39:41] [WARNING] [automation.system] System restart requested (delay=5s).
[2026-09-19 17:39:41] [INFO] [automation.system] System action executed: restart
[2026-09-19 17:39:41] [WARNING] [automation.system] System shutdown requested (delay=5s).
[2026-09-19 17:39:41] [INFO] [automation.system] System action executed: shutdown
[2026-09-19 17:39:41] [WARNING] [automation.system] System shutdown requested (delay=5s).
[2026-09-19 17:39:41] [INFO] [automation.system] System action executed: shutdown
[2026-09-19 17:39:41] [WARNING] [automation.system] System shutdown requested (delay=5s).
[2026-09-19 17:39:41] [INFO] [automation.system] System action executed: shutdown
[2026-09-19 17:39:41] [WARNING] [automation.system] System shutdown requested (delay=5s).
[2026-09-19 17:39:41] [INFO] [automation.system] System action executed: shutdown
[2026-09-19 17:39:41] [WARNING] [automation.system] System shutdown requested (delay=5s).
[2026-09-19 17:39:41] [INFO] [automation.system] System action executed: shutdown
[2026-09-19 17:39:41] [WARNING] [automation.system] System restart requested (delay=5s).
[2026-09-19 17:39:41] [INFO] [automation.system] System action executed: restart
[2026-09-19 17:39:41] [WARNING] [automation.system] System restart requested (delay=5s).
[2026-09-19 17:39:41] [INFO] [automation.system] System action executed: restart
[2026-09-19 17:39:41] [WARNING] [automation.system] System restart requested (delay=5s).
[2026-09-19 17:39:41] [INFO] [automation.system] System action executed: restart
[2026-09-19 17:39:41] [WARNING] [automation.system] System restart requested (delay=5s).
[2026-09-19 17:39:41] [INFO] [automation.system] System action executed: restart
[2026-09-19 17:39:41] [WARNING] [automation.system] System restart requested (delay=5s).
[2026-09-19 17:39:41] [INFO] [automation.system] System action executed: restart
[2026-09-19 17:39:41] [WARNING] [automation.system] System shutdown requested (delay=5s).
[2026-09-19 17:39:41] [INFO] [automation.system] System action executed: shutdown
[2026-09-19 17:39:41] [WARNING] [voice.recognizer] SpeechRecognition is not installed. Voice input is unavailable. Install with: pip install SpeechRecognition
[2026-09-19 17:39:41] [WARNING] [voice.speaker] pyttsx3 is not installed. Offline TTS is unavailable. Install it with: pip install pyttsx3
[2026-09-19 17:39:52] [INFO] [AssistantX] Logging initialized (level=INFO, console=True, files=True).
[2026-09-19 17:39:52] [INFO] [core.history] Loaded 0 historical message(s) from C:\MY Another type WEBSIte\AssistantX\data\history.json.
[2026-09-19 17:39:52] [INFO] [core.memory] Loaded 23 memory entr(y/ies) from C:\MY Another type WEBSIte\AssistantX\data\memory.json.
[2026-09-19 17:39:52] [ERROR] [ai.provider] [test] API call failed: Test provider error
[2026-09-19 17:39:52] [ERROR] [ai.provider] [test] API call failed: Test provider error
[2026-09-19 17:39:52] [ERROR] [ai.provider] [test] API call failed: Test provider error
[2026-09-19 17:39:52] [WARNING] [ai.provider] Could not initialize provider 'local': 
[2026-09-19 17:39:52] [INFO] [automation.browser] Opening URL: https://example.com
[2026-09-19 17:39:52] [INFO] [automation.browser] Searching 'AssistantX' via Google.
[2026-09-19 17:39:52] [INFO] [automation.files] Copied file 'C:\Users\User\AppData\Local\Temp\pytest-of-User\pytest-25\test_copy_file0\assistantx_test_workspace\sample.txt' -> 'C:\Users\User\AppData\Local\Temp\pytest-of-User\pytest-25\test_copy_file0\assistantx_test_workspace\copy.txt\sample.txt'
[2026-09-19 17:39:53] [INFO] [automation.files] Moved file 'C:\Users\User\AppData\Local\Temp\pytest-of-User\pytest-25\test_move_file0\assistantx_test_workspace\sample.txt' -> 'C:\Users\User\AppData\Local\Temp\pytest-of-User\pytest-25\test_move_file0\assistantx_test_workspace\destination\sample.txt'
[2026-09-19 17:39:53] [WARNING] [automation.files] Deleted file: C:\Users\User\AppData\Local\Temp\pytest-of-User\pytest-25\test_delete_file0\assistantx_test_workspace\sample.txt
[2026-09-19 17:39:53] [INFO] [automation.files] search_files found 1 result(s) for 'sample.txt'.
[2026-09-19 17:39:53] [INFO] [automation.folders] Created folder: C:\Users\User\AppData\Local\Temp\pytest-of-User\pytest-25\test_create_folder0\assistantx_test_workspace\test_folder
[2026-09-19 17:39:53] [INFO] [automation.folders] Created folder: C:\Users\User\AppData\Local\Temp\pytest-of-User\pytest-25\test_create_nested_folder0\assistantx_test_workspace\parent\child
[2026-09-19 17:39:53] [INFO] [automation.folders] Deleted folder: C:\Users\User\AppData\Local\Temp\pytest-of-User\pytest-25\test_delete_folder0\assistantx_test_workspace\remove_me (recursive=False)
[2026-09-19 17:39:53] [INFO] [automation.mouse] MouseController initialized.
[2026-09-19 17:39:53] [INFO] [automation.browser] Opening URL: http://example.com
[2026-09-19 17:39:53] [INFO] [automation.browser] Opening URL: https://example.com
[2026-09-19 17:39:53] [INFO] [automation.browser] Opening URL: https://example.com/path?q=assistantx
[2026-09-19 17:39:53] [INFO] [automation.browser] Opening URL: https://example.com
[2026-09-19 17:39:53] [INFO] [automation.browser] Initiating web search for query: 'Python programming' using engine: google
[2026-09-19 17:39:53] [INFO] [automation.browser] Initiating web search for query: 'AssistantX Python AI' using engine: google
[2026-09-19 17:39:53] [INFO] [automation.browser] Initiating web search for query: 'Python + AI & automation' using engine: google
[2026-09-19 17:39:53] [INFO] [automation.browser] Initiating web search for query: 'বাংলা ভাষা' using engine: google
[2026-09-19 17:39:53] [INFO] [automation.browser] Opening URL: https://example.com
[2026-09-19 17:39:53] [INFO] [automation.browser] Opening URL: http://example.com
[2026-09-19 17:39:53] [INFO] [automation.browser] Opening URL: https://example.com
[2026-09-19 17:39:53] [INFO] [automation.browser] Searching 'latest Python documentation' via Google.
[2026-09-19 17:39:53] [INFO] [automation.browser] Opening URL: https://www.google.com/search?q=latest+Python+documentation
[2026-09-19 17:39:53] [INFO] [automation.browser] Searching 'বাংলাদেশের খবর' via Google.
[2026-09-19 17:39:53] [INFO] [automation.browser] Opening URL: https://www.google.com/search?q=%E0%A6%AC%E0%A6%BE%E0%A6%82%E0%A6%B2%E0%A6%BE%E0%A6%A6%E0%A7%87%E0%A6%B6%E0%A7%87%E0%A6%B0+%E0%A6%96%E0%A6%AC%E0%A6%B0
[2026-09-19 17:39:53] [INFO] [automation.browser] Opening URL: https://example.com
[2026-09-19 17:39:53] [ERROR] [automation.browser] Unexpected browser error while opening 'https://example.com'.
Traceback (most recent call last):
  File "C:\MY Another type WEBSIte\AssistantX\automation\browser.py", line 418, in open_url
    success = webbrowser.open_new_tab(normalized)
  File "C:\Users\User\AppData\Local\Python\pythoncore-3.14-64\Lib\webbrowser.py", line 111, in open_new_tab
    return open(url, 2)
  File "C:\Users\User\AppData\Local\Python\pythoncore-3.14-64\Lib\unittest\mock.py", line 1176, in __call__
    return self._mock_call(*args, **kwargs)
           ~~~~~~~~~~~~~~~^^^^^^^^^^^^^^^^^
  File "C:\Users\User\AppData\Local\Python\pythoncore-3.14-64\Lib\unittest\mock.py", line 1180, in _mock_call
    return self._execute_mock_call(*args, **kwargs)
           ~~~~~~~~~~~~~~~~~~~~~~~^^^^^^^^^^^^^^^^^
  File "C:\Users\User\AppData\Local\Python\pythoncore-3.14-64\Lib\unittest\mock.py", line 1241, in _execute_mock_call
    raise effect
RuntimeError: Browser backend failed
[2026-09-19 17:39:53] [INFO] [automation.browser] Opening URL: https://example.com
[2026-09-19 17:39:53] [ERROR] [automation.browser] Unexpected browser error while opening 'https://example.com'.
Traceback (most recent call last):
  File "C:\MY Another type WEBSIte\AssistantX\automation\browser.py", line 418, in open_url
    success = webbrowser.open_new_tab(normalized)
  File "C:\Users\User\AppData\Local\Python\pythoncore-3.14-64\Lib\webbrowser.py", line 111, in open_new_tab
    return open(url, 2)
  File "C:\Users\User\AppData\Local\Python\pythoncore-3.14-64\Lib\unittest\mock.py", line 1176, in __call__
    return self._mock_call(*args, **kwargs)
           ~~~~~~~~~~~~~~~^^^^^^^^^^^^^^^^^
  File "C:\Users\User\AppData\Local\Python\pythoncore-3.14-64\Lib\unittest\mock.py", line 1180, in _mock_call
    return self._execute_mock_call(*args, **kwargs)
           ~~~~~~~~~~~~~~~~~~~~~~~^^^^^^^^^^^^^^^^^
  File "C:\Users\User\AppData\Local\Python\pythoncore-3.14-64\Lib\unittest\mock.py", line 1241, in _execute_mock_call
    raise effect
OSError: Unable to launch browser
[2026-09-19 17:39:53] [INFO] [automation.browser] Initiating web search for query: 'AssistantX' using engine: google
[2026-09-19 17:39:53] [INFO] [automation.browser] Opening URL: https://example.com
[2026-09-19 17:39:53] [INFO] [automation.browser] Opening URL: https://example.com/
[2026-09-19 17:39:53] [INFO] [automation.browser] Opening URL: https://example.com/path
[2026-09-19 17:39:53] [INFO] [automation.browser] Opening URL: https://example.com/path?q=test
[2026-09-19 17:39:53] [INFO] [automation.browser] Opening URL: https://sub.example.com
[2026-09-19 17:39:53] [INFO] [automation.browser] Opening URL: http://localhost:8000
[2026-09-19 17:39:53] [INFO] [automation.browser] Initiating web search for query: 'python' using engine: google
[2026-09-19 17:39:53] [INFO] [automation.browser] Initiating web search for query: 'python programming' using engine: google
[2026-09-19 17:39:53] [INFO] [automation.browser] Initiating web search for query: 'Python 3.14' using engine: google
[2026-09-19 17:39:53] [INFO] [automation.browser] Initiating web search for query: 'AI assistant' using engine: google
[2026-09-19 17:39:53] [INFO] [automation.browser] Initiating web search for query: 'AssistantX automation' using engine: google
[2026-09-19 17:39:53] [INFO] [automation.browser] Initiating web search for query: 'C++ programming' using engine: google
[2026-09-19 17:39:53] [INFO] [automation.browser] Initiating web search for query: 'email@example.com' using engine: google
[2026-09-19 17:39:54] [INFO] [automation.browser] Initiating web search for query: '100% Python' using engine: google
[2026-09-19 17:39:54] [INFO] [automation.browser] Initiating web search for query: 'বাংলা' using engine: google
[2026-09-19 17:39:54] [INFO] [automation.browser] Initiating web search for query: 'বাংলা Python' using engine: google
[2026-09-19 17:39:54] [INFO] [automation.browser] Opening URL: https://example.com
[2026-09-19 17:39:54] [INFO] [automation.browser] Initiating web search for query: 'AssistantX' using engine: google
[2026-09-19 17:39:54] [INFO] [automation.browser] Opening URL: https://example.com
[2026-09-19 17:39:54] [INFO] [automation.browser] Opening URL: https://example.com
[2026-09-19 17:39:54] [INFO] [automation.browser] Initiating web search for query: 'AssistantX browser automation' using engine: google
[2026-09-19 17:39:54] [INFO] [automation.browser] Opening URL: https://example.com
[2026-09-19 17:39:54] [INFO] [automation.browser] Opening URL: https://example.com
[2026-09-19 17:39:54] [INFO] [automation.browser] Opening URL: https://example.com
[2026-09-19 17:39:54] [INFO] [automation.browser] Opening URL: https://example.com
[2026-09-19 17:39:54] [INFO] [automation.browser] Opening URL: https://example.com
[2026-09-19 17:39:54] [INFO] [automation.browser] Opening URL: https://example.com
[2026-09-19 17:39:54] [INFO] [automation.browser] Opening URL: https://example.com
[2026-09-19 17:39:54] [INFO] [automation.browser] Opening URL: https://example.com
[2026-09-19 17:39:54] [INFO] [automation.browser] Opening URL: https://example.com
[2026-09-19 17:39:54] [INFO] [automation.browser] Opening URL: https://example.com
[2026-09-19 17:39:54] [INFO] [automation.browser] Opening URL: https://example.com
[2026-09-19 17:39:54] [INFO] [automation.browser] Initiating web search for query: 'AssistantX' using engine: google
[2026-09-19 17:39:54] [INFO] [automation.browser] Initiating web search for query: 'AssistantX' using engine: google
[2026-09-19 17:39:54] [INFO] [automation.browser] Initiating web search for query: 'AssistantX' using engine: google
[2026-09-19 17:39:54] [INFO] [automation.browser] Initiating web search for query: 'AssistantX' using engine: google
[2026-09-19 17:39:54] [INFO] [automation.browser] Initiating web search for query: 'AssistantX' using engine: google
[2026-09-19 17:39:54] [INFO] [automation.browser] Initiating web search for query: 'AssistantX' using engine: google
[2026-09-19 17:39:54] [INFO] [automation.browser] Initiating web search for query: 'AssistantX' using engine: google
[2026-09-19 17:39:54] [INFO] [automation.browser] Initiating web search for query: 'AssistantX' using engine: google
[2026-09-19 17:39:54] [INFO] [automation.browser] Initiating web search for query: 'AssistantX' using engine: google
[2026-09-19 17:39:54] [INFO] [automation.browser] Initiating web search for query: 'AssistantX' using engine: google
[2026-09-19 17:39:54] [INFO] [automation.browser] Opening URL: https://example.com
[2026-09-19 17:39:54] [INFO] [automation.browser] Opening URL: https://example.com
[2026-09-19 17:39:54] [INFO] [automation.browser] Opening URL: https://example.com
[2026-09-19 17:39:54] [INFO] [automation.browser] Opening URL: https://example.com
[2026-09-19 17:39:54] [INFO] [automation.browser] Opening URL: https://example.com
[2026-09-19 17:39:54] [INFO] [automation.browser] Opening URL: https://example.com
[2026-09-19 17:39:54] [INFO] [automation.browser] Opening URL: https://example.com
[2026-09-19 17:39:54] [INFO] [automation.browser] Opening URL: https://example.com
[2026-09-19 17:39:54] [INFO] [automation.browser] Opening URL: https://example.com
[2026-09-19 17:39:54] [INFO] [automation.browser] Opening URL: https://example.com
[2026-09-19 17:39:54] [INFO] [automation.browser] Opening URL: https://example.com
[2026-09-19 17:39:54] [INFO] [automation.browser] Initiating web search for query: 'AssistantX AI' using engine: google
[2026-09-19 17:39:54] [INFO] [automation.browser] Opening URL: https://example.org
[2026-09-19 17:39:55] [INFO] [database.migrations] SQLite backup created: C:\Users\User\AppData\Local\Temp\pytest-of-User\pytest-25\test_migration_execution_is_re0\backups\assistantx_test_20260919_113955.db
[2026-09-19 17:39:55] [INFO] [database.migrations] Applying migration 1: Initial schema: conversations, messages, memories, tasks, settings, commands, profile, cache
[2026-09-19 17:39:55] [INFO] [database.migrations] Applying migration 2: Add database metadata table for AssistantX diagnostics
[2026-09-19 17:39:55] [INFO] [database.migrations] Database migration complete: 2 migration(s), schema v2.
[2026-09-19 17:39:55] [INFO] [core.memory] Memory forgotten: delete_test
[2026-09-19 17:39:55] [INFO] [services.search_service] Search for 'AssistantX' returned 0 result(s) via none.
[2026-09-19 17:39:56] [INFO] [automation.system] SystemController initialized on windows.
[2026-09-19 17:39:56] [WARNING] [automation.system] System shutdown requested (delay=5s).
[2026-09-19 17:39:56] [INFO] [automation.system] System action executed: shutdown
[2026-09-19 17:39:56] [WARNING] [automation.system] System restart requested (delay=5s).
[2026-09-19 17:39:56] [INFO] [automation.system] System action executed: restart
[2026-09-19 17:39:56] [INFO] [automation.system] System sleep requested.
[2026-09-19 17:39:56] [INFO] [automation.system] System action executed: sleep
[2026-09-19 17:39:56] [INFO] [automation.system] Setting system volume to 50%.
[2026-09-19 17:39:56] [WARNING] [automation.system] System shutdown requested (delay=5s).
[2026-09-19 17:39:57] [WARNING] [automation.system] System shutdown requested (delay=5s).
[2026-09-19 17:39:57] [WARNING] [automation.system] System shutdown requested (delay=5s).
[2026-09-19 17:39:57] [INFO] [automation.system] System action executed: shutdown
[2026-09-19 17:39:57] [WARNING] [automation.system] System restart requested (delay=5s).
[2026-09-19 17:39:57] [INFO] [automation.system] System action executed: restart
[2026-09-19 17:39:57] [WARNING] [automation.system] System shutdown requested (delay=5s).
[2026-09-19 17:39:57] [INFO] [automation.system] System action executed: shutdown
[2026-09-19 17:39:57] [WARNING] [automation.system] System shutdown requested (delay=5s).
[2026-09-19 17:39:57] [INFO] [automation.system] System action executed: shutdown
[2026-09-19 17:39:57] [WARNING] [automation.system] System shutdown requested (delay=5s).
[2026-09-19 17:39:57] [INFO] [automation.system] System action executed: shutdown
[2026-09-19 17:39:57] [WARNING] [automation.system] System shutdown requested (delay=5s).
[2026-09-19 17:39:57] [INFO] [automation.system] System action executed: shutdown
[2026-09-19 17:39:57] [WARNING] [automation.system] System shutdown requested (delay=5s).
[2026-09-19 17:39:57] [INFO] [automation.system] System action executed: shutdown
[2026-09-19 17:39:57] [WARNING] [automation.system] System restart requested (delay=5s).
[2026-09-19 17:39:57] [INFO] [automation.system] System action executed: restart
[2026-09-19 17:39:57] [WARNING] [automation.system] System restart requested (delay=5s).
[2026-09-19 17:39:57] [INFO] [automation.system] System action executed: restart
[2026-09-19 17:39:57] [WARNING] [automation.system] System restart requested (delay=5s).
[2026-09-19 17:39:57] [INFO] [automation.system] System action executed: restart
[2026-09-19 17:39:57] [WARNING] [automation.system] System restart requested (delay=5s).
[2026-09-19 17:39:57] [INFO] [automation.system] System action executed: restart
[2026-09-19 17:39:57] [WARNING] [automation.system] System restart requested (delay=5s).
[2026-09-19 17:39:57] [INFO] [automation.system] System action executed: restart
[2026-09-19 17:39:57] [WARNING] [automation.system] System shutdown requested (delay=5s).
[2026-09-19 17:39:57] [INFO] [automation.system] System action executed: shutdown
[2026-09-19 17:39:57] [WARNING] [voice.recognizer] SpeechRecognition is not installed. Voice input is unavailable. Install with: pip install SpeechRecognition
[2026-09-19 17:39:57] [WARNING] [voice.speaker] pyttsx3 is not installed. Offline TTS is unavailable. Install it with: pip install pyttsx3
[2026-09-19 17:39:59] [INFO] [AssistantX] Logging initialized (level=INFO, console=True, files=True).
[2026-09-19 17:39:59] [INFO] [core.history] Loaded 0 historical message(s) from C:\MY Another type WEBSIte\AssistantX\data\history.json.
[2026-09-19 17:39:59] [INFO] [core.memory] Loaded 23 memory entr(y/ies) from C:\MY Another type WEBSIte\AssistantX\data\memory.json.
[2026-09-19 17:40:00] [ERROR] [ai.provider] [test] API call failed: Test provider error
[2026-09-19 17:40:00] [ERROR] [ai.provider] [test] API call failed: Test provider error
[2026-09-19 17:40:00] [ERROR] [ai.provider] [test] API call failed: Test provider error
[2026-09-19 17:40:00] [WARNING] [ai.provider] Could not initialize provider 'local': 
[2026-09-19 17:40:00] [INFO] [automation.browser] Opening URL: https://example.com
[2026-09-19 17:40:00] [INFO] [automation.browser] Searching 'AssistantX' via Google.
[2026-09-19 17:40:00] [INFO] [automation.files] Copied file 'C:\Users\User\AppData\Local\Temp\pytest-of-User\pytest-26\test_copy_file0\assistantx_test_workspace\sample.txt' -> 'C:\Users\User\AppData\Local\Temp\pytest-of-User\pytest-26\test_copy_file0\assistantx_test_workspace\copy.txt\sample.txt'
[2026-09-19 17:40:00] [INFO] [automation.files] Moved file 'C:\Users\User\AppData\Local\Temp\pytest-of-User\pytest-26\test_move_file0\assistantx_test_workspace\sample.txt' -> 'C:\Users\User\AppData\Local\Temp\pytest-of-User\pytest-26\test_move_file0\assistantx_test_workspace\destination\sample.txt'
[2026-09-19 17:40:00] [WARNING] [automation.files] Deleted file: C:\Users\User\AppData\Local\Temp\pytest-of-User\pytest-26\test_delete_file0\assistantx_test_workspace\sample.txt
[2026-09-19 17:40:00] [INFO] [automation.files] search_files found 1 result(s) for 'sample.txt'.
[2026-09-19 17:40:00] [INFO] [automation.folders] Created folder: C:\Users\User\AppData\Local\Temp\pytest-of-User\pytest-26\test_create_folder0\assistantx_test_workspace\test_folder
[2026-09-19 17:40:00] [INFO] [automation.folders] Created folder: C:\Users\User\AppData\Local\Temp\pytest-of-User\pytest-26\test_create_nested_folder0\assistantx_test_workspace\parent\child
[2026-09-19 17:40:00] [INFO] [automation.folders] Deleted folder: C:\Users\User\AppData\Local\Temp\pytest-of-User\pytest-26\test_delete_folder0\assistantx_test_workspace\remove_me (recursive=False)
[2026-09-19 17:40:00] [INFO] [automation.mouse] MouseController initialized.
[2026-09-19 17:40:00] [INFO] [automation.browser] Opening URL: http://example.com
[2026-09-19 17:40:00] [INFO] [automation.browser] Opening URL: https://example.com
[2026-09-19 17:40:00] [INFO] [automation.browser] Opening URL: https://example.com/path?q=assistantx
[2026-09-19 17:40:00] [INFO] [automation.browser] Opening URL: https://example.com
[2026-09-19 17:40:00] [INFO] [automation.browser] Initiating web search for query: 'Python programming' using engine: google
[2026-09-19 17:40:01] [INFO] [automation.browser] Initiating web search for query: 'AssistantX Python AI' using engine: google
[2026-09-19 17:40:01] [INFO] [automation.browser] Initiating web search for query: 'Python + AI & automation' using engine: google
[2026-09-19 17:40:01] [INFO] [automation.browser] Initiating web search for query: 'বাংলা ভাষা' using engine: google
[2026-09-19 17:40:01] [INFO] [automation.browser] Opening URL: https://example.com
[2026-09-19 17:40:01] [INFO] [automation.browser] Opening URL: http://example.com
[2026-09-19 17:40:01] [INFO] [automation.browser] Opening URL: https://example.com
[2026-09-19 17:40:01] [INFO] [automation.browser] Searching 'latest Python documentation' via Google.
[2026-09-19 17:40:01] [INFO] [automation.browser] Opening URL: https://www.google.com/search?q=latest+Python+documentation
[2026-09-19 17:40:01] [INFO] [automation.browser] Searching 'বাংলাদেশের খবর' via Google.
[2026-09-19 17:40:01] [INFO] [automation.browser] Opening URL: https://www.google.com/search?q=%E0%A6%AC%E0%A6%BE%E0%A6%82%E0%A6%B2%E0%A6%BE%E0%A6%A6%E0%A7%87%E0%A6%B6%E0%A7%87%E0%A6%B0+%E0%A6%96%E0%A6%AC%E0%A6%B0
[2026-09-19 17:40:01] [INFO] [automation.browser] Opening URL: https://example.com
[2026-09-19 17:40:01] [ERROR] [automation.browser] Unexpected browser error while opening 'https://example.com'.
Traceback (most recent call last):
  File "C:\MY Another type WEBSIte\AssistantX\automation\browser.py", line 418, in open_url
    success = webbrowser.open_new_tab(normalized)
  File "C:\Users\User\AppData\Local\Python\pythoncore-3.14-64\Lib\webbrowser.py", line 111, in open_new_tab
    return open(url, 2)
  File "C:\Users\User\AppData\Local\Python\pythoncore-3.14-64\Lib\unittest\mock.py", line 1176, in __call__
    return self._mock_call(*args, **kwargs)
           ~~~~~~~~~~~~~~~^^^^^^^^^^^^^^^^^
  File "C:\Users\User\AppData\Local\Python\pythoncore-3.14-64\Lib\unittest\mock.py", line 1180, in _mock_call
    return self._execute_mock_call(*args, **kwargs)
           ~~~~~~~~~~~~~~~~~~~~~~~^^^^^^^^^^^^^^^^^
  File "C:\Users\User\AppData\Local\Python\pythoncore-3.14-64\Lib\unittest\mock.py", line 1241, in _execute_mock_call
    raise effect
RuntimeError: Browser backend failed
[2026-09-19 17:40:01] [INFO] [automation.browser] Opening URL: https://example.com
[2026-09-19 17:40:01] [ERROR] [automation.browser] Unexpected browser error while opening 'https://example.com'.
Traceback (most recent call last):
  File "C:\MY Another type WEBSIte\AssistantX\automation\browser.py", line 418, in open_url
    success = webbrowser.open_new_tab(normalized)
  File "C:\Users\User\AppData\Local\Python\pythoncore-3.14-64\Lib\webbrowser.py", line 111, in open_new_tab
    return open(url, 2)
  File "C:\Users\User\AppData\Local\Python\pythoncore-3.14-64\Lib\unittest\mock.py", line 1176, in __call__
    return self._mock_call(*args, **kwargs)
           ~~~~~~~~~~~~~~~^^^^^^^^^^^^^^^^^
  File "C:\Users\User\AppData\Local\Python\pythoncore-3.14-64\Lib\unittest\mock.py", line 1180, in _mock_call
    return self._execute_mock_call(*args, **kwargs)
           ~~~~~~~~~~~~~~~~~~~~~~~^^^^^^^^^^^^^^^^^
  File "C:\Users\User\AppData\Local\Python\pythoncore-3.14-64\Lib\unittest\mock.py", line 1241, in _execute_mock_call
    raise effect
OSError: Unable to launch browser
[2026-09-19 17:40:01] [INFO] [automation.browser] Initiating web search for query: 'AssistantX' using engine: google
[2026-09-19 17:40:01] [INFO] [automation.browser] Opening URL: https://example.com
[2026-09-19 17:40:01] [INFO] [automation.browser] Opening URL: https://example.com/
[2026-09-19 17:40:01] [INFO] [automation.browser] Opening URL: https://example.com/path
[2026-09-19 17:40:01] [INFO] [automation.browser] Opening URL: https://example.com/path?q=test
[2026-09-19 17:40:01] [INFO] [automation.browser] Opening URL: https://sub.example.com
[2026-09-19 17:40:01] [INFO] [automation.browser] Opening URL: http://localhost:8000
[2026-09-19 17:40:01] [INFO] [automation.browser] Initiating web search for query: 'python' using engine: google
[2026-09-19 17:40:01] [INFO] [automation.browser] Initiating web search for query: 'python programming' using engine: google
[2026-09-19 17:40:01] [INFO] [automation.browser] Initiating web search for query: 'Python 3.14' using engine: google
[2026-09-19 17:40:01] [INFO] [automation.browser] Initiating web search for query: 'AI assistant' using engine: google
[2026-09-19 17:40:01] [INFO] [automation.browser] Initiating web search for query: 'AssistantX automation' using engine: google
[2026-09-19 17:40:01] [INFO] [automation.browser] Initiating web search for query: 'C++ programming' using engine: google
[2026-09-19 17:40:01] [INFO] [automation.browser] Initiating web search for query: 'email@example.com' using engine: google
[2026-09-19 17:40:01] [INFO] [automation.browser] Initiating web search for query: '100% Python' using engine: google
[2026-09-19 17:40:01] [INFO] [automation.browser] Initiating web search for query: 'বাংলা' using engine: google
[2026-09-19 17:40:01] [INFO] [automation.browser] Initiating web search for query: 'বাংলা Python' using engine: google
[2026-09-19 17:40:01] [INFO] [automation.browser] Opening URL: https://example.com
[2026-09-19 17:40:01] [INFO] [automation.browser] Initiating web search for query: 'AssistantX' using engine: google
[2026-09-19 17:40:01] [INFO] [automation.browser] Opening URL: https://example.com
[2026-09-19 17:40:01] [INFO] [automation.browser] Opening URL: https://example.com
[2026-09-19 17:40:01] [INFO] [automation.browser] Initiating web search for query: 'AssistantX browser automation' using engine: google
[2026-09-19 17:40:01] [INFO] [automation.browser] Opening URL: https://example.com
[2026-09-19 17:40:01] [INFO] [automation.browser] Opening URL: https://example.com
[2026-09-19 17:40:01] [INFO] [automation.browser] Opening URL: https://example.com
[2026-09-19 17:40:01] [INFO] [automation.browser] Opening URL: https://example.com
[2026-09-19 17:40:01] [INFO] [automation.browser] Opening URL: https://example.com
[2026-09-19 17:40:01] [INFO] [automation.browser] Opening URL: https://example.com
[2026-09-19 17:40:01] [INFO] [automation.browser] Opening URL: https://example.com
[2026-09-19 17:40:01] [INFO] [automation.browser] Opening URL: https://example.com
[2026-09-19 17:40:01] [INFO] [automation.browser] Opening URL: https://example.com
[2026-09-19 17:40:01] [INFO] [automation.browser] Opening URL: https://example.com
[2026-09-19 17:40:01] [INFO] [automation.browser] Opening URL: https://example.com
[2026-09-19 17:40:01] [INFO] [automation.browser] Initiating web search for query: 'AssistantX' using engine: google
[2026-09-19 17:40:01] [INFO] [automation.browser] Initiating web search for query: 'AssistantX' using engine: google
[2026-09-19 17:40:01] [INFO] [automation.browser] Initiating web search for query: 'AssistantX' using engine: google
[2026-09-19 17:40:01] [INFO] [automation.browser] Initiating web search for query: 'AssistantX' using engine: google
[2026-09-19 17:40:01] [INFO] [automation.browser] Initiating web search for query: 'AssistantX' using engine: google
[2026-09-19 17:40:01] [INFO] [automation.browser] Initiating web search for query: 'AssistantX' using engine: google
[2026-09-19 17:40:01] [INFO] [automation.browser] Initiating web search for query: 'AssistantX' using engine: google
[2026-09-19 17:40:01] [INFO] [automation.browser] Initiating web search for query: 'AssistantX' using engine: google
[2026-09-19 17:40:01] [INFO] [automation.browser] Initiating web search for query: 'AssistantX' using engine: google
[2026-09-19 17:40:01] [INFO] [automation.browser] Initiating web search for query: 'AssistantX' using engine: google
[2026-09-19 17:40:01] [INFO] [automation.browser] Opening URL: https://example.com
[2026-09-19 17:40:01] [INFO] [automation.browser] Opening URL: https://example.com
[2026-09-19 17:40:01] [INFO] [automation.browser] Opening URL: https://example.com
[2026-09-19 17:40:01] [INFO] [automation.browser] Opening URL: https://example.com
[2026-09-19 17:40:01] [INFO] [automation.browser] Opening URL: https://example.com
[2026-09-19 17:40:01] [INFO] [automation.browser] Opening URL: https://example.com
[2026-09-19 17:40:01] [INFO] [automation.browser] Opening URL: https://example.com
[2026-09-19 17:40:01] [INFO] [automation.browser] Opening URL: https://example.com
[2026-09-19 17:40:01] [INFO] [automation.browser] Opening URL: https://example.com
[2026-09-19 17:40:01] [INFO] [automation.browser] Opening URL: https://example.com
[2026-09-19 17:40:01] [INFO] [automation.browser] Opening URL: https://example.com
[2026-09-19 17:40:01] [INFO] [automation.browser] Initiating web search for query: 'AssistantX AI' using engine: google
[2026-09-19 17:40:01] [INFO] [automation.browser] Opening URL: https://example.org
[2026-09-19 17:40:02] [INFO] [database.migrations] SQLite backup created: C:\Users\User\AppData\Local\Temp\pytest-of-User\pytest-26\test_migration_execution_is_re0\backups\assistantx_test_20260919_114002.db
[2026-09-19 17:40:02] [INFO] [database.migrations] Applying migration 1: Initial schema: conversations, messages, memories, tasks, settings, commands, profile, cache
[2026-09-19 17:40:02] [INFO] [database.migrations] Applying migration 2: Add database metadata table for AssistantX diagnostics
[2026-09-19 17:40:02] [INFO] [database.migrations] Database migration complete: 2 migration(s), schema v2.
[2026-09-19 17:40:02] [INFO] [core.memory] Memory forgotten: delete_test
[2026-09-19 17:40:03] [INFO] [services.search_service] Search for 'AssistantX' returned 0 result(s) via none.
[2026-09-19 17:40:04] [INFO] [automation.system] SystemController initialized on windows.
[2026-09-19 17:40:04] [WARNING] [automation.system] System shutdown requested (delay=5s).
[2026-09-19 17:40:04] [INFO] [automation.system] System action executed: shutdown
[2026-09-19 17:40:04] [WARNING] [automation.system] System restart requested (delay=5s).
[2026-09-19 17:40:04] [INFO] [automation.system] System action executed: restart
[2026-09-19 17:40:04] [INFO] [automation.system] System sleep requested.
[2026-09-19 17:40:04] [INFO] [automation.system] System action executed: sleep
[2026-09-19 17:40:04] [INFO] [automation.system] Setting system volume to 50%.
[2026-09-19 17:40:04] [WARNING] [automation.system] System shutdown requested (delay=5s).
[2026-09-19 17:40:04] [WARNING] [automation.system] System shutdown requested (delay=5s).
[2026-09-19 17:40:04] [WARNING] [automation.system] System shutdown requested (delay=5s).
[2026-09-19 17:40:04] [INFO] [automation.system] System action executed: shutdown
[2026-09-19 17:40:04] [WARNING] [automation.system] System restart requested (delay=5s).
[2026-09-19 17:40:04] [INFO] [automation.system] System action executed: restart
[2026-09-19 17:40:04] [WARNING] [automation.system] System shutdown requested (delay=5s).
[2026-09-19 17:40:04] [INFO] [automation.system] System action executed: shutdown
[2026-09-19 17:40:04] [WARNING] [automation.system] System shutdown requested (delay=5s).
[2026-09-19 17:40:04] [INFO] [automation.system] System action executed: shutdown
[2026-09-19 17:40:04] [WARNING] [automation.system] System shutdown requested (delay=5s).
[2026-09-19 17:40:04] [INFO] [automation.system] System action executed: shutdown
[2026-09-19 17:40:04] [WARNING] [automation.system] System shutdown requested (delay=5s).
[2026-09-19 17:40:04] [INFO] [automation.system] System action executed: shutdown
[2026-09-19 17:40:04] [WARNING] [automation.system] System shutdown requested (delay=5s).
[2026-09-19 17:40:04] [INFO] [automation.system] System action executed: shutdown
[2026-09-19 17:40:04] [WARNING] [automation.system] System restart requested (delay=5s).
[2026-09-19 17:40:04] [INFO] [automation.system] System action executed: restart
[2026-09-19 17:40:04] [WARNING] [automation.system] System restart requested (delay=5s).
[2026-09-19 17:40:04] [INFO] [automation.system] System action executed: restart
[2026-09-19 17:40:04] [WARNING] [automation.system] System restart requested (delay=5s).
[2026-09-19 17:40:04] [INFO] [automation.system] System action executed: restart
[2026-09-19 17:40:04] [WARNING] [automation.system] System restart requested (delay=5s).
[2026-09-19 17:40:04] [INFO] [automation.system] System action executed: restart
[2026-09-19 17:40:04] [WARNING] [automation.system] System restart requested (delay=5s).
[2026-09-19 17:40:04] [INFO] [automation.system] System action executed: restart
[2026-09-19 17:40:04] [WARNING] [automation.system] System shutdown requested (delay=5s).
[2026-09-19 17:40:04] [INFO] [automation.system] System action executed: shutdown
[2026-09-19 17:40:04] [WARNING] [voice.recognizer] SpeechRecognition is not installed. Voice input is unavailable. Install with: pip install SpeechRecognition
[2026-09-19 17:40:04] [WARNING] [voice.speaker] pyttsx3 is not installed. Offline TTS is unavailable. Install it with: pip install pyttsx3
[2026-09-19 19:12:31] [INFO] [AssistantX] Logging initialized (level=INFO, console=True, files=True).
[2026-09-19 19:12:31] [INFO] [core.history] Loaded 0 historical message(s) from C:\MY Another type WEBSIte\AssistantX\data\history.json.
[2026-09-19 19:12:31] [INFO] [core.memory] Loaded 23 memory entr(y/ies) from C:\MY Another type WEBSIte\AssistantX\data\memory.json.
[2026-09-19 19:12:31] [INFO] [core.memory] Memory forgotten: delete_test
[2026-09-19 19:15:38] [INFO] [AssistantX] Logging initialized (level=INFO, console=True, files=True).
[2026-09-19 19:15:38] [INFO] [core.history] Loaded 0 historical message(s) from C:\MY Another type WEBSIte\AssistantX\data\history.json.
[2026-09-19 19:15:38] [INFO] [core.memory] Loaded 23 memory entr(y/ies) from C:\MY Another type WEBSIte\AssistantX\data\memory.json.
[2026-09-19 19:15:38] [INFO] [core.memory] Memory forgotten: delete_test
[2026-09-19 19:23:54] [INFO] [AssistantX] Logging initialized (level=INFO, console=True, files=True).
[2026-09-19 19:23:54] [INFO] [core.history] Loaded 0 historical message(s) from C:\MY Another type WEBSIte\AssistantX\data\history.json.
[2026-09-19 19:23:54] [INFO] [core.memory] Loaded 23 memory entr(y/ies) from C:\MY Another type WEBSIte\AssistantX\data\memory.json.
[2026-09-19 19:23:55] [INFO] [core.memory] Memory forgotten: delete_test
[2026-09-19 19:24:55] [INFO] [AssistantX] Logging initialized (level=INFO, console=True, files=True).
[2026-09-19 19:24:55] [INFO] [core.history] Loaded 0 historical message(s) from C:\MY Another type WEBSIte\AssistantX\data\history.json.
[2026-09-19 19:24:55] [INFO] [core.memory] Loaded 23 memory entr(y/ies) from C:\MY Another type WEBSIte\AssistantX\data\memory.json.
[2026-09-19 19:24:55] [INFO] [automation.files] Copied file 'C:\Users\User\AppData\Local\Temp\pytest-of-User\pytest-30\test_copy_file0\assistantx_test_workspace\sample.txt' -> 'C:\Users\User\AppData\Local\Temp\pytest-of-User\pytest-30\test_copy_file0\assistantx_test_workspace\copy.txt\sample.txt'
[2026-09-19 19:24:55] [INFO] [automation.files] Moved file 'C:\Users\User\AppData\Local\Temp\pytest-of-User\pytest-30\test_move_file0\assistantx_test_workspace\sample.txt' -> 'C:\Users\User\AppData\Local\Temp\pytest-of-User\pytest-30\test_move_file0\assistantx_test_workspace\destination\sample.txt'
[2026-09-19 19:24:55] [WARNING] [automation.files] Deleted file: C:\Users\User\AppData\Local\Temp\pytest-of-User\pytest-30\test_delete_file0\assistantx_test_workspace\sample.txt
[2026-09-19 19:24:55] [INFO] [automation.files] search_files found 1 result(s) for 'sample.txt'.
[2026-09-19 20:16:54] [INFO] [AssistantX] Logging initialized (level=INFO, console=True, files=True).
[2026-09-19 20:16:54] [INFO] [core.history] Loaded 0 historical message(s) from C:\MY Another type WEBSIte\AssistantX\data\history.json.
[2026-09-19 20:16:54] [INFO] [core.memory] Loaded 23 memory entr(y/ies) from C:\MY Another type WEBSIte\AssistantX\data\memory.json.
[2026-09-19 20:16:54] [ERROR] [ai.provider] [test] API call failed: Test provider error
[2026-09-19 20:16:54] [ERROR] [ai.provider] [test] API call failed: Test provider error
[2026-09-19 20:16:54] [ERROR] [ai.provider] [test] API call failed: Test provider error
[2026-09-19 20:16:54] [WARNING] [ai.provider] Could not initialize provider 'local': 
[2026-09-19 20:16:54] [INFO] [automation.browser] Opening URL: https://example.com
[2026-09-19 20:16:54] [INFO] [automation.browser] Searching 'AssistantX' via Google.
[2026-09-19 20:16:54] [INFO] [automation.files] Copied file 'C:\Users\User\AppData\Local\Temp\pytest-of-User\pytest-31\test_copy_file0\assistantx_test_workspace\sample.txt' -> 'C:\Users\User\AppData\Local\Temp\pytest-of-User\pytest-31\test_copy_file0\assistantx_test_workspace\copy.txt\sample.txt'
[2026-09-19 20:16:54] [INFO] [automation.files] Moved file 'C:\Users\User\AppData\Local\Temp\pytest-of-User\pytest-31\test_move_file0\assistantx_test_workspace\sample.txt' -> 'C:\Users\User\AppData\Local\Temp\pytest-of-User\pytest-31\test_move_file0\assistantx_test_workspace\destination\sample.txt'
[2026-09-19 20:16:54] [WARNING] [automation.files] Deleted file: C:\Users\User\AppData\Local\Temp\pytest-of-User\pytest-31\test_delete_file0\assistantx_test_workspace\sample.txt
[2026-09-19 20:16:54] [INFO] [automation.files] search_files found 1 result(s) for 'sample.txt'.
[2026-09-19 20:16:54] [INFO] [automation.folders] Created folder: C:\Users\User\AppData\Local\Temp\pytest-of-User\pytest-31\test_create_folder0\assistantx_test_workspace\test_folder
[2026-09-19 20:16:54] [INFO] [automation.folders] Created folder: C:\Users\User\AppData\Local\Temp\pytest-of-User\pytest-31\test_create_nested_folder0\assistantx_test_workspace\parent\child
[2026-09-19 20:16:54] [INFO] [automation.folders] Deleted folder: C:\Users\User\AppData\Local\Temp\pytest-of-User\pytest-31\test_delete_folder0\assistantx_test_workspace\remove_me (recursive=False)
[2026-09-19 20:16:54] [INFO] [automation.mouse] MouseController initialized.
[2026-09-19 20:16:55] [INFO] [automation.browser] Opening URL: http://example.com
[2026-09-19 20:16:55] [INFO] [automation.browser] Opening URL: https://example.com
[2026-09-19 20:16:55] [INFO] [automation.browser] Opening URL: https://example.com/path?q=assistantx
[2026-09-19 20:16:55] [INFO] [automation.browser] Opening URL: https://example.com
[2026-09-19 20:16:55] [INFO] [automation.browser] Initiating web search for query: 'Python programming' using engine: google
[2026-09-19 20:16:55] [INFO] [automation.browser] Initiating web search for query: 'AssistantX Python AI' using engine: google
[2026-09-19 20:16:55] [INFO] [automation.browser] Initiating web search for query: 'Python + AI & automation' using engine: google
[2026-09-19 20:16:55] [INFO] [automation.browser] Initiating web search for query: 'বাংলা ভাষা' using engine: google
[2026-09-19 20:16:55] [INFO] [automation.browser] Opening URL: https://example.com
[2026-09-19 20:16:55] [INFO] [automation.browser] Opening URL: http://example.com
[2026-09-19 20:16:55] [INFO] [automation.browser] Opening URL: https://example.com
[2026-09-19 20:16:55] [INFO] [automation.browser] Searching 'latest Python documentation' via Google.
[2026-09-19 20:16:55] [INFO] [automation.browser] Opening URL: https://www.google.com/search?q=latest+Python+documentation
[2026-09-19 20:16:55] [INFO] [automation.browser] Searching 'বাংলাদেশের খবর' via Google.
[2026-09-19 20:16:55] [INFO] [automation.browser] Opening URL: https://www.google.com/search?q=%E0%A6%AC%E0%A6%BE%E0%A6%82%E0%A6%B2%E0%A6%BE%E0%A6%A6%E0%A7%87%E0%A6%B6%E0%A7%87%E0%A6%B0+%E0%A6%96%E0%A6%AC%E0%A6%B0
[2026-09-19 20:16:55] [INFO] [automation.browser] Opening URL: https://example.com
[2026-09-19 20:16:55] [ERROR] [automation.browser] Unexpected browser error while opening 'https://example.com'.
Traceback (most recent call last):
  File "C:\MY Another type WEBSIte\AssistantX\automation\browser.py", line 418, in open_url
    success = webbrowser.open_new_tab(normalized)
  File "C:\Users\User\AppData\Local\Python\pythoncore-3.14-64\Lib\webbrowser.py", line 111, in open_new_tab
    return open(url, 2)
  File "C:\Users\User\AppData\Local\Python\pythoncore-3.14-64\Lib\unittest\mock.py", line 1176, in __call__
    return self._mock_call(*args, **kwargs)
           ~~~~~~~~~~~~~~~^^^^^^^^^^^^^^^^^
  File "C:\Users\User\AppData\Local\Python\pythoncore-3.14-64\Lib\unittest\mock.py", line 1180, in _mock_call
    return self._execute_mock_call(*args, **kwargs)
           ~~~~~~~~~~~~~~~~~~~~~~~^^^^^^^^^^^^^^^^^
  File "C:\Users\User\AppData\Local\Python\pythoncore-3.14-64\Lib\unittest\mock.py", line 1241, in _execute_mock_call
    raise effect
RuntimeError: Browser backend failed
[2026-09-19 20:16:55] [INFO] [automation.browser] Opening URL: https://example.com
[2026-09-19 20:16:55] [ERROR] [automation.browser] Unexpected browser error while opening 'https://example.com'.
Traceback (most recent call last):
  File "C:\MY Another type WEBSIte\AssistantX\automation\browser.py", line 418, in open_url
    success = webbrowser.open_new_tab(normalized)
  File "C:\Users\User\AppData\Local\Python\pythoncore-3.14-64\Lib\webbrowser.py", line 111, in open_new_tab
    return open(url, 2)
  File "C:\Users\User\AppData\Local\Python\pythoncore-3.14-64\Lib\unittest\mock.py", line 1176, in __call__
    return self._mock_call(*args, **kwargs)
           ~~~~~~~~~~~~~~~^^^^^^^^^^^^^^^^^
  File "C:\Users\User\AppData\Local\Python\pythoncore-3.14-64\Lib\unittest\mock.py", line 1180, in _mock_call
    return self._execute_mock_call(*args, **kwargs)
           ~~~~~~~~~~~~~~~~~~~~~~~^^^^^^^^^^^^^^^^^
  File "C:\Users\User\AppData\Local\Python\pythoncore-3.14-64\Lib\unittest\mock.py", line 1241, in _execute_mock_call
    raise effect
OSError: Unable to launch browser
[2026-09-19 20:16:55] [INFO] [automation.browser] Initiating web search for query: 'AssistantX' using engine: google
[2026-09-19 20:16:55] [INFO] [automation.browser] Opening URL: https://example.com
[2026-09-19 20:16:55] [INFO] [automation.browser] Opening URL: https://example.com/
[2026-09-19 20:16:55] [INFO] [automation.browser] Opening URL: https://example.com/path
[2026-09-19 20:16:55] [INFO] [automation.browser] Opening URL: https://example.com/path?q=test
[2026-09-19 20:16:55] [INFO] [automation.browser] Opening URL: https://sub.example.com
[2026-09-19 20:16:55] [INFO] [automation.browser] Opening URL: http://localhost:8000
[2026-09-19 20:16:55] [INFO] [automation.browser] Initiating web search for query: 'python' using engine: google
[2026-09-19 20:16:55] [INFO] [automation.browser] Initiating web search for query: 'python programming' using engine: google
[2026-09-19 20:16:55] [INFO] [automation.browser] Initiating web search for query: 'Python 3.14' using engine: google
[2026-09-19 20:16:55] [INFO] [automation.browser] Initiating web search for query: 'AI assistant' using engine: google
[2026-09-19 20:16:55] [INFO] [automation.browser] Initiating web search for query: 'AssistantX automation' using engine: google
[2026-09-19 20:16:55] [INFO] [automation.browser] Initiating web search for query: 'C++ programming' using engine: google
[2026-09-19 20:16:55] [INFO] [automation.browser] Initiating web search for query: 'email@example.com' using engine: google
[2026-09-19 20:16:55] [INFO] [automation.browser] Initiating web search for query: '100% Python' using engine: google
[2026-09-19 20:16:55] [INFO] [automation.browser] Initiating web search for query: 'বাংলা' using engine: google
[2026-09-19 20:16:55] [INFO] [automation.browser] Initiating web search for query: 'বাংলা Python' using engine: google
[2026-09-19 20:16:56] [INFO] [automation.browser] Opening URL: https://example.com
[2026-09-19 20:16:56] [INFO] [automation.browser] Initiating web search for query: 'AssistantX' using engine: google
[2026-09-19 20:16:56] [INFO] [automation.browser] Opening URL: https://example.com
[2026-09-19 20:16:56] [INFO] [automation.browser] Opening URL: https://example.com
[2026-09-19 20:16:56] [INFO] [automation.browser] Initiating web search for query: 'AssistantX browser automation' using engine: google
[2026-09-19 20:16:56] [INFO] [automation.browser] Opening URL: https://example.com
[2026-09-19 20:16:56] [INFO] [automation.browser] Opening URL: https://example.com
[2026-09-19 20:16:56] [INFO] [automation.browser] Opening URL: https://example.com
[2026-09-19 20:16:56] [INFO] [automation.browser] Opening URL: https://example.com
[2026-09-19 20:16:56] [INFO] [automation.browser] Opening URL: https://example.com
[2026-09-19 20:16:56] [INFO] [automation.browser] Opening URL: https://example.com
[2026-09-19 20:16:56] [INFO] [automation.browser] Opening URL: https://example.com
[2026-09-19 20:16:56] [INFO] [automation.browser] Opening URL: https://example.com
[2026-09-19 20:16:56] [INFO] [automation.browser] Opening URL: https://example.com
[2026-09-19 20:16:56] [INFO] [automation.browser] Opening URL: https://example.com
[2026-09-19 20:16:56] [INFO] [automation.browser] Opening URL: https://example.com
[2026-09-19 20:16:56] [INFO] [automation.browser] Initiating web search for query: 'AssistantX' using engine: google
[2026-09-19 20:16:56] [INFO] [automation.browser] Initiating web search for query: 'AssistantX' using engine: google
[2026-09-19 20:16:56] [INFO] [automation.browser] Initiating web search for query: 'AssistantX' using engine: google
[2026-09-19 20:16:56] [INFO] [automation.browser] Initiating web search for query: 'AssistantX' using engine: google
[2026-09-19 20:16:56] [INFO] [automation.browser] Initiating web search for query: 'AssistantX' using engine: google
[2026-09-19 20:16:56] [INFO] [automation.browser] Initiating web search for query: 'AssistantX' using engine: google
[2026-09-19 20:16:56] [INFO] [automation.browser] Initiating web search for query: 'AssistantX' using engine: google
[2026-09-19 20:16:56] [INFO] [automation.browser] Initiating web search for query: 'AssistantX' using engine: google
[2026-09-19 20:16:56] [INFO] [automation.browser] Initiating web search for query: 'AssistantX' using engine: google
[2026-09-19 20:16:56] [INFO] [automation.browser] Initiating web search for query: 'AssistantX' using engine: google
[2026-09-19 20:16:56] [INFO] [automation.browser] Opening URL: https://example.com
[2026-09-19 20:16:56] [INFO] [automation.browser] Opening URL: https://example.com
[2026-09-19 20:16:56] [INFO] [automation.browser] Opening URL: https://example.com
[2026-09-19 20:16:56] [INFO] [automation.browser] Opening URL: https://example.com
[2026-09-19 20:16:56] [INFO] [automation.browser] Opening URL: https://example.com
[2026-09-19 20:16:56] [INFO] [automation.browser] Opening URL: https://example.com
[2026-09-19 20:16:56] [INFO] [automation.browser] Opening URL: https://example.com
[2026-09-19 20:16:56] [INFO] [automation.browser] Opening URL: https://example.com
[2026-09-19 20:16:56] [INFO] [automation.browser] Opening URL: https://example.com
[2026-09-19 20:16:56] [INFO] [automation.browser] Opening URL: https://example.com
[2026-09-19 20:16:56] [INFO] [automation.browser] Opening URL: https://example.com
[2026-09-19 20:16:56] [INFO] [automation.browser] Initiating web search for query: 'AssistantX AI' using engine: google
[2026-09-19 20:16:56] [INFO] [automation.browser] Opening URL: https://example.org
[2026-09-19 20:16:56] [INFO] [database.migrations] SQLite backup created: C:\Users\User\AppData\Local\Temp\pytest-of-User\pytest-31\test_migration_execution_is_re0\backups\assistantx_test_20260919_141656.db
[2026-09-19 20:16:56] [INFO] [database.migrations] Applying migration 1: Initial schema: conversations, messages, memories, tasks, settings, commands, profile, cache
[2026-09-19 20:16:56] [INFO] [database.migrations] Applying migration 2: Add database metadata table for AssistantX diagnostics
[2026-09-19 20:16:56] [INFO] [database.migrations] Database migration complete: 2 migration(s), schema v2.
[2026-09-19 20:16:57] [INFO] [core.memory] Memory forgotten: delete_test
[2026-09-19 20:16:57] [INFO] [services.search_service] Search for 'AssistantX' returned 0 result(s) via none.
[2026-09-19 20:16:58] [INFO] [automation.system] SystemController initialized on windows.
[2026-09-19 20:16:58] [WARNING] [automation.system] System shutdown requested (delay=5s).
[2026-09-19 20:16:58] [INFO] [automation.system] System action executed: shutdown
[2026-09-19 20:16:58] [WARNING] [automation.system] System restart requested (delay=5s).
[2026-09-19 20:16:58] [INFO] [automation.system] System action executed: restart
[2026-09-19 20:16:58] [INFO] [automation.system] System sleep requested.
[2026-09-19 20:16:58] [INFO] [automation.system] System action executed: sleep
[2026-09-19 20:16:58] [INFO] [automation.system] Setting system volume to 50%.
[2026-09-19 20:16:59] [WARNING] [automation.system] System shutdown requested (delay=5s).
[2026-09-19 20:16:59] [WARNING] [automation.system] System shutdown requested (delay=5s).
[2026-09-19 20:16:59] [WARNING] [automation.system] System shutdown requested (delay=5s).
[2026-09-19 20:16:59] [INFO] [automation.system] System action executed: shutdown
[2026-09-19 20:16:59] [WARNING] [automation.system] System restart requested (delay=5s).
[2026-09-19 20:16:59] [INFO] [automation.system] System action executed: restart
[2026-09-19 20:16:59] [WARNING] [automation.system] System shutdown requested (delay=5s).
[2026-09-19 20:16:59] [INFO] [automation.system] System action executed: shutdown
[2026-09-19 20:16:59] [WARNING] [automation.system] System shutdown requested (delay=5s).
[2026-09-19 20:16:59] [INFO] [automation.system] System action executed: shutdown
[2026-09-19 20:16:59] [WARNING] [automation.system] System shutdown requested (delay=5s).
[2026-09-19 20:16:59] [INFO] [automation.system] System action executed: shutdown
[2026-09-19 20:16:59] [WARNING] [automation.system] System shutdown requested (delay=5s).
[2026-09-19 20:16:59] [INFO] [automation.system] System action executed: shutdown
[2026-09-19 20:16:59] [WARNING] [automation.system] System shutdown requested (delay=5s).
[2026-09-19 20:16:59] [INFO] [automation.system] System action executed: shutdown
[2026-09-19 20:16:59] [WARNING] [automation.system] System restart requested (delay=5s).
[2026-09-19 20:16:59] [INFO] [automation.system] System action executed: restart
[2026-09-19 20:16:59] [WARNING] [automation.system] System restart requested (delay=5s).
[2026-09-19 20:16:59] [INFO] [automation.system] System action executed: restart
[2026-09-19 20:16:59] [WARNING] [automation.system] System restart requested (delay=5s).
[2026-09-19 20:16:59] [INFO] [automation.system] System action executed: restart
[2026-09-19 20:16:59] [WARNING] [automation.system] System restart requested (delay=5s).
[2026-09-19 20:16:59] [INFO] [automation.system] System action executed: restart
[2026-09-19 20:16:59] [WARNING] [automation.system] System restart requested (delay=5s).
[2026-09-19 20:16:59] [INFO] [automation.system] System action executed: restart
[2026-09-19 20:16:59] [WARNING] [automation.system] System shutdown requested (delay=5s).
[2026-09-19 20:16:59] [INFO] [automation.system] System action executed: shutdown
[2026-09-19 20:16:59] [WARNING] [voice.recognizer] SpeechRecognition is not installed. Voice input is unavailable. Install with: pip install SpeechRecognition
[2026-09-19 20:16:59] [WARNING] [voice.speaker] pyttsx3 is not installed. Offline TTS is unavailable. Install it with: pip install pyttsx3
[2026-09-20 19:18:49] [INFO] [AssistantX] Logging initialized (level=INFO, console=True, files=True).
[2026-09-20 19:18:49] [INFO] [core.history] Loaded 0 historical message(s) from C:\MY Another type WEBSIte\AssistantX\data\history.json.
[2026-09-20 19:18:49] [INFO] [core.memory] Loaded 23 memory entr(y/ies) from C:\MY Another type WEBSIte\AssistantX\data\memory.json.
[2026-09-20 19:18:50] [ERROR] [ai.provider] [test] API call failed: Test provider error
[2026-09-20 19:18:50] [ERROR] [ai.provider] [test] API call failed: Test provider error
[2026-09-20 19:18:50] [ERROR] [ai.provider] [test] API call failed: Test provider error
[2026-09-20 19:18:50] [WARNING] [ai.provider] Could not initialize provider 'local': 
[2026-09-20 19:18:50] [INFO] [automation.browser] Opening URL: https://example.com
[2026-09-20 19:18:50] [INFO] [automation.browser] Searching 'AssistantX' via Google.
[2026-09-20 19:18:50] [INFO] [automation.files] Created file: C:\Users\User\Desktop\created.txt
[2026-09-20 19:18:50] [INFO] [automation.files] Renamed file 'C:\Users\User\AppData\Local\Temp\pytest-of-User\pytest-32\test_rename_file0\assistantx_test_workspace\sample.txt' -> 'C:\Users\User\AppData\Local\Temp\pytest-of-User\pytest-32\test_rename_file0\assistantx_test_workspace\renamed.txt'
[2026-09-20 19:18:50] [INFO] [automation.files] Copied file 'C:\Users\User\AppData\Local\Temp\pytest-of-User\pytest-32\test_copy_file0\assistantx_test_workspace\sample.txt' -> 'C:\Users\User\AppData\Local\Temp\pytest-of-User\pytest-32\test_copy_file0\assistantx_test_workspace\copy.txt\sample.txt'
[2026-09-20 19:18:50] [INFO] [automation.files] Moved file 'C:\Users\User\AppData\Local\Temp\pytest-of-User\pytest-32\test_move_file0\assistantx_test_workspace\sample.txt' -> 'C:\Users\User\AppData\Local\Temp\pytest-of-User\pytest-32\test_move_file0\assistantx_test_workspace\destination\sample.txt'
[2026-09-20 19:18:50] [WARNING] [automation.files] Deleted file: C:\Users\User\AppData\Local\Temp\pytest-of-User\pytest-32\test_delete_file0\assistantx_test_workspace\sample.txt
[2026-09-20 19:18:50] [INFO] [automation.files] search_files found 1 result(s) for 'sample.txt'.
[2026-09-20 19:18:50] [INFO] [automation.folders] Created folder: C:\Users\User\AppData\Local\Temp\pytest-of-User\pytest-32\test_create_folder0\assistantx_test_workspace\test_folder
[2026-09-20 19:18:50] [INFO] [automation.folders] Created folder: C:\Users\User\AppData\Local\Temp\pytest-of-User\pytest-32\test_create_nested_folder0\assistantx_test_workspace\parent\child
[2026-09-20 19:18:50] [INFO] [automation.folders] Deleted folder: C:\Users\User\AppData\Local\Temp\pytest-of-User\pytest-32\test_delete_folder0\assistantx_test_workspace\remove_me (recursive=False)
[2026-09-20 19:18:50] [INFO] [automation.mouse] MouseController initialized.
[2026-09-20 19:18:51] [INFO] [automation.browser] Opening URL: http://example.com
[2026-09-20 19:18:51] [INFO] [automation.browser] Opening URL: https://example.com
[2026-09-20 19:18:51] [INFO] [automation.browser] Opening URL: https://example.com/path?q=assistantx
[2026-09-20 19:18:51] [INFO] [automation.browser] Opening URL: https://example.com
[2026-09-20 19:18:51] [INFO] [automation.browser] Initiating web search for query: 'Python programming' using engine: google
[2026-09-20 19:18:51] [INFO] [automation.browser] Initiating web search for query: 'AssistantX Python AI' using engine: google
[2026-09-20 19:18:51] [INFO] [automation.browser] Initiating web search for query: 'Python + AI & automation' using engine: google
[2026-09-20 19:18:51] [INFO] [automation.browser] Initiating web search for query: 'বাংলা ভাষা' using engine: google
[2026-09-20 19:18:51] [INFO] [automation.browser] Opening URL: https://example.com
[2026-09-20 19:18:51] [INFO] [automation.browser] Opening URL: http://example.com
[2026-09-20 19:18:51] [INFO] [automation.browser] Opening URL: https://example.com
[2026-09-20 19:18:51] [INFO] [automation.browser] Searching 'latest Python documentation' via Google.
[2026-09-20 19:18:51] [INFO] [automation.browser] Opening URL: https://www.google.com/search?q=latest+Python+documentation
[2026-09-20 19:18:51] [INFO] [automation.browser] Searching 'বাংলাদেশের খবর' via Google.
[2026-09-20 19:18:51] [INFO] [automation.browser] Opening URL: https://www.google.com/search?q=%E0%A6%AC%E0%A6%BE%E0%A6%82%E0%A6%B2%E0%A6%BE%E0%A6%A6%E0%A7%87%E0%A6%B6%E0%A7%87%E0%A6%B0+%E0%A6%96%E0%A6%AC%E0%A6%B0
[2026-09-20 19:18:51] [INFO] [automation.browser] Opening URL: https://example.com
[2026-09-20 19:18:51] [ERROR] [automation.browser] Unexpected browser error while opening 'https://example.com'.
Traceback (most recent call last):
  File "C:\MY Another type WEBSIte\AssistantX\automation\browser.py", line 418, in open_url
    success = webbrowser.open_new_tab(normalized)
  File "C:\Users\User\AppData\Local\Python\pythoncore-3.14-64\Lib\webbrowser.py", line 111, in open_new_tab
    return open(url, 2)
  File "C:\Users\User\AppData\Local\Python\pythoncore-3.14-64\Lib\unittest\mock.py", line 1176, in __call__
    return self._mock_call(*args, **kwargs)
           ~~~~~~~~~~~~~~~^^^^^^^^^^^^^^^^^
  File "C:\Users\User\AppData\Local\Python\pythoncore-3.14-64\Lib\unittest\mock.py", line 1180, in _mock_call
    return self._execute_mock_call(*args, **kwargs)
           ~~~~~~~~~~~~~~~~~~~~~~~^^^^^^^^^^^^^^^^^
  File "C:\Users\User\AppData\Local\Python\pythoncore-3.14-64\Lib\unittest\mock.py", line 1241, in _execute_mock_call
    raise effect
RuntimeError: Browser backend failed
[2026-09-20 19:18:51] [INFO] [automation.browser] Opening URL: https://example.com
[2026-09-20 19:18:51] [ERROR] [automation.browser] Unexpected browser error while opening 'https://example.com'.
Traceback (most recent call last):
  File "C:\MY Another type WEBSIte\AssistantX\automation\browser.py", line 418, in open_url
    success = webbrowser.open_new_tab(normalized)
  File "C:\Users\User\AppData\Local\Python\pythoncore-3.14-64\Lib\webbrowser.py", line 111, in open_new_tab
    return open(url, 2)
  File "C:\Users\User\AppData\Local\Python\pythoncore-3.14-64\Lib\unittest\mock.py", line 1176, in __call__
    return self._mock_call(*args, **kwargs)
           ~~~~~~~~~~~~~~~^^^^^^^^^^^^^^^^^
  File "C:\Users\User\AppData\Local\Python\pythoncore-3.14-64\Lib\unittest\mock.py", line 1180, in _mock_call
    return self._execute_mock_call(*args, **kwargs)
           ~~~~~~~~~~~~~~~~~~~~~~~^^^^^^^^^^^^^^^^^
  File "C:\Users\User\AppData\Local\Python\pythoncore-3.14-64\Lib\unittest\mock.py", line 1241, in _execute_mock_call
    raise effect
OSError: Unable to launch browser
[2026-09-20 19:18:51] [INFO] [automation.browser] Initiating web search for query: 'AssistantX' using engine: google
[2026-09-20 19:18:51] [INFO] [automation.browser] Opening URL: https://example.com
[2026-09-20 19:18:51] [INFO] [automation.browser] Opening URL: https://example.com/
[2026-09-20 19:18:51] [INFO] [automation.browser] Opening URL: https://example.com/path
[2026-09-20 19:18:51] [INFO] [automation.browser] Opening URL: https://example.com/path?q=test
[2026-09-20 19:18:51] [INFO] [automation.browser] Opening URL: https://sub.example.com
[2026-09-20 19:18:51] [INFO] [automation.browser] Opening URL: http://localhost:8000
[2026-09-20 19:18:51] [INFO] [automation.browser] Initiating web search for query: 'python' using engine: google
[2026-09-20 19:18:51] [INFO] [automation.browser] Initiating web search for query: 'python programming' using engine: google
[2026-09-20 19:18:51] [INFO] [automation.browser] Initiating web search for query: 'Python 3.14' using engine: google
[2026-09-20 19:18:51] [INFO] [automation.browser] Initiating web search for query: 'AI assistant' using engine: google
[2026-09-20 19:18:51] [INFO] [automation.browser] Initiating web search for query: 'AssistantX automation' using engine: google
[2026-09-20 19:18:51] [INFO] [automation.browser] Initiating web search for query: 'C++ programming' using engine: google
[2026-09-20 19:18:51] [INFO] [automation.browser] Initiating web search for query: 'email@example.com' using engine: google
[2026-09-20 19:18:51] [INFO] [automation.browser] Initiating web search for query: '100% Python' using engine: google
[2026-09-20 19:18:52] [INFO] [automation.browser] Initiating web search for query: 'বাংলা' using engine: google
[2026-09-20 19:18:52] [INFO] [automation.browser] Initiating web search for query: 'বাংলা Python' using engine: google
[2026-09-20 19:18:52] [INFO] [automation.browser] Opening URL: https://example.com
[2026-09-20 19:18:52] [INFO] [automation.browser] Initiating web search for query: 'AssistantX' using engine: google
[2026-09-20 19:18:52] [INFO] [automation.browser] Opening URL: https://example.com
[2026-09-20 19:18:52] [INFO] [automation.browser] Opening URL: https://example.com
[2026-09-20 19:18:52] [INFO] [automation.browser] Initiating web search for query: 'AssistantX browser automation' using engine: google
[2026-09-20 19:18:52] [INFO] [automation.browser] Opening URL: https://example.com
[2026-09-20 19:18:52] [INFO] [automation.browser] Opening URL: https://example.com
[2026-09-20 19:18:52] [INFO] [automation.browser] Opening URL: https://example.com
[2026-09-20 19:18:52] [INFO] [automation.browser] Opening URL: https://example.com
[2026-09-20 19:18:52] [INFO] [automation.browser] Opening URL: https://example.com
[2026-09-20 19:18:52] [INFO] [automation.browser] Opening URL: https://example.com
[2026-09-20 19:18:52] [INFO] [automation.browser] Opening URL: https://example.com
[2026-09-20 19:18:52] [INFO] [automation.browser] Opening URL: https://example.com
[2026-09-20 19:18:52] [INFO] [automation.browser] Opening URL: https://example.com
[2026-09-20 19:18:52] [INFO] [automation.browser] Opening URL: https://example.com
[2026-09-20 19:18:52] [INFO] [automation.browser] Opening URL: https://example.com
[2026-09-20 19:18:52] [INFO] [automation.browser] Initiating web search for query: 'AssistantX' using engine: google
[2026-09-20 19:18:52] [INFO] [automation.browser] Initiating web search for query: 'AssistantX' using engine: google
[2026-09-20 19:18:52] [INFO] [automation.browser] Initiating web search for query: 'AssistantX' using engine: google
[2026-09-20 19:18:52] [INFO] [automation.browser] Initiating web search for query: 'AssistantX' using engine: google
[2026-09-20 19:18:52] [INFO] [automation.browser] Initiating web search for query: 'AssistantX' using engine: google
[2026-09-20 19:18:52] [INFO] [automation.browser] Initiating web search for query: 'AssistantX' using engine: google
[2026-09-20 19:18:52] [INFO] [automation.browser] Initiating web search for query: 'AssistantX' using engine: google
[2026-09-20 19:18:52] [INFO] [automation.browser] Initiating web search for query: 'AssistantX' using engine: google
[2026-09-20 19:18:52] [INFO] [automation.browser] Initiating web search for query: 'AssistantX' using engine: google
[2026-09-20 19:18:52] [INFO] [automation.browser] Initiating web search for query: 'AssistantX' using engine: google
[2026-09-20 19:18:52] [INFO] [automation.browser] Opening URL: https://example.com
[2026-09-20 19:18:52] [INFO] [automation.browser] Opening URL: https://example.com
[2026-09-20 19:18:52] [INFO] [automation.browser] Opening URL: https://example.com
[2026-09-20 19:18:52] [INFO] [automation.browser] Opening URL: https://example.com
[2026-09-20 19:18:52] [INFO] [automation.browser] Opening URL: https://example.com
[2026-09-20 19:18:52] [INFO] [automation.browser] Opening URL: https://example.com
[2026-09-20 19:18:52] [INFO] [automation.browser] Opening URL: https://example.com
[2026-09-20 19:18:52] [INFO] [automation.browser] Opening URL: https://example.com
[2026-09-20 19:18:52] [INFO] [automation.browser] Opening URL: https://example.com
[2026-09-20 19:18:52] [INFO] [automation.browser] Opening URL: https://example.com
[2026-09-20 19:18:52] [INFO] [automation.browser] Opening URL: https://example.com
[2026-09-20 19:18:52] [INFO] [automation.browser] Initiating web search for query: 'AssistantX AI' using engine: google
[2026-09-20 19:18:52] [INFO] [automation.browser] Opening URL: https://example.org
[2026-09-20 19:18:52] [INFO] [database.migrations] SQLite backup created: C:\Users\User\AppData\Local\Temp\pytest-of-User\pytest-32\test_migration_execution_is_re0\backups\assistantx_test_20260920_131852.db
[2026-09-20 19:18:52] [INFO] [database.migrations] Applying migration 1: Initial schema: conversations, messages, memories, tasks, settings, commands, profile, cache
[2026-09-20 19:18:52] [INFO] [database.migrations] Applying migration 2: Add database metadata table for AssistantX diagnostics
[2026-09-20 19:18:52] [INFO] [database.migrations] Database migration complete: 2 migration(s), schema v2.
[2026-09-20 19:18:53] [INFO] [core.memory] Memory forgotten: delete_test
[2026-09-20 19:18:53] [INFO] [services.search_service] Search for 'AssistantX' returned 0 result(s) via none.
[2026-09-20 19:18:54] [INFO] [automation.system] SystemController initialized on windows.
[2026-09-20 19:18:54] [WARNING] [automation.system] System shutdown requested (delay=5s).
[2026-09-20 19:18:54] [INFO] [automation.system] System action executed: shutdown
[2026-09-20 19:18:54] [WARNING] [automation.system] System restart requested (delay=5s).
[2026-09-20 19:18:54] [INFO] [automation.system] System action executed: restart
[2026-09-20 19:18:54] [INFO] [automation.system] System sleep requested.
[2026-09-20 19:18:54] [INFO] [automation.system] System action executed: sleep
[2026-09-20 19:18:54] [INFO] [automation.system] Setting system volume to 50%.
[2026-09-20 19:18:55] [WARNING] [automation.system] System shutdown requested (delay=5s).
[2026-09-20 19:18:55] [WARNING] [automation.system] System shutdown requested (delay=5s).
[2026-09-20 19:18:55] [WARNING] [automation.system] System shutdown requested (delay=5s).
[2026-09-20 19:18:55] [INFO] [automation.system] System action executed: shutdown
[2026-09-20 19:18:55] [WARNING] [automation.system] System restart requested (delay=5s).
[2026-09-20 19:18:55] [INFO] [automation.system] System action executed: restart
[2026-09-20 19:18:55] [WARNING] [automation.system] System shutdown requested (delay=5s).
[2026-09-20 19:18:55] [INFO] [automation.system] System action executed: shutdown
[2026-09-20 19:18:55] [WARNING] [automation.system] System shutdown requested (delay=5s).
[2026-09-20 19:18:55] [INFO] [automation.system] System action executed: shutdown
[2026-09-20 19:18:55] [WARNING] [automation.system] System shutdown requested (delay=5s).
[2026-09-20 19:18:55] [INFO] [automation.system] System action executed: shutdown
[2026-09-20 19:18:55] [WARNING] [automation.system] System shutdown requested (delay=5s).
[2026-09-20 19:18:55] [INFO] [automation.system] System action executed: shutdown
[2026-09-20 19:18:55] [WARNING] [automation.system] System shutdown requested (delay=5s).
[2026-09-20 19:18:55] [INFO] [automation.system] System action executed: shutdown
[2026-09-20 19:18:55] [WARNING] [automation.system] System restart requested (delay=5s).
[2026-09-20 19:18:55] [INFO] [automation.system] System action executed: restart
[2026-09-20 19:18:55] [WARNING] [automation.system] System restart requested (delay=5s).
[2026-09-20 19:18:55] [INFO] [automation.system] System action executed: restart
[2026-09-20 19:18:55] [WARNING] [automation.system] System restart requested (delay=5s).
[2026-09-20 19:18:55] [INFO] [automation.system] System action executed: restart
[2026-09-20 19:18:55] [WARNING] [automation.system] System restart requested (delay=5s).
[2026-09-20 19:18:55] [INFO] [automation.system] System action executed: restart
[2026-09-20 19:18:55] [WARNING] [automation.system] System restart requested (delay=5s).
[2026-09-20 19:18:55] [INFO] [automation.system] System action executed: restart
[2026-09-20 19:18:55] [WARNING] [automation.system] System shutdown requested (delay=5s).
[2026-09-20 19:18:55] [INFO] [automation.system] System action executed: shutdown
[2026-09-20 19:18:55] [WARNING] [voice.recognizer] SpeechRecognition is not installed. Voice input is unavailable. Install with: pip install SpeechRecognition
[2026-09-20 19:18:55] [WARNING] [voice.speaker] pyttsx3 is not installed. Offline TTS is unavailable. Install it with: pip install pyttsx3
[2026-09-20 19:56:51] [INFO] [AssistantX] Logging initialized (level=INFO, console=True, files=True).
[2026-09-20 19:56:51] [INFO] [core.history] Loaded 0 historical message(s) from C:\MY Another type WEBSIte\AssistantX\data\history.json.
[2026-09-20 19:56:51] [INFO] [core.memory] Loaded 23 memory entr(y/ies) from C:\MY Another type WEBSIte\AssistantX\data\memory.json.
[2026-09-20 19:56:51] [ERROR] [ai.provider] [test] API call failed: Test provider error
[2026-09-20 19:56:51] [ERROR] [ai.provider] [test] API call failed: Test provider error
[2026-09-20 19:56:51] [ERROR] [ai.provider] [test] API call failed: Test provider error
[2026-09-20 19:56:51] [WARNING] [ai.provider] Could not initialize provider 'local': 
[2026-09-20 19:56:51] [INFO] [automation.browser] Opening URL: https://example.com
[2026-09-20 19:56:51] [INFO] [automation.browser] Searching 'AssistantX' via Google.
[2026-09-20 19:56:51] [INFO] [automation.files] Renamed file 'C:\Users\User\AppData\Local\Temp\pytest-of-User\pytest-33\test_rename_file0\assistantx_test_workspace\sample.txt' -> 'C:\Users\User\AppData\Local\Temp\pytest-of-User\pytest-33\test_rename_file0\assistantx_test_workspace\renamed.txt'
[2026-09-20 19:56:51] [INFO] [automation.files] Copied file 'C:\Users\User\AppData\Local\Temp\pytest-of-User\pytest-33\test_copy_file0\assistantx_test_workspace\sample.txt' -> 'C:\Users\User\AppData\Local\Temp\pytest-of-User\pytest-33\test_copy_file0\assistantx_test_workspace\copy.txt\sample.txt'
[2026-09-20 19:56:51] [INFO] [automation.files] Moved file 'C:\Users\User\AppData\Local\Temp\pytest-of-User\pytest-33\test_move_file0\assistantx_test_workspace\sample.txt' -> 'C:\Users\User\AppData\Local\Temp\pytest-of-User\pytest-33\test_move_file0\assistantx_test_workspace\destination\sample.txt'
[2026-09-20 19:56:51] [WARNING] [automation.files] Deleted file: C:\Users\User\AppData\Local\Temp\pytest-of-User\pytest-33\test_delete_file0\assistantx_test_workspace\sample.txt
[2026-09-20 19:56:51] [INFO] [automation.files] search_files found 1 result(s) for 'sample.txt'.
[2026-09-20 19:56:51] [INFO] [automation.folders] Created folder: C:\Users\User\AppData\Local\Temp\pytest-of-User\pytest-33\test_create_folder0\assistantx_test_workspace\test_folder
[2026-09-20 19:56:51] [INFO] [automation.folders] Created folder: C:\Users\User\AppData\Local\Temp\pytest-of-User\pytest-33\test_create_nested_folder0\assistantx_test_workspace\parent\child
[2026-09-20 19:56:51] [INFO] [automation.folders] Deleted folder: C:\Users\User\AppData\Local\Temp\pytest-of-User\pytest-33\test_delete_folder0\assistantx_test_workspace\remove_me (recursive=False)
[2026-09-20 19:56:51] [INFO] [automation.mouse] MouseController initialized.
[2026-09-20 19:56:52] [INFO] [automation.browser] Opening URL: http://example.com
[2026-09-20 19:56:52] [INFO] [automation.browser] Opening URL: https://example.com
[2026-09-20 19:56:52] [INFO] [automation.browser] Opening URL: https://example.com/path?q=assistantx
[2026-09-20 19:56:52] [INFO] [automation.browser] Opening URL: https://example.com
[2026-09-20 19:56:52] [INFO] [automation.browser] Initiating web search for query: 'Python programming' using engine: google
[2026-09-20 19:56:52] [INFO] [automation.browser] Initiating web search for query: 'AssistantX Python AI' using engine: google
[2026-09-20 19:56:52] [INFO] [automation.browser] Initiating web search for query: 'Python + AI & automation' using engine: google
[2026-09-20 19:56:52] [INFO] [automation.browser] Initiating web search for query: 'বাংলা ভাষা' using engine: google
[2026-09-20 19:56:52] [INFO] [automation.browser] Opening URL: https://example.com
[2026-09-20 19:56:52] [INFO] [automation.browser] Opening URL: http://example.com
[2026-09-20 19:56:52] [INFO] [automation.browser] Opening URL: https://example.com
[2026-09-20 19:56:52] [INFO] [automation.browser] Searching 'latest Python documentation' via Google.
[2026-09-20 19:56:52] [INFO] [automation.browser] Opening URL: https://www.google.com/search?q=latest+Python+documentation
[2026-09-20 19:56:52] [INFO] [automation.browser] Searching 'বাংলাদেশের খবর' via Google.
[2026-09-20 19:56:52] [INFO] [automation.browser] Opening URL: https://www.google.com/search?q=%E0%A6%AC%E0%A6%BE%E0%A6%82%E0%A6%B2%E0%A6%BE%E0%A6%A6%E0%A7%87%E0%A6%B6%E0%A7%87%E0%A6%B0+%E0%A6%96%E0%A6%AC%E0%A6%B0
[2026-09-20 19:56:52] [INFO] [automation.browser] Opening URL: https://example.com
[2026-09-20 19:56:52] [ERROR] [automation.browser] Unexpected browser error while opening 'https://example.com'.
Traceback (most recent call last):
  File "C:\MY Another type WEBSIte\AssistantX\automation\browser.py", line 418, in open_url
    success = webbrowser.open_new_tab(normalized)
  File "C:\Users\User\AppData\Local\Python\pythoncore-3.14-64\Lib\webbrowser.py", line 111, in open_new_tab
    return open(url, 2)
  File "C:\Users\User\AppData\Local\Python\pythoncore-3.14-64\Lib\unittest\mock.py", line 1176, in __call__
    return self._mock_call(*args, **kwargs)
           ~~~~~~~~~~~~~~~^^^^^^^^^^^^^^^^^
  File "C:\Users\User\AppData\Local\Python\pythoncore-3.14-64\Lib\unittest\mock.py", line 1180, in _mock_call
    return self._execute_mock_call(*args, **kwargs)
           ~~~~~~~~~~~~~~~~~~~~~~~^^^^^^^^^^^^^^^^^
  File "C:\Users\User\AppData\Local\Python\pythoncore-3.14-64\Lib\unittest\mock.py", line 1241, in _execute_mock_call
    raise effect
RuntimeError: Browser backend failed
[2026-09-20 19:56:52] [INFO] [automation.browser] Opening URL: https://example.com
[2026-09-20 19:56:52] [ERROR] [automation.browser] Unexpected browser error while opening 'https://example.com'.
Traceback (most recent call last):
  File "C:\MY Another type WEBSIte\AssistantX\automation\browser.py", line 418, in open_url
    success = webbrowser.open_new_tab(normalized)
  File "C:\Users\User\AppData\Local\Python\pythoncore-3.14-64\Lib\webbrowser.py", line 111, in open_new_tab
    return open(url, 2)
  File "C:\Users\User\AppData\Local\Python\pythoncore-3.14-64\Lib\unittest\mock.py", line 1176, in __call__
    return self._mock_call(*args, **kwargs)
           ~~~~~~~~~~~~~~~^^^^^^^^^^^^^^^^^
  File "C:\Users\User\AppData\Local\Python\pythoncore-3.14-64\Lib\unittest\mock.py", line 1180, in _mock_call
    return self._execute_mock_call(*args, **kwargs)
           ~~~~~~~~~~~~~~~~~~~~~~~^^^^^^^^^^^^^^^^^
  File "C:\Users\User\AppData\Local\Python\pythoncore-3.14-64\Lib\unittest\mock.py", line 1241, in _execute_mock_call
    raise effect
OSError: Unable to launch browser
[2026-09-20 19:56:52] [INFO] [automation.browser] Initiating web search for query: 'AssistantX' using engine: google
[2026-09-20 19:56:52] [INFO] [automation.browser] Opening URL: https://example.com
[2026-09-20 19:56:52] [INFO] [automation.browser] Opening URL: https://example.com/
[2026-09-20 19:56:52] [INFO] [automation.browser] Opening URL: https://example.com/path
[2026-09-20 19:56:52] [INFO] [automation.browser] Opening URL: https://example.com/path?q=test
[2026-09-20 19:56:52] [INFO] [automation.browser] Opening URL: https://sub.example.com
[2026-09-20 19:56:52] [INFO] [automation.browser] Opening URL: http://localhost:8000
[2026-09-20 19:56:52] [INFO] [automation.browser] Initiating web search for query: 'python' using engine: google
[2026-09-20 19:56:52] [INFO] [automation.browser] Initiating web search for query: 'python programming' using engine: google
[2026-09-20 19:56:52] [INFO] [automation.browser] Initiating web search for query: 'Python 3.14' using engine: google
[2026-09-20 19:56:52] [INFO] [automation.browser] Initiating web search for query: 'AI assistant' using engine: google
[2026-09-20 19:56:52] [INFO] [automation.browser] Initiating web search for query: 'AssistantX automation' using engine: google
[2026-09-20 19:56:52] [INFO] [automation.browser] Initiating web search for query: 'C++ programming' using engine: google
[2026-09-20 19:56:52] [INFO] [automation.browser] Initiating web search for query: 'email@example.com' using engine: google
[2026-09-20 19:56:52] [INFO] [automation.browser] Initiating web search for query: '100% Python' using engine: google
[2026-09-20 19:56:52] [INFO] [automation.browser] Initiating web search for query: 'বাংলা' using engine: google
[2026-09-20 19:56:52] [INFO] [automation.browser] Initiating web search for query: 'বাংলা Python' using engine: google
[2026-09-20 19:56:52] [INFO] [automation.browser] Opening URL: https://example.com
[2026-09-20 19:56:52] [INFO] [automation.browser] Initiating web search for query: 'AssistantX' using engine: google
[2026-09-20 19:56:52] [INFO] [automation.browser] Opening URL: https://example.com
[2026-09-20 19:56:52] [INFO] [automation.browser] Opening URL: https://example.com
[2026-09-20 19:56:52] [INFO] [automation.browser] Initiating web search for query: 'AssistantX browser automation' using engine: google
[2026-09-20 19:56:52] [INFO] [automation.browser] Opening URL: https://example.com
[2026-09-20 19:56:52] [INFO] [automation.browser] Opening URL: https://example.com
[2026-09-20 19:56:52] [INFO] [automation.browser] Opening URL: https://example.com
[2026-09-20 19:56:52] [INFO] [automation.browser] Opening URL: https://example.com
[2026-09-20 19:56:52] [INFO] [automation.browser] Opening URL: https://example.com
[2026-09-20 19:56:52] [INFO] [automation.browser] Opening URL: https://example.com
[2026-09-20 19:56:52] [INFO] [automation.browser] Opening URL: https://example.com
[2026-09-20 19:56:52] [INFO] [automation.browser] Opening URL: https://example.com
[2026-09-20 19:56:52] [INFO] [automation.browser] Opening URL: https://example.com
[2026-09-20 19:56:52] [INFO] [automation.browser] Opening URL: https://example.com
[2026-09-20 19:56:52] [INFO] [automation.browser] Opening URL: https://example.com
[2026-09-20 19:56:52] [INFO] [automation.browser] Initiating web search for query: 'AssistantX' using engine: google
[2026-09-20 19:56:52] [INFO] [automation.browser] Initiating web search for query: 'AssistantX' using engine: google
[2026-09-20 19:56:52] [INFO] [automation.browser] Initiating web search for query: 'AssistantX' using engine: google
[2026-09-20 19:56:52] [INFO] [automation.browser] Initiating web search for query: 'AssistantX' using engine: google
[2026-09-20 19:56:52] [INFO] [automation.browser] Initiating web search for query: 'AssistantX' using engine: google
[2026-09-20 19:56:52] [INFO] [automation.browser] Initiating web search for query: 'AssistantX' using engine: google
[2026-09-20 19:56:52] [INFO] [automation.browser] Initiating web search for query: 'AssistantX' using engine: google
[2026-09-20 19:56:52] [INFO] [automation.browser] Initiating web search for query: 'AssistantX' using engine: google
[2026-09-20 19:56:52] [INFO] [automation.browser] Initiating web search for query: 'AssistantX' using engine: google
[2026-09-20 19:56:52] [INFO] [automation.browser] Initiating web search for query: 'AssistantX' using engine: google
[2026-09-20 19:56:52] [INFO] [automation.browser] Opening URL: https://example.com
[2026-09-20 19:56:52] [INFO] [automation.browser] Opening URL: https://example.com
[2026-09-20 19:56:52] [INFO] [automation.browser] Opening URL: https://example.com
[2026-09-20 19:56:52] [INFO] [automation.browser] Opening URL: https://example.com
[2026-09-20 19:56:52] [INFO] [automation.browser] Opening URL: https://example.com
[2026-09-20 19:56:52] [INFO] [automation.browser] Opening URL: https://example.com
[2026-09-20 19:56:52] [INFO] [automation.browser] Opening URL: https://example.com
[2026-09-20 19:56:52] [INFO] [automation.browser] Opening URL: https://example.com
[2026-09-20 19:56:52] [INFO] [automation.browser] Opening URL: https://example.com
[2026-09-20 19:56:52] [INFO] [automation.browser] Opening URL: https://example.com
[2026-09-20 19:56:52] [INFO] [automation.browser] Opening URL: https://example.com
[2026-09-20 19:56:52] [INFO] [automation.browser] Initiating web search for query: 'AssistantX AI' using engine: google
[2026-09-20 19:56:52] [INFO] [automation.browser] Opening URL: https://example.org
[2026-09-20 19:56:53] [INFO] [database.migrations] SQLite backup created: C:\Users\User\AppData\Local\Temp\pytest-of-User\pytest-33\test_migration_execution_is_re0\backups\assistantx_test_20260920_135653.db
[2026-09-20 19:56:53] [INFO] [database.migrations] Applying migration 1: Initial schema: conversations, messages, memories, tasks, settings, commands, profile, cache
[2026-09-20 19:56:53] [INFO] [database.migrations] Applying migration 2: Add database metadata table for AssistantX diagnostics
[2026-09-20 19:56:53] [INFO] [database.migrations] Database migration complete: 2 migration(s), schema v2.
[2026-09-20 19:56:53] [INFO] [core.memory] Memory forgotten: delete_test
[2026-09-20 19:56:54] [INFO] [services.search_service] Search for 'AssistantX' returned 0 result(s) via none.
[2026-09-20 19:56:55] [INFO] [automation.system] SystemController initialized on windows.
[2026-09-20 19:56:55] [WARNING] [automation.system] System shutdown requested (delay=5s).
[2026-09-20 19:56:55] [INFO] [automation.system] System action executed: shutdown
[2026-09-20 19:56:55] [WARNING] [automation.system] System restart requested (delay=5s).
[2026-09-20 19:56:55] [INFO] [automation.system] System action executed: restart
[2026-09-20 19:56:55] [INFO] [automation.system] System sleep requested.
[2026-09-20 19:56:55] [INFO] [automation.system] System action executed: sleep
[2026-09-20 19:56:55] [INFO] [automation.system] Setting system volume to 50%.
[2026-09-20 19:56:55] [WARNING] [automation.system] System shutdown requested (delay=5s).
[2026-09-20 19:56:55] [WARNING] [automation.system] System shutdown requested (delay=5s).
[2026-09-20 19:56:55] [WARNING] [automation.system] System shutdown requested (delay=5s).
[2026-09-20 19:56:55] [INFO] [automation.system] System action executed: shutdown
[2026-09-20 19:56:55] [WARNING] [automation.system] System restart requested (delay=5s).
[2026-09-20 19:56:55] [INFO] [automation.system] System action executed: restart
[2026-09-20 19:56:55] [WARNING] [automation.system] System shutdown requested (delay=5s).
[2026-09-20 19:56:55] [INFO] [automation.system] System action executed: shutdown
[2026-09-20 19:56:55] [WARNING] [automation.system] System shutdown requested (delay=5s).
[2026-09-20 19:56:55] [INFO] [automation.system] System action executed: shutdown
[2026-09-20 19:56:55] [WARNING] [automation.system] System shutdown requested (delay=5s).
[2026-09-20 19:56:55] [INFO] [automation.system] System action executed: shutdown
[2026-09-20 19:56:55] [WARNING] [automation.system] System shutdown requested (delay=5s).
[2026-09-20 19:56:55] [INFO] [automation.system] System action executed: shutdown
[2026-09-20 19:56:55] [WARNING] [automation.system] System shutdown requested (delay=5s).
[2026-09-20 19:56:55] [INFO] [automation.system] System action executed: shutdown
[2026-09-20 19:56:55] [WARNING] [automation.system] System restart requested (delay=5s).
[2026-09-20 19:56:55] [INFO] [automation.system] System action executed: restart
[2026-09-20 19:56:55] [WARNING] [automation.system] System restart requested (delay=5s).
[2026-09-20 19:56:55] [INFO] [automation.system] System action executed: restart
[2026-09-20 19:56:55] [WARNING] [automation.system] System restart requested (delay=5s).
[2026-09-20 19:56:55] [INFO] [automation.system] System action executed: restart
[2026-09-20 19:56:55] [WARNING] [automation.system] System restart requested (delay=5s).
[2026-09-20 19:56:55] [INFO] [automation.system] System action executed: restart
[2026-09-20 19:56:55] [WARNING] [automation.system] System restart requested (delay=5s).
[2026-09-20 19:56:55] [INFO] [automation.system] System action executed: restart
[2026-09-20 19:56:55] [WARNING] [automation.system] System shutdown requested (delay=5s).
[2026-09-20 19:56:55] [INFO] [automation.system] System action executed: shutdown
[2026-09-20 19:56:55] [WARNING] [voice.recognizer] SpeechRecognition is not installed. Voice input is unavailable. Install with: pip install SpeechRecognition
[2026-09-20 19:56:55] [WARNING] [voice.speaker] pyttsx3 is not installed. Offline TTS is unavailable. Install it with: pip install pyttsx3
[2026-09-20 20:43:32] [INFO] [AssistantX] Logging initialized (level=INFO, console=True, files=True).
[2026-09-20 20:43:32] [INFO] [core.history] Loaded 0 historical message(s) from C:\MY Another type WEBSIte\AssistantX\data\history.json.
[2026-09-20 20:43:32] [INFO] [core.memory] Loaded 23 memory entr(y/ies) from C:\MY Another type WEBSIte\AssistantX\data\memory.json.
[2026-09-20 20:43:32] [ERROR] [ai.provider] [test] API call failed: Test provider error
[2026-09-20 20:43:32] [ERROR] [ai.provider] [test] API call failed: Test provider error
[2026-09-20 20:43:32] [ERROR] [ai.provider] [test] API call failed: Test provider error
[2026-09-20 20:43:32] [WARNING] [ai.provider] Could not initialize provider 'local': 
[2026-09-20 20:43:32] [INFO] [automation.browser] Opening URL: https://example.com
[2026-09-20 20:43:32] [INFO] [automation.browser] Searching 'AssistantX' via Google.
[2026-09-20 20:43:32] [INFO] [automation.files] Created file: C:\Users\User\AppData\Local\Temp\pytest-of-User\pytest-34\test_create_file0\assistantx_test_workspace\created.txt
[2026-09-20 20:43:32] [INFO] [automation.files] Renamed file 'C:\Users\User\AppData\Local\Temp\pytest-of-User\pytest-34\test_rename_file0\assistantx_test_workspace\sample.txt' -> 'C:\Users\User\AppData\Local\Temp\pytest-of-User\pytest-34\test_rename_file0\assistantx_test_workspace\renamed.txt'
[2026-09-20 20:43:32] [INFO] [automation.files] Copied file 'C:\Users\User\AppData\Local\Temp\pytest-of-User\pytest-34\test_copy_file0\assistantx_test_workspace\sample.txt' -> 'C:\Users\User\AppData\Local\Temp\pytest-of-User\pytest-34\test_copy_file0\assistantx_test_workspace\copy.txt\sample.txt'
[2026-09-20 20:43:32] [INFO] [automation.files] Moved file 'C:\Users\User\AppData\Local\Temp\pytest-of-User\pytest-34\test_move_file0\assistantx_test_workspace\sample.txt' -> 'C:\Users\User\AppData\Local\Temp\pytest-of-User\pytest-34\test_move_file0\assistantx_test_workspace\destination\sample.txt'
[2026-09-20 20:43:32] [WARNING] [automation.files] Deleted file: C:\Users\User\AppData\Local\Temp\pytest-of-User\pytest-34\test_delete_file0\assistantx_test_workspace\sample.txt
[2026-09-20 20:43:32] [INFO] [automation.files] search_files found 1 result(s) for 'sample.txt'.
[2026-09-20 20:43:32] [INFO] [automation.folders] Created folder: C:\Users\User\AppData\Local\Temp\pytest-of-User\pytest-34\test_create_folder0\assistantx_test_workspace\test_folder
[2026-09-20 20:43:32] [INFO] [automation.folders] Created folder: C:\Users\User\AppData\Local\Temp\pytest-of-User\pytest-34\test_create_nested_folder0\assistantx_test_workspace\parent\child
[2026-09-20 20:43:32] [INFO] [automation.folders] Deleted folder: C:\Users\User\AppData\Local\Temp\pytest-of-User\pytest-34\test_delete_folder0\assistantx_test_workspace\remove_me (recursive=False)
[2026-09-20 20:43:32] [INFO] [automation.mouse] MouseController initialized.
[2026-09-20 20:43:32] [INFO] [automation.browser] Opening URL: http://example.com
[2026-09-20 20:43:32] [INFO] [automation.browser] Opening URL: https://example.com
[2026-09-20 20:43:32] [INFO] [automation.browser] Opening URL: https://example.com/path?q=assistantx
[2026-09-20 20:43:32] [INFO] [automation.browser] Opening URL: https://example.com
[2026-09-20 20:43:32] [INFO] [automation.browser] Initiating web search for query: 'Python programming' using engine: google
[2026-09-20 20:43:32] [INFO] [automation.browser] Initiating web search for query: 'AssistantX Python AI' using engine: google
[2026-09-20 20:43:32] [INFO] [automation.browser] Initiating web search for query: 'Python + AI & automation' using engine: google
[2026-09-20 20:43:32] [INFO] [automation.browser] Initiating web search for query: 'বাংলা ভাষা' using engine: google
[2026-09-20 20:43:33] [INFO] [automation.browser] Opening URL: https://example.com
[2026-09-20 20:43:33] [INFO] [automation.browser] Opening URL: http://example.com
[2026-09-20 20:43:33] [INFO] [automation.browser] Opening URL: https://example.com
[2026-09-20 20:43:33] [INFO] [automation.browser] Searching 'latest Python documentation' via Google.
[2026-09-20 20:43:33] [INFO] [automation.browser] Opening URL: https://www.google.com/search?q=latest+Python+documentation
[2026-09-20 20:43:33] [INFO] [automation.browser] Searching 'বাংলাদেশের খবর' via Google.
[2026-09-20 20:43:33] [INFO] [automation.browser] Opening URL: https://www.google.com/search?q=%E0%A6%AC%E0%A6%BE%E0%A6%82%E0%A6%B2%E0%A6%BE%E0%A6%A6%E0%A7%87%E0%A6%B6%E0%A7%87%E0%A6%B0+%E0%A6%96%E0%A6%AC%E0%A6%B0
[2026-09-20 20:43:33] [INFO] [automation.browser] Opening URL: https://example.com
[2026-09-20 20:43:33] [ERROR] [automation.browser] Unexpected browser error while opening 'https://example.com'.
Traceback (most recent call last):
  File "C:\MY Another type WEBSIte\AssistantX\automation\browser.py", line 418, in open_url
    success = webbrowser.open_new_tab(normalized)
  File "C:\Users\User\AppData\Local\Python\pythoncore-3.14-64\Lib\webbrowser.py", line 111, in open_new_tab
    return open(url, 2)
  File "C:\Users\User\AppData\Local\Python\pythoncore-3.14-64\Lib\unittest\mock.py", line 1176, in __call__
    return self._mock_call(*args, **kwargs)
           ~~~~~~~~~~~~~~~^^^^^^^^^^^^^^^^^
  File "C:\Users\User\AppData\Local\Python\pythoncore-3.14-64\Lib\unittest\mock.py", line 1180, in _mock_call
    return self._execute_mock_call(*args, **kwargs)
           ~~~~~~~~~~~~~~~~~~~~~~~^^^^^^^^^^^^^^^^^
  File "C:\Users\User\AppData\Local\Python\pythoncore-3.14-64\Lib\unittest\mock.py", line 1241, in _execute_mock_call
    raise effect
RuntimeError: Browser backend failed
[2026-09-20 20:43:33] [INFO] [automation.browser] Opening URL: https://example.com
[2026-09-20 20:43:33] [ERROR] [automation.browser] Unexpected browser error while opening 'https://example.com'.
Traceback (most recent call last):
  File "C:\MY Another type WEBSIte\AssistantX\automation\browser.py", line 418, in open_url
    success = webbrowser.open_new_tab(normalized)
  File "C:\Users\User\AppData\Local\Python\pythoncore-3.14-64\Lib\webbrowser.py", line 111, in open_new_tab
    return open(url, 2)
  File "C:\Users\User\AppData\Local\Python\pythoncore-3.14-64\Lib\unittest\mock.py", line 1176, in __call__
    return self._mock_call(*args, **kwargs)
           ~~~~~~~~~~~~~~~^^^^^^^^^^^^^^^^^
  File "C:\Users\User\AppData\Local\Python\pythoncore-3.14-64\Lib\unittest\mock.py", line 1180, in _mock_call
    return self._execute_mock_call(*args, **kwargs)
           ~~~~~~~~~~~~~~~~~~~~~~~^^^^^^^^^^^^^^^^^
  File "C:\Users\User\AppData\Local\Python\pythoncore-3.14-64\Lib\unittest\mock.py", line 1241, in _execute_mock_call
    raise effect
OSError: Unable to launch browser
[2026-09-20 20:43:33] [INFO] [automation.browser] Initiating web search for query: 'AssistantX' using engine: google
[2026-09-20 20:43:33] [INFO] [automation.browser] Opening URL: https://example.com
[2026-09-20 20:43:33] [INFO] [automation.browser] Opening URL: https://example.com/
[2026-09-20 20:43:33] [INFO] [automation.browser] Opening URL: https://example.com/path
[2026-09-20 20:43:33] [INFO] [automation.browser] Opening URL: https://example.com/path?q=test
[2026-09-20 20:43:33] [INFO] [automation.browser] Opening URL: https://sub.example.com
[2026-09-20 20:43:33] [INFO] [automation.browser] Opening URL: http://localhost:8000
[2026-09-20 20:43:33] [INFO] [automation.browser] Initiating web search for query: 'python' using engine: google
[2026-09-20 20:43:33] [INFO] [automation.browser] Initiating web search for query: 'python programming' using engine: google
[2026-09-20 20:43:33] [INFO] [automation.browser] Initiating web search for query: 'Python 3.14' using engine: google
[2026-09-20 20:43:33] [INFO] [automation.browser] Initiating web search for query: 'AI assistant' using engine: google
[2026-09-20 20:43:33] [INFO] [automation.browser] Initiating web search for query: 'AssistantX automation' using engine: google
[2026-09-20 20:43:33] [INFO] [automation.browser] Initiating web search for query: 'C++ programming' using engine: google
[2026-09-20 20:43:33] [INFO] [automation.browser] Initiating web search for query: 'email@example.com' using engine: google
[2026-09-20 20:43:33] [INFO] [automation.browser] Initiating web search for query: '100% Python' using engine: google
[2026-09-20 20:43:33] [INFO] [automation.browser] Initiating web search for query: 'বাংলা' using engine: google
[2026-09-20 20:43:33] [INFO] [automation.browser] Initiating web search for query: 'বাংলা Python' using engine: google
[2026-09-20 20:43:33] [INFO] [automation.browser] Opening URL: https://example.com
[2026-09-20 20:43:33] [INFO] [automation.browser] Initiating web search for query: 'AssistantX' using engine: google
[2026-09-20 20:43:33] [INFO] [automation.browser] Opening URL: https://example.com
[2026-09-20 20:43:33] [INFO] [automation.browser] Opening URL: https://example.com
[2026-09-20 20:43:33] [INFO] [automation.browser] Initiating web search for query: 'AssistantX browser automation' using engine: google
[2026-09-20 20:43:33] [INFO] [automation.browser] Opening URL: https://example.com
[2026-09-20 20:43:33] [INFO] [automation.browser] Opening URL: https://example.com
[2026-09-20 20:43:33] [INFO] [automation.browser] Opening URL: https://example.com
[2026-09-20 20:43:33] [INFO] [automation.browser] Opening URL: https://example.com
[2026-09-20 20:43:33] [INFO] [automation.browser] Opening URL: https://example.com
[2026-09-20 20:43:33] [INFO] [automation.browser] Opening URL: https://example.com
[2026-09-20 20:43:33] [INFO] [automation.browser] Opening URL: https://example.com
[2026-09-20 20:43:33] [INFO] [automation.browser] Opening URL: https://example.com
[2026-09-20 20:43:33] [INFO] [automation.browser] Opening URL: https://example.com
[2026-09-20 20:43:33] [INFO] [automation.browser] Opening URL: https://example.com
[2026-09-20 20:43:33] [INFO] [automation.browser] Opening URL: https://example.com
[2026-09-20 20:43:33] [INFO] [automation.browser] Initiating web search for query: 'AssistantX' using engine: google
[2026-09-20 20:43:33] [INFO] [automation.browser] Initiating web search for query: 'AssistantX' using engine: google
[2026-09-20 20:43:33] [INFO] [automation.browser] Initiating web search for query: 'AssistantX' using engine: google
[2026-09-20 20:43:33] [INFO] [automation.browser] Initiating web search for query: 'AssistantX' using engine: google
[2026-09-20 20:43:33] [INFO] [automation.browser] Initiating web search for query: 'AssistantX' using engine: google
[2026-09-20 20:43:33] [INFO] [automation.browser] Initiating web search for query: 'AssistantX' using engine: google
[2026-09-20 20:43:33] [INFO] [automation.browser] Initiating web search for query: 'AssistantX' using engine: google
[2026-09-20 20:43:33] [INFO] [automation.browser] Initiating web search for query: 'AssistantX' using engine: google
[2026-09-20 20:43:33] [INFO] [automation.browser] Initiating web search for query: 'AssistantX' using engine: google
[2026-09-20 20:43:33] [INFO] [automation.browser] Initiating web search for query: 'AssistantX' using engine: google
[2026-09-20 20:43:33] [INFO] [automation.browser] Opening URL: https://example.com
[2026-09-20 20:43:33] [INFO] [automation.browser] Opening URL: https://example.com
[2026-09-20 20:43:33] [INFO] [automation.browser] Opening URL: https://example.com
[2026-09-20 20:43:33] [INFO] [automation.browser] Opening URL: https://example.com
[2026-09-20 20:43:33] [INFO] [automation.browser] Opening URL: https://example.com
[2026-09-20 20:43:33] [INFO] [automation.browser] Opening URL: https://example.com
[2026-09-20 20:43:33] [INFO] [automation.browser] Opening URL: https://example.com
[2026-09-20 20:43:33] [INFO] [automation.browser] Opening URL: https://example.com
[2026-09-20 20:43:33] [INFO] [automation.browser] Opening URL: https://example.com
[2026-09-20 20:43:33] [INFO] [automation.browser] Opening URL: https://example.com
[2026-09-20 20:43:33] [INFO] [automation.browser] Opening URL: https://example.com
[2026-09-20 20:43:33] [INFO] [automation.browser] Initiating web search for query: 'AssistantX AI' using engine: google
[2026-09-20 20:43:33] [INFO] [automation.browser] Opening URL: https://example.org
[2026-09-20 20:43:34] [INFO] [database.migrations] SQLite backup created: C:\Users\User\AppData\Local\Temp\pytest-of-User\pytest-34\test_migration_execution_is_re0\backups\assistantx_test_20260920_144334.db
[2026-09-20 20:43:34] [INFO] [database.migrations] Applying migration 1: Initial schema: conversations, messages, memories, tasks, settings, commands, profile, cache
[2026-09-20 20:43:34] [INFO] [database.migrations] Applying migration 2: Add database metadata table for AssistantX diagnostics
[2026-09-20 20:43:34] [INFO] [database.migrations] Database migration complete: 2 migration(s), schema v2.
[2026-09-20 20:43:34] [INFO] [core.memory] Memory forgotten: delete_test
[2026-09-20 20:43:35] [INFO] [services.search_service] Search for 'AssistantX' returned 0 result(s) via none.
[2026-09-20 20:43:36] [INFO] [automation.system] SystemController initialized on windows.
[2026-09-20 20:43:36] [WARNING] [automation.system] System shutdown requested (delay=5s).
[2026-09-20 20:43:36] [INFO] [automation.system] System action executed: shutdown
[2026-09-20 20:43:36] [WARNING] [automation.system] System restart requested (delay=5s).
[2026-09-20 20:43:36] [INFO] [automation.system] System action executed: restart
[2026-09-20 20:43:36] [INFO] [automation.system] System sleep requested.
[2026-09-20 20:43:36] [INFO] [automation.system] System action executed: sleep
[2026-09-20 20:43:36] [INFO] [automation.system] Setting system volume to 50%.
[2026-09-20 20:43:36] [WARNING] [automation.system] System shutdown requested (delay=5s).
[2026-09-20 20:43:36] [WARNING] [automation.system] System shutdown requested (delay=5s).
[2026-09-20 20:43:36] [WARNING] [automation.system] System shutdown requested (delay=5s).
[2026-09-20 20:43:36] [INFO] [automation.system] System action executed: shutdown
[2026-09-20 20:43:36] [WARNING] [automation.system] System restart requested (delay=5s).
[2026-09-20 20:43:36] [INFO] [automation.system] System action executed: restart
[2026-09-20 20:43:36] [WARNING] [automation.system] System shutdown requested (delay=5s).
[2026-09-20 20:43:36] [INFO] [automation.system] System action executed: shutdown
[2026-09-20 20:43:36] [WARNING] [automation.system] System shutdown requested (delay=5s).
[2026-09-20 20:43:36] [INFO] [automation.system] System action executed: shutdown
[2026-09-20 20:43:36] [WARNING] [automation.system] System shutdown requested (delay=5s).
[2026-09-20 20:43:36] [INFO] [automation.system] System action executed: shutdown
[2026-09-20 20:43:36] [WARNING] [automation.system] System shutdown requested (delay=5s).
[2026-09-20 20:43:36] [INFO] [automation.system] System action executed: shutdown
[2026-09-20 20:43:36] [WARNING] [automation.system] System shutdown requested (delay=5s).
[2026-09-20 20:43:36] [INFO] [automation.system] System action executed: shutdown
[2026-09-20 20:43:36] [WARNING] [automation.system] System restart requested (delay=5s).
[2026-09-20 20:43:36] [INFO] [automation.system] System action executed: restart
[2026-09-20 20:43:36] [WARNING] [automation.system] System restart requested (delay=5s).
[2026-09-20 20:43:36] [INFO] [automation.system] System action executed: restart
[2026-09-20 20:43:36] [WARNING] [automation.system] System restart requested (delay=5s).
[2026-09-20 20:43:36] [INFO] [automation.system] System action executed: restart
[2026-09-20 20:43:36] [WARNING] [automation.system] System restart requested (delay=5s).
[2026-09-20 20:43:36] [INFO] [automation.system] System action executed: restart
[2026-09-20 20:43:36] [WARNING] [automation.system] System restart requested (delay=5s).
[2026-09-20 20:43:36] [INFO] [automation.system] System action executed: restart
[2026-09-20 20:43:36] [WARNING] [automation.system] System shutdown requested (delay=5s).
[2026-09-20 20:43:36] [INFO] [automation.system] System action executed: shutdown
[2026-09-20 20:43:36] [WARNING] [voice.recognizer] SpeechRecognition is not installed. Voice input is unavailable. Install with: pip install SpeechRecognition
[2026-09-20 20:43:36] [WARNING] [voice.speaker] pyttsx3 is not installed. Offline TTS is unavailable. Install it with: pip install pyttsx3
[2026-09-20 21:42:16] [INFO] [AssistantX] Logging initialized (level=INFO, console=True, files=True).
[2026-09-20 21:42:16] [INFO] [core.history] Loaded 0 historical message(s) from C:\MY Another type WEBSIte\AssistantX\data\history.json.
[2026-09-20 21:42:16] [INFO] [core.memory] Loaded 23 memory entr(y/ies) from C:\MY Another type WEBSIte\AssistantX\data\memory.json.
[2026-09-20 21:42:16] [ERROR] [ai.provider] [test] API call failed: Test provider error
[2026-09-20 21:42:16] [ERROR] [ai.provider] [test] API call failed: Test provider error
[2026-09-20 21:42:16] [ERROR] [ai.provider] [test] API call failed: Test provider error
[2026-09-20 21:42:16] [WARNING] [ai.provider] Could not initialize provider 'local': 
[2026-09-20 21:42:16] [INFO] [automation.browser] Opening URL: https://example.com
[2026-09-20 21:42:16] [INFO] [automation.browser] Searching 'AssistantX' via Google.
[2026-09-20 21:42:16] [INFO] [automation.files] Created file: C:\Users\User\AppData\Local\Temp\pytest-of-User\pytest-35\test_create_file0\assistantx_test_workspace\created.txt
[2026-09-20 21:42:16] [INFO] [automation.files] Renamed file 'C:\Users\User\AppData\Local\Temp\pytest-of-User\pytest-35\test_rename_file0\assistantx_test_workspace\sample.txt' -> 'C:\Users\User\AppData\Local\Temp\pytest-of-User\pytest-35\test_rename_file0\assistantx_test_workspace\renamed.txt'
[2026-09-20 21:42:16] [INFO] [automation.files] Copied file 'C:\Users\User\AppData\Local\Temp\pytest-of-User\pytest-35\test_copy_file0\assistantx_test_workspace\sample.txt' -> 'C:\Users\User\AppData\Local\Temp\pytest-of-User\pytest-35\test_copy_file0\assistantx_test_workspace\copy.txt\sample.txt'
[2026-09-20 21:42:16] [INFO] [automation.files] Moved file 'C:\Users\User\AppData\Local\Temp\pytest-of-User\pytest-35\test_move_file0\assistantx_test_workspace\sample.txt' -> 'C:\Users\User\AppData\Local\Temp\pytest-of-User\pytest-35\test_move_file0\assistantx_test_workspace\destination\sample.txt'
[2026-09-20 21:42:16] [WARNING] [automation.files] Deleted file: C:\Users\User\AppData\Local\Temp\pytest-of-User\pytest-35\test_delete_file0\assistantx_test_workspace\sample.txt
[2026-09-20 21:42:16] [INFO] [automation.files] search_files found 1 result(s) for 'sample.txt'.
[2026-09-20 21:42:16] [INFO] [automation.folders] Created folder: C:\Users\User\AppData\Local\Temp\pytest-of-User\pytest-35\test_create_folder0\assistantx_test_workspace\test_folder
[2026-09-20 21:42:16] [INFO] [automation.folders] Created folder: C:\Users\User\AppData\Local\Temp\pytest-of-User\pytest-35\test_create_nested_folder0\assistantx_test_workspace\parent\child
[2026-09-20 21:42:16] [INFO] [automation.folders] Deleted folder: C:\Users\User\AppData\Local\Temp\pytest-of-User\pytest-35\test_delete_folder0\assistantx_test_workspace\remove_me (recursive=False)
[2026-09-20 21:42:16] [INFO] [automation.mouse] MouseController initialized.
[2026-09-20 21:42:17] [INFO] [automation.browser] Opening URL: http://example.com
[2026-09-20 21:42:17] [INFO] [automation.browser] Opening URL: https://example.com
[2026-09-20 21:42:17] [INFO] [automation.browser] Opening URL: https://example.com/path?q=assistantx
[2026-09-20 21:42:17] [INFO] [automation.browser] Opening URL: https://example.com
[2026-09-20 21:42:17] [INFO] [automation.browser] Initiating web search for query: 'Python programming' using engine: google
[2026-09-20 21:42:17] [INFO] [automation.browser] Initiating web search for query: 'AssistantX Python AI' using engine: google
[2026-09-20 21:42:17] [INFO] [automation.browser] Initiating web search for query: 'Python + AI & automation' using engine: google
[2026-09-20 21:42:17] [INFO] [automation.browser] Initiating web search for query: 'বাংলা ভাষা' using engine: google
[2026-09-20 21:42:17] [INFO] [automation.browser] Opening URL: https://example.com
[2026-09-20 21:42:17] [INFO] [automation.browser] Opening URL: http://example.com
[2026-09-20 21:42:17] [INFO] [automation.browser] Opening URL: https://example.com
[2026-09-20 21:42:17] [INFO] [automation.browser] Searching 'latest Python documentation' via Google.
[2026-09-20 21:42:17] [INFO] [automation.browser] Opening URL: https://www.google.com/search?q=latest+Python+documentation
[2026-09-20 21:42:17] [INFO] [automation.browser] Searching 'বাংলাদেশের খবর' via Google.
[2026-09-20 21:42:17] [INFO] [automation.browser] Opening URL: https://www.google.com/search?q=%E0%A6%AC%E0%A6%BE%E0%A6%82%E0%A6%B2%E0%A6%BE%E0%A6%A6%E0%A7%87%E0%A6%B6%E0%A7%87%E0%A6%B0+%E0%A6%96%E0%A6%AC%E0%A6%B0
[2026-09-20 21:42:17] [INFO] [automation.browser] Opening URL: https://example.com
[2026-09-20 21:42:17] [ERROR] [automation.browser] Unexpected browser error while opening 'https://example.com'.
Traceback (most recent call last):
  File "C:\MY Another type WEBSIte\AssistantX\automation\browser.py", line 418, in open_url
    success = webbrowser.open_new_tab(normalized)
  File "C:\Users\User\AppData\Local\Python\pythoncore-3.14-64\Lib\webbrowser.py", line 111, in open_new_tab
    return open(url, 2)
  File "C:\Users\User\AppData\Local\Python\pythoncore-3.14-64\Lib\unittest\mock.py", line 1176, in __call__
    return self._mock_call(*args, **kwargs)
           ~~~~~~~~~~~~~~~^^^^^^^^^^^^^^^^^
  File "C:\Users\User\AppData\Local\Python\pythoncore-3.14-64\Lib\unittest\mock.py", line 1180, in _mock_call
    return self._execute_mock_call(*args, **kwargs)
           ~~~~~~~~~~~~~~~~~~~~~~~^^^^^^^^^^^^^^^^^
  File "C:\Users\User\AppData\Local\Python\pythoncore-3.14-64\Lib\unittest\mock.py", line 1241, in _execute_mock_call
    raise effect
RuntimeError: Browser backend failed
[2026-09-20 21:42:17] [INFO] [automation.browser] Opening URL: https://example.com
[2026-09-20 21:42:17] [ERROR] [automation.browser] Unexpected browser error while opening 'https://example.com'.
Traceback (most recent call last):
  File "C:\MY Another type WEBSIte\AssistantX\automation\browser.py", line 418, in open_url
    success = webbrowser.open_new_tab(normalized)
  File "C:\Users\User\AppData\Local\Python\pythoncore-3.14-64\Lib\webbrowser.py", line 111, in open_new_tab
    return open(url, 2)
  File "C:\Users\User\AppData\Local\Python\pythoncore-3.14-64\Lib\unittest\mock.py", line 1176, in __call__
    return self._mock_call(*args, **kwargs)
           ~~~~~~~~~~~~~~~^^^^^^^^^^^^^^^^^
  File "C:\Users\User\AppData\Local\Python\pythoncore-3.14-64\Lib\unittest\mock.py", line 1180, in _mock_call
    return self._execute_mock_call(*args, **kwargs)
           ~~~~~~~~~~~~~~~~~~~~~~~^^^^^^^^^^^^^^^^^
  File "C:\Users\User\AppData\Local\Python\pythoncore-3.14-64\Lib\unittest\mock.py", line 1241, in _execute_mock_call
    raise effect
OSError: Unable to launch browser
[2026-09-20 21:42:17] [INFO] [automation.browser] Initiating web search for query: 'AssistantX' using engine: google
[2026-09-20 21:42:17] [INFO] [automation.browser] Opening URL: https://example.com
[2026-09-20 21:42:17] [INFO] [automation.browser] Opening URL: https://example.com/
[2026-09-20 21:42:17] [INFO] [automation.browser] Opening URL: https://example.com/path
[2026-09-20 21:42:17] [INFO] [automation.browser] Opening URL: https://example.com/path?q=test
[2026-09-20 21:42:17] [INFO] [automation.browser] Opening URL: https://sub.example.com
[2026-09-20 21:42:17] [INFO] [automation.browser] Opening URL: http://localhost:8000
[2026-09-20 21:42:17] [INFO] [automation.browser] Initiating web search for query: 'python' using engine: google
[2026-09-20 21:42:17] [INFO] [automation.browser] Initiating web search for query: 'python programming' using engine: google
[2026-09-20 21:42:17] [INFO] [automation.browser] Initiating web search for query: 'Python 3.14' using engine: google
[2026-09-20 21:42:17] [INFO] [automation.browser] Initiating web search for query: 'AI assistant' using engine: google
[2026-09-20 21:42:17] [INFO] [automation.browser] Initiating web search for query: 'AssistantX automation' using engine: google
[2026-09-20 21:42:17] [INFO] [automation.browser] Initiating web search for query: 'C++ programming' using engine: google
[2026-09-20 21:42:17] [INFO] [automation.browser] Initiating web search for query: 'email@example.com' using engine: google
[2026-09-20 21:42:17] [INFO] [automation.browser] Initiating web search for query: '100% Python' using engine: google
[2026-09-20 21:42:17] [INFO] [automation.browser] Initiating web search for query: 'বাংলা' using engine: google
[2026-09-20 21:42:17] [INFO] [automation.browser] Initiating web search for query: 'বাংলা Python' using engine: google
[2026-09-20 21:42:17] [INFO] [automation.browser] Opening URL: https://example.com
[2026-09-20 21:42:17] [INFO] [automation.browser] Initiating web search for query: 'AssistantX' using engine: google
[2026-09-20 21:42:17] [INFO] [automation.browser] Opening URL: https://example.com
[2026-09-20 21:42:17] [INFO] [automation.browser] Opening URL: https://example.com
[2026-09-20 21:42:17] [INFO] [automation.browser] Initiating web search for query: 'AssistantX browser automation' using engine: google
[2026-09-20 21:42:17] [INFO] [automation.browser] Opening URL: https://example.com
[2026-09-20 21:42:17] [INFO] [automation.browser] Opening URL: https://example.com
[2026-09-20 21:42:17] [INFO] [automation.browser] Opening URL: https://example.com
[2026-09-20 21:42:17] [INFO] [automation.browser] Opening URL: https://example.com
[2026-09-20 21:42:17] [INFO] [automation.browser] Opening URL: https://example.com
[2026-09-20 21:42:17] [INFO] [automation.browser] Opening URL: https://example.com
[2026-09-20 21:42:17] [INFO] [automation.browser] Opening URL: https://example.com
[2026-09-20 21:42:17] [INFO] [automation.browser] Opening URL: https://example.com
[2026-09-20 21:42:17] [INFO] [automation.browser] Opening URL: https://example.com
[2026-09-20 21:42:17] [INFO] [automation.browser] Opening URL: https://example.com
[2026-09-20 21:42:17] [INFO] [automation.browser] Opening URL: https://example.com
[2026-09-20 21:42:17] [INFO] [automation.browser] Initiating web search for query: 'AssistantX' using engine: google
[2026-09-20 21:42:17] [INFO] [automation.browser] Initiating web search for query: 'AssistantX' using engine: google
[2026-09-20 21:42:17] [INFO] [automation.browser] Initiating web search for query: 'AssistantX' using engine: google
[2026-09-20 21:42:17] [INFO] [automation.browser] Initiating web search for query: 'AssistantX' using engine: google
[2026-09-20 21:42:17] [INFO] [automation.browser] Initiating web search for query: 'AssistantX' using engine: google
[2026-09-20 21:42:17] [INFO] [automation.browser] Initiating web search for query: 'AssistantX' using engine: google
[2026-09-20 21:42:17] [INFO] [automation.browser] Initiating web search for query: 'AssistantX' using engine: google
[2026-09-20 21:42:17] [INFO] [automation.browser] Initiating web search for query: 'AssistantX' using engine: google
[2026-09-20 21:42:17] [INFO] [automation.browser] Initiating web search for query: 'AssistantX' using engine: google
[2026-09-20 21:42:17] [INFO] [automation.browser] Initiating web search for query: 'AssistantX' using engine: google
[2026-09-20 21:42:17] [INFO] [automation.browser] Opening URL: https://example.com
[2026-09-20 21:42:17] [INFO] [automation.browser] Opening URL: https://example.com
[2026-09-20 21:42:17] [INFO] [automation.browser] Opening URL: https://example.com
[2026-09-20 21:42:17] [INFO] [automation.browser] Opening URL: https://example.com
[2026-09-20 21:42:17] [INFO] [automation.browser] Opening URL: https://example.com
[2026-09-20 21:42:17] [INFO] [automation.browser] Opening URL: https://example.com
[2026-09-20 21:42:17] [INFO] [automation.browser] Opening URL: https://example.com
[2026-09-20 21:42:17] [INFO] [automation.browser] Opening URL: https://example.com
[2026-09-20 21:42:17] [INFO] [automation.browser] Opening URL: https://example.com
[2026-09-20 21:42:17] [INFO] [automation.browser] Opening URL: https://example.com
[2026-09-20 21:42:17] [INFO] [automation.browser] Opening URL: https://example.com
[2026-09-20 21:42:17] [INFO] [automation.browser] Initiating web search for query: 'AssistantX AI' using engine: google
[2026-09-20 21:42:17] [INFO] [automation.browser] Opening URL: https://example.org
[2026-09-20 21:42:18] [INFO] [database.migrations] SQLite backup created: C:\Users\User\AppData\Local\Temp\pytest-of-User\pytest-35\test_migration_execution_is_re0\backups\assistantx_test_20260920_154218.db
[2026-09-20 21:42:18] [INFO] [database.migrations] Applying migration 1: Initial schema: conversations, messages, memories, tasks, settings, commands, profile, cache
[2026-09-20 21:42:18] [INFO] [database.migrations] Applying migration 2: Add database metadata table for AssistantX diagnostics
[2026-09-20 21:42:18] [INFO] [database.migrations] Database migration complete: 2 migration(s), schema v2.
[2026-09-20 21:42:20] [INFO] [core.memory] Memory forgotten: delete_test
[2026-09-20 21:42:21] [INFO] [services.search_service] Search for 'AssistantX' returned 0 result(s) via none.
[2026-09-20 21:42:22] [INFO] [services.news_service] Fetched 10 top headline(s) via google_news_rss (category=general).
[2026-09-20 21:42:23] [INFO] [automation.system] SystemController initialized on windows.
[2026-09-20 21:42:23] [WARNING] [automation.system] System shutdown requested (delay=5s).
[2026-09-20 21:42:23] [INFO] [automation.system] System action executed: shutdown
[2026-09-20 21:42:23] [WARNING] [automation.system] System restart requested (delay=5s).
[2026-09-20 21:42:23] [INFO] [automation.system] System action executed: restart
[2026-09-20 21:42:23] [INFO] [automation.system] System sleep requested.
[2026-09-20 21:42:23] [INFO] [automation.system] System action executed: sleep
[2026-09-20 21:42:23] [INFO] [automation.system] Setting system volume to 50%.
[2026-09-20 21:42:24] [WARNING] [automation.system] System shutdown requested (delay=5s).
[2026-09-20 21:42:24] [WARNING] [automation.system] System shutdown requested (delay=5s).
[2026-09-20 21:42:24] [WARNING] [automation.system] System shutdown requested (delay=5s).
[2026-09-20 21:42:24] [INFO] [automation.system] System action executed: shutdown
[2026-09-20 21:42:24] [WARNING] [automation.system] System restart requested (delay=5s).
[2026-09-20 21:42:24] [INFO] [automation.system] System action executed: restart
[2026-09-20 21:42:24] [WARNING] [automation.system] System shutdown requested (delay=5s).
[2026-09-20 21:42:24] [INFO] [automation.system] System action executed: shutdown
[2026-09-20 21:42:24] [WARNING] [automation.system] System shutdown requested (delay=5s).
[2026-09-20 21:42:24] [INFO] [automation.system] System action executed: shutdown
[2026-09-20 21:42:24] [WARNING] [automation.system] System shutdown requested (delay=5s).
[2026-09-20 21:42:24] [INFO] [automation.system] System action executed: shutdown
[2026-09-20 21:42:24] [WARNING] [automation.system] System shutdown requested (delay=5s).
[2026-09-20 21:42:24] [INFO] [automation.system] System action executed: shutdown
[2026-09-20 21:42:24] [WARNING] [automation.system] System shutdown requested (delay=5s).
[2026-09-20 21:42:24] [INFO] [automation.system] System action executed: shutdown
[2026-09-20 21:42:24] [WARNING] [automation.system] System restart requested (delay=5s).
[2026-09-20 21:42:24] [INFO] [automation.system] System action executed: restart
[2026-09-20 21:42:24] [WARNING] [automation.system] System restart requested (delay=5s).
[2026-09-20 21:42:24] [INFO] [automation.system] System action executed: restart
[2026-09-20 21:42:24] [WARNING] [automation.system] System restart requested (delay=5s).
[2026-09-20 21:42:24] [INFO] [automation.system] System action executed: restart
[2026-09-20 21:42:24] [WARNING] [automation.system] System restart requested (delay=5s).
[2026-09-20 21:42:24] [INFO] [automation.system] System action executed: restart
[2026-09-20 21:42:24] [WARNING] [automation.system] System restart requested (delay=5s).
[2026-09-20 21:42:24] [INFO] [automation.system] System action executed: restart
[2026-09-20 21:42:24] [WARNING] [automation.system] System shutdown requested (delay=5s).
[2026-09-20 21:42:24] [INFO] [automation.system] System action executed: shutdown
[2026-09-20 21:42:24] [WARNING] [voice.recognizer] SpeechRecognition is not installed. Voice input is unavailable. Install with: pip install SpeechRecognition
[2026-09-20 21:42:24] [WARNING] [voice.speaker] pyttsx3 is not installed. Offline TTS is unavailable. Install it with: pip install pyttsx3
[2026-09-21 22:05:27] [INFO] [AssistantX] Logging initialized (level=INFO, console=True, files=True).
[2026-09-21 22:05:27] [INFO] [core.history] Loaded 0 historical message(s) from C:\MY Another type WEBSIte\AssistantX\data\history.json.
[2026-09-21 22:05:27] [INFO] [core.memory] Loaded 23 memory entr(y/ies) from C:\MY Another type WEBSIte\AssistantX\data\memory.json.
[2026-09-21 22:05:27] [ERROR] [database.migrations] Failed to open SQLite database: C:\MY Another type WEBSIte\AssistantX\database\assistantx.db
Traceback (most recent call last):
  File "C:\MY Another type WEBSIte\AssistantX\database\migrations.py", line 437, in create_connection
    connection.execute("PRAGMA journal_mode = WAL;")
    ~~~~~~~~~~~~~~~~~~^^^^^^^^^^^^^^^^^^^^^^^^^^^^^^
sqlite3.DatabaseError: database disk image is malformed
[2026-09-21 22:05:27] [ERROR] [database.migrations] Failed to open SQLite database: C:\MY Another type WEBSIte\AssistantX\database\assistantx.db
Traceback (most recent call last):
  File "C:\MY Another type WEBSIte\AssistantX\database\migrations.py", line 437, in create_connection
    connection.execute("PRAGMA journal_mode = WAL;")
    ~~~~~~~~~~~~~~~~~~^^^^^^^^^^^^^^^^^^^^^^^^^^^^^^
sqlite3.DatabaseError: database disk image is malformed
[2026-09-21 22:05:28] [INFO] [comtypes.client._code_cache] Could not import comtypes.gen, trying to create it.
[2026-09-21 22:05:28] [INFO] [comtypes.client._code_cache] Created comtypes.gen directory: 'C:\MY Another type WEBSIte\AssistantX\.venv\Lib\site-packages\comtypes\gen'
[2026-09-21 22:05:28] [INFO] [comtypes.client._code_cache] Writing __init__.py file: 'C:\MY Another type WEBSIte\AssistantX\.venv\Lib\site-packages\comtypes\gen\__init__.py'
[2026-09-21 22:05:28] [INFO] [comtypes.client._code_cache] Using writeable comtypes cache directory: 'C:\MY Another type WEBSIte\AssistantX\.venv\Lib\site-packages\comtypes\gen'
[2026-09-21 22:05:28] [WARNING] [voice.recognizer] SpeechRecognition is not installed. Voice input is unavailable. Install with: pip install SpeechRecognition
[2026-09-21 22:05:28] [WARNING] [voice.speaker] pyttsx3 is not installed. Offline TTS is unavailable. Install it with: pip install pyttsx3
[2026-09-21 22:06:05] [INFO] [AssistantX] Logging initialized (level=INFO, console=True, files=True).
[2026-09-21 22:06:05] [INFO] [core.history] Loaded 0 historical message(s) from C:\MY Another type WEBSIte\AssistantX\data\history.json.
[2026-09-21 22:06:05] [INFO] [core.memory] Loaded 23 memory entr(y/ies) from C:\MY Another type WEBSIte\AssistantX\data\memory.json.
[2026-09-21 22:06:05] [ERROR] [database.migrations] Failed to open SQLite database: C:\MY Another type WEBSIte\AssistantX\database\assistantx.db
Traceback (most recent call last):
  File "C:\MY Another type WEBSIte\AssistantX\database\migrations.py", line 437, in create_connection
    connection.execute("PRAGMA journal_mode = WAL;")
    ~~~~~~~~~~~~~~~~~~^^^^^^^^^^^^^^^^^^^^^^^^^^^^^^
sqlite3.DatabaseError: database disk image is malformed
[2026-09-21 22:06:06] [ERROR] [database.migrations] Failed to open SQLite database: C:\MY Another type WEBSIte\AssistantX\database\assistantx.db
Traceback (most recent call last):
  File "C:\MY Another type WEBSIte\AssistantX\database\migrations.py", line 437, in create_connection
    connection.execute("PRAGMA journal_mode = WAL;")
    ~~~~~~~~~~~~~~~~~~^^^^^^^^^^^^^^^^^^^^^^^^^^^^^^
sqlite3.DatabaseError: database disk image is malformed
[2026-09-21 22:06:06] [INFO] [comtypes.client._code_cache] Imported existing <module 'comtypes.gen' from 'C:\\MY Another type WEBSIte\\AssistantX\\.venv\\Lib\\site-packages\\comtypes\\gen\\__init__.py'>
[2026-09-21 22:06:06] [INFO] [comtypes.client._code_cache] Using writeable comtypes cache directory: 'C:\MY Another type WEBSIte\AssistantX\.venv\Lib\site-packages\comtypes\gen'
[2026-09-21 22:06:06] [WARNING] [voice.recognizer] SpeechRecognition is not installed. Voice input is unavailable. Install with: pip install SpeechRecognition
[2026-09-21 22:06:06] [WARNING] [voice.speaker] pyttsx3 is not installed. Offline TTS is unavailable. Install it with: pip install pyttsx3
2026-09-22 18:46:38 | INFO     | AssistantX | ========================================================================
2026-09-22 18:46:38 | INFO     | AssistantX | AssistantX 1.0.0 starting...
2026-09-22 18:46:38 | INFO     | AssistantX | ========================================================================
2026-09-22 18:46:38 | INFO     | config.settings | Settings loaded from C:\MY Another type WEBSIte\AssistantX\data\settings.json.
2026-09-22 18:46:38 | INFO     | config.theme | AssistantX themes reloaded.
2026-09-22 18:46:38 | INFO     | AssistantX | Environment check passed.
[2026-09-22 18:46:38] [INFO] [AssistantX] Logging initialized (level=INFO, console=True, files=True).
[2026-09-22 18:46:38] [INFO] [core.history] Loaded 0 historical message(s) from C:\MY Another type WEBSIte\AssistantX\data\history.json.
[2026-09-22 18:46:38] [INFO] [core.memory] Loaded 23 memory entr(y/ies) from C:\MY Another type WEBSIte\AssistantX\data\memory.json.
[2026-09-22 18:46:38] [INFO] [AssistantX] Cache manager loaded.
[2026-09-22 18:46:38] [INFO] [core.assistant] Assistant initialized. AI provider=None, classifier=None
[2026-09-22 18:46:38] [INFO] [AssistantX] Assistant core initialized.
[2026-09-22 18:46:39] [ERROR] [database.migrations] Failed to open SQLite database: C:\MY Another type WEBSIte\AssistantX\database\assistantx.db
Traceback (most recent call last):
  File "C:\MY Another type WEBSIte\AssistantX\database\migrations.py", line 437, in create_connection
    connection.execute("PRAGMA journal_mode = WAL;")
    ~~~~~~~~~~~~~~~~~~^^^^^^^^^^^^^^^^^^^^^^^^^^^^^^
sqlite3.DatabaseError: database disk image is malformed
[2026-09-22 18:46:39] [ERROR] [AssistantX] Unexpected error while importing optional module: services.reminder_service
Traceback (most recent call last):
  File "C:\MY Another type WEBSIte\AssistantX\database\migrations.py", line 437, in create_connection
    connection.execute("PRAGMA journal_mode = WAL;")
    ~~~~~~~~~~~~~~~~~~^^^^^^^^^^^^^^^^^^^^^^^^^^^^^^
sqlite3.DatabaseError: database disk image is malformed

The above exception was the direct cause of the following exception:

Traceback (most recent call last):
  File "C:\MY Another type WEBSIte\AssistantX\main.py", line 460, in optional_import
    module = __import__(module_name, fromlist=["*"])
  File "C:\MY Another type WEBSIte\AssistantX\services\reminder_service.py", line 35, in <module>
    from database import Task, db_manager
  File "C:\MY Another type WEBSIte\AssistantX\database\__init__.py", line 17, in <module>
    from database.db_manager import DatabaseManager, db_manager
  File "C:\MY Another type WEBSIte\AssistantX\database\db_manager.py", line 1900, in <module>
    db_manager = DatabaseManager()
  File "C:\MY Another type WEBSIte\AssistantX\database\db_manager.py", line 199, in __init__
    self.migrate()
    ~~~~~~~~~~~~^^
  File "C:\MY Another type WEBSIte\AssistantX\database\db_manager.py", line 388, in migrate
    return run_migrations(
        self._db_path,
        create_backup=create_backup,
    )
  File "C:\MY Another type WEBSIte\AssistantX\database\migrations.py", line 708, in run_migrations
    previous_version = get_current_schema_version(path)
  File "C:\MY Another type WEBSIte\AssistantX\database\migrations.py", line 507, in get_current_schema_version
    connection = create_connection(db_path)
  File "C:\MY Another type WEBSIte\AssistantX\database\migrations.py", line 450, in create_connection
    raise DatabaseConnectionError(
        f"Unable to open SQLite database: {path}"
    ) from exc
database.migrations.DatabaseConnectionError: Unable to open SQLite database: C:\MY Another type WEBSIte\AssistantX\database\assistantx.db
[2026-09-22 18:46:39] [INFO] [AssistantX] Optional services loaded: 5
[2026-09-22 18:46:39] [INFO] [AssistantX] Dashboard created using create_app().
[2026-09-22 18:46:39] [INFO] [AssistantX] AssistantX startup completed in 0.832 seconds.
[2026-09-22 18:46:39] [INFO] [AssistantX] Starting AssistantX dashboard.
[2026-09-22 18:46:39] [INFO] [dashboard.app] Starting AssistantX dashboard...
[2026-09-22 18:46:39] [INFO] [config.config] Bootstrapping AssistantX v1.0.0 configuration...
[2026-09-22 18:46:39] [INFO] [config.env_loader] No .env file found at C:\MY Another type WEBSIte\AssistantX\.env. Using OS environment and defaults.
[2026-09-22 18:46:39] [INFO] [config.secrets] AssistantX secrets reloaded from environment.
[2026-09-22 18:46:39] [WARNING] [config.secrets] Credential 'gemini_api_key' is not configured. Related AssistantX features may be unavailable or use fallback providers.
[2026-09-22 18:46:39] [WARNING] [config.secrets] Credential 'openweather_api_key' is not configured. Related AssistantX features may be unavailable or use fallback providers.
[2026-09-22 18:46:39] [WARNING] [config.secrets] Credential 'newsapi_key' is not configured. Related AssistantX features may be unavailable or use fallback providers.
[2026-09-22 18:46:39] [INFO] [config.settings] Settings loaded from C:\MY Another type WEBSIte\AssistantX\data\settings.json.
[2026-09-22 18:46:39] [INFO] [config.theme] AssistantX themes reloaded.
[2026-09-22 18:46:39] [INFO] [config.config] Configuration bootstrap complete. Provider=gemini Theme=dark
[2026-09-22 18:46:39] [INFO] [dashboard.app] AssistantX core configuration initialized.
[2026-09-22 18:46:39] [WARNING] [dashboard.app] Dashboard theme manager unavailable.
[2026-09-22 18:46:39] [ERROR] [dashboard.app] Failed to start AssistantX dashboard.
Traceback (most recent call last):
  File "C:\MY Another type WEBSIte\AssistantX\dashboard\app.py", line 461, in _create_window
    from dashboard.window import Window
ImportError: cannot import name 'Window' from 'dashboard.window' (C:\MY Another type WEBSIte\AssistantX\dashboard\window.py). Did you mean: 'window'?

The above exception was the direct cause of the following exception:

Traceback (most recent call last):
  File "C:\MY Another type WEBSIte\AssistantX\dashboard\app.py", line 293, in start
    self._create_window()
    ~~~~~~~~~~~~~~~~~~~^^
  File "C:\MY Another type WEBSIte\AssistantX\dashboard\app.py", line 467, in _create_window
    raise DashboardStartupError(
        "dashboard.window.Window could not be imported."
    ) from exc
dashboard.app.DashboardStartupError: dashboard.window.Window could not be imported.
[2026-09-22 18:46:39] [ERROR] [dashboard.app] Unhandled dashboard runtime error.
Traceback (most recent call last):
  File "C:\MY Another type WEBSIte\AssistantX\dashboard\app.py", line 461, in _create_window
    from dashboard.window import Window
ImportError: cannot import name 'Window' from 'dashboard.window' (C:\MY Another type WEBSIte\AssistantX\dashboard\window.py). Did you mean: 'window'?

The above exception was the direct cause of the following exception:

Traceback (most recent call last):
  File "C:\MY Another type WEBSIte\AssistantX\dashboard\app.py", line 293, in start
    self._create_window()
    ~~~~~~~~~~~~~~~~~~~^^
  File "C:\MY Another type WEBSIte\AssistantX\dashboard\app.py", line 467, in _create_window
    raise DashboardStartupError(
        "dashboard.window.Window could not be imported."
    ) from exc
dashboard.app.DashboardStartupError: dashboard.window.Window could not be imported.

The above exception was the direct cause of the following exception:

Traceback (most recent call last):
  File "C:\MY Another type WEBSIte\AssistantX\dashboard\app.py", line 650, in run
    self.start()
    ~~~~~~~~~~^^
  File "C:\MY Another type WEBSIte\AssistantX\dashboard\app.py", line 325, in start
    raise DashboardStartupError(
        f"Dashboard startup failed: {exc}"
    ) from exc
dashboard.app.DashboardStartupError: Dashboard startup failed: dashboard.window.Window could not be imported.
[2026-09-22 18:46:39] [INFO] [dashboard.app] Shutting down AssistantX dashboard...
[2026-09-22 18:46:39] [WARNING] [voice.recognizer] No usable microphone detected: Could not find PyAudio; check installation
[2026-09-22 18:46:39] [INFO] [comtypes.client._code_cache] Imported existing <module 'comtypes.gen' from 'C:\\Users\\User\\AppData\\Local\\Python\\pythoncore-3.14-64\\Lib\\site-packages\\comtypes\\gen\\__init__.py'>
[2026-09-22 18:46:39] [INFO] [comtypes.client._code_cache] Using writeable comtypes cache directory: 'C:\Users\User\AppData\Local\Python\pythoncore-3.14-64\Lib\site-packages\comtypes\gen'
[2026-09-22 18:46:39] [INFO] [voice.speaker] Selected TTS voice 'Microsoft David Desktop - English (United States)' for en-US.
[2026-09-22 18:46:39] [INFO] [voice.speaker] TTS engine initialized successfully.
[2026-09-22 18:46:39] [INFO] [voice.speaker] TTS worker started.
[2026-09-22 18:46:39] [INFO] [voice.wake_word] Wake-word detector stopped.
[2026-09-22 18:46:39] [INFO] [voice.speaker] TTS subsystem shut down.
[2026-09-22 18:46:39] [INFO] [voice.recognizer] Speech recognizer shut down.
[2026-09-22 18:46:39] [INFO] [dashboard.app] AssistantX dashboard shutdown complete.
[2026-09-22 18:46:39] [INFO] [AssistantX] AssistantX shutdown complete.
2026-09-22 18:46:42 | INFO     | AssistantX | ========================================================================
2026-09-22 18:46:42 | INFO     | AssistantX | AssistantX 1.0.0 starting...
2026-09-22 18:46:42 | INFO     | AssistantX | ========================================================================
2026-09-22 18:46:42 | INFO     | config.settings | Settings loaded from C:\MY Another type WEBSIte\AssistantX\data\settings.json.
2026-09-22 18:46:42 | INFO     | config.theme | AssistantX themes reloaded.
2026-09-22 18:46:42 | INFO     | AssistantX | Environment check passed.
[2026-09-22 18:46:42] [INFO] [AssistantX] Logging initialized (level=INFO, console=True, files=True).
[2026-09-22 18:46:42] [INFO] [core.history] Loaded 0 historical message(s) from C:\MY Another type WEBSIte\AssistantX\data\history.json.
[2026-09-22 18:46:42] [INFO] [core.memory] Loaded 23 memory entr(y/ies) from C:\MY Another type WEBSIte\AssistantX\data\memory.json.
[2026-09-22 18:46:42] [INFO] [AssistantX] Cache manager loaded.
[2026-09-22 18:46:42] [INFO] [core.assistant] Assistant initialized. AI provider=None, classifier=None
[2026-09-22 18:46:42] [INFO] [AssistantX] Assistant core initialized.
[2026-09-22 18:46:42] [ERROR] [database.migrations] Failed to open SQLite database: C:\MY Another type WEBSIte\AssistantX\database\assistantx.db
Traceback (most recent call last):
  File "C:\MY Another type WEBSIte\AssistantX\database\migrations.py", line 437, in create_connection
    connection.execute("PRAGMA journal_mode = WAL;")
    ~~~~~~~~~~~~~~~~~~^^^^^^^^^^^^^^^^^^^^^^^^^^^^^^
sqlite3.DatabaseError: database disk image is malformed
[2026-09-22 18:46:42] [ERROR] [AssistantX] Unexpected error while importing optional module: services.reminder_service
Traceback (most recent call last):
  File "C:\MY Another type WEBSIte\AssistantX\database\migrations.py", line 437, in create_connection
    connection.execute("PRAGMA journal_mode = WAL;")
    ~~~~~~~~~~~~~~~~~~^^^^^^^^^^^^^^^^^^^^^^^^^^^^^^
sqlite3.DatabaseError: database disk image is malformed

The above exception was the direct cause of the following exception:

Traceback (most recent call last):
  File "C:\MY Another type WEBSIte\AssistantX\main.py", line 460, in optional_import
    module = __import__(module_name, fromlist=["*"])
  File "C:\MY Another type WEBSIte\AssistantX\services\reminder_service.py", line 35, in <module>
    from database import Task, db_manager
  File "C:\MY Another type WEBSIte\AssistantX\database\__init__.py", line 17, in <module>
    from database.db_manager import DatabaseManager, db_manager
  File "C:\MY Another type WEBSIte\AssistantX\database\db_manager.py", line 1900, in <module>
    db_manager = DatabaseManager()
  File "C:\MY Another type WEBSIte\AssistantX\database\db_manager.py", line 199, in __init__
    self.migrate()
    ~~~~~~~~~~~~^^
  File "C:\MY Another type WEBSIte\AssistantX\database\db_manager.py", line 388, in migrate
    return run_migrations(
        self._db_path,
        create_backup=create_backup,
    )
  File "C:\MY Another type WEBSIte\AssistantX\database\migrations.py", line 708, in run_migrations
    previous_version = get_current_schema_version(path)
  File "C:\MY Another type WEBSIte\AssistantX\database\migrations.py", line 507, in get_current_schema_version
    connection = create_connection(db_path)
  File "C:\MY Another type WEBSIte\AssistantX\database\migrations.py", line 450, in create_connection
    raise DatabaseConnectionError(
        f"Unable to open SQLite database: {path}"
    ) from exc
database.migrations.DatabaseConnectionError: Unable to open SQLite database: C:\MY Another type WEBSIte\AssistantX\database\assistantx.db
[2026-09-22 18:46:42] [INFO] [AssistantX] Optional services loaded: 5
[2026-09-22 18:46:42] [INFO] [AssistantX] Dashboard created using create_app().
[2026-09-22 18:46:42] [INFO] [AssistantX] AssistantX startup completed in 0.247 seconds.
[2026-09-22 18:46:42] [INFO] [AssistantX] Starting AssistantX dashboard.
[2026-09-22 18:46:42] [INFO] [dashboard.app] Starting AssistantX dashboard...
[2026-09-22 18:46:42] [INFO] [config.config] Bootstrapping AssistantX v1.0.0 configuration...
[2026-09-22 18:46:42] [INFO] [config.env_loader] No .env file found at C:\MY Another type WEBSIte\AssistantX\.env. Using OS environment and defaults.
[2026-09-22 18:46:42] [INFO] [config.secrets] AssistantX secrets reloaded from environment.
[2026-09-22 18:46:42] [WARNING] [config.secrets] Credential 'gemini_api_key' is not configured. Related AssistantX features may be unavailable or use fallback providers.
[2026-09-22 18:46:42] [WARNING] [config.secrets] Credential 'openweather_api_key' is not configured. Related AssistantX features may be unavailable or use fallback providers.
[2026-09-22 18:46:42] [WARNING] [config.secrets] Credential 'newsapi_key' is not configured. Related AssistantX features may be unavailable or use fallback providers.
[2026-09-22 18:46:42] [INFO] [config.settings] Settings loaded from C:\MY Another type WEBSIte\AssistantX\data\settings.json.
[2026-09-22 18:46:42] [INFO] [config.theme] AssistantX themes reloaded.
[2026-09-22 18:46:42] [INFO] [config.config] Configuration bootstrap complete. Provider=gemini Theme=dark
[2026-09-22 18:46:42] [INFO] [dashboard.app] AssistantX core configuration initialized.
[2026-09-22 18:46:42] [WARNING] [dashboard.app] Dashboard theme manager unavailable.
[2026-09-22 18:46:42] [ERROR] [dashboard.app] Failed to start AssistantX dashboard.
Traceback (most recent call last):
  File "C:\MY Another type WEBSIte\AssistantX\dashboard\app.py", line 461, in _create_window
    from dashboard.window import Window
ImportError: cannot import name 'Window' from 'dashboard.window' (C:\MY Another type WEBSIte\AssistantX\dashboard\window.py). Did you mean: 'window'?

The above exception was the direct cause of the following exception:

Traceback (most recent call last):
  File "C:\MY Another type WEBSIte\AssistantX\dashboard\app.py", line 293, in start
    self._create_window()
    ~~~~~~~~~~~~~~~~~~~^^
  File "C:\MY Another type WEBSIte\AssistantX\dashboard\app.py", line 467, in _create_window
    raise DashboardStartupError(
        "dashboard.window.Window could not be imported."
    ) from exc
dashboard.app.DashboardStartupError: dashboard.window.Window could not be imported.
[2026-09-22 18:46:42] [ERROR] [dashboard.app] Unhandled dashboard runtime error.
Traceback (most recent call last):
  File "C:\MY Another type WEBSIte\AssistantX\dashboard\app.py", line 461, in _create_window
    from dashboard.window import Window
ImportError: cannot import name 'Window' from 'dashboard.window' (C:\MY Another type WEBSIte\AssistantX\dashboard\window.py). Did you mean: 'window'?

The above exception was the direct cause of the following exception:

Traceback (most recent call last):
  File "C:\MY Another type WEBSIte\AssistantX\dashboard\app.py", line 293, in start
    self._create_window()
    ~~~~~~~~~~~~~~~~~~~^^
  File "C:\MY Another type WEBSIte\AssistantX\dashboard\app.py", line 467, in _create_window
    raise DashboardStartupError(
        "dashboard.window.Window could not be imported."
    ) from exc
dashboard.app.DashboardStartupError: dashboard.window.Window could not be imported.

The above exception was the direct cause of the following exception:

Traceback (most recent call last):
  File "C:\MY Another type WEBSIte\AssistantX\dashboard\app.py", line 650, in run
    self.start()
    ~~~~~~~~~~^^
  File "C:\MY Another type WEBSIte\AssistantX\dashboard\app.py", line 325, in start
    raise DashboardStartupError(
        f"Dashboard startup failed: {exc}"
    ) from exc
dashboard.app.DashboardStartupError: Dashboard startup failed: dashboard.window.Window could not be imported.
[2026-09-22 18:46:42] [INFO] [dashboard.app] Shutting down AssistantX dashboard...
[2026-09-22 18:46:42] [WARNING] [voice.recognizer] No usable microphone detected: Could not find PyAudio; check installation
[2026-09-22 18:46:42] [INFO] [comtypes.client._code_cache] Imported existing <module 'comtypes.gen' from 'C:\\Users\\User\\AppData\\Local\\Python\\pythoncore-3.14-64\\Lib\\site-packages\\comtypes\\gen\\__init__.py'>
[2026-09-22 18:46:42] [INFO] [comtypes.client._code_cache] Using writeable comtypes cache directory: 'C:\Users\User\AppData\Local\Python\pythoncore-3.14-64\Lib\site-packages\comtypes\gen'
[2026-09-22 18:46:42] [INFO] [voice.speaker] Selected TTS voice 'Microsoft David Desktop - English (United States)' for en-US.
[2026-09-22 18:46:42] [INFO] [voice.speaker] TTS engine initialized successfully.
[2026-09-22 18:46:42] [INFO] [voice.speaker] TTS worker started.
[2026-09-22 18:46:42] [INFO] [voice.wake_word] Wake-word detector stopped.
[2026-09-22 18:46:42] [INFO] [voice.speaker] TTS subsystem shut down.
[2026-09-22 18:46:42] [INFO] [voice.recognizer] Speech recognizer shut down.
[2026-09-22 18:46:42] [INFO] [dashboard.app] AssistantX dashboard shutdown complete.
[2026-09-22 18:46:42] [INFO] [AssistantX] AssistantX shutdown complete.
2026-09-22 18:46:44 | INFO     | AssistantX | ========================================================================
2026-09-22 18:46:44 | INFO     | AssistantX | AssistantX 1.0.0 starting...
2026-09-22 18:46:44 | INFO     | AssistantX | ========================================================================
2026-09-22 18:46:44 | INFO     | config.settings | Settings loaded from C:\MY Another type WEBSIte\AssistantX\data\settings.json.
2026-09-22 18:46:44 | INFO     | config.theme | AssistantX themes reloaded.
2026-09-22 18:46:44 | INFO     | AssistantX | Environment check passed.
[2026-09-22 18:46:44] [INFO] [AssistantX] Logging initialized (level=INFO, console=True, files=True).
[2026-09-22 18:46:44] [INFO] [core.history] Loaded 0 historical message(s) from C:\MY Another type WEBSIte\AssistantX\data\history.json.
[2026-09-22 18:46:44] [INFO] [core.memory] Loaded 23 memory entr(y/ies) from C:\MY Another type WEBSIte\AssistantX\data\memory.json.
[2026-09-22 18:46:44] [INFO] [AssistantX] Cache manager loaded.
[2026-09-22 18:46:44] [INFO] [core.assistant] Assistant initialized. AI provider=None, classifier=None
[2026-09-22 18:46:44] [INFO] [AssistantX] Assistant core initialized.
[2026-09-22 18:46:44] [ERROR] [database.migrations] Failed to open SQLite database: C:\MY Another type WEBSIte\AssistantX\database\assistantx.db
Traceback (most recent call last):
  File "C:\MY Another type WEBSIte\AssistantX\database\migrations.py", line 437, in create_connection
    connection.execute("PRAGMA journal_mode = WAL;")
    ~~~~~~~~~~~~~~~~~~^^^^^^^^^^^^^^^^^^^^^^^^^^^^^^
sqlite3.DatabaseError: database disk image is malformed
[2026-09-22 18:46:44] [ERROR] [AssistantX] Unexpected error while importing optional module: services.reminder_service
Traceback (most recent call last):
  File "C:\MY Another type WEBSIte\AssistantX\database\migrations.py", line 437, in create_connection
    connection.execute("PRAGMA journal_mode = WAL;")
    ~~~~~~~~~~~~~~~~~~^^^^^^^^^^^^^^^^^^^^^^^^^^^^^^
sqlite3.DatabaseError: database disk image is malformed

The above exception was the direct cause of the following exception:

Traceback (most recent call last):
  File "C:\MY Another type WEBSIte\AssistantX\main.py", line 460, in optional_import
    module = __import__(module_name, fromlist=["*"])
  File "C:\MY Another type WEBSIte\AssistantX\services\reminder_service.py", line 35, in <module>
    from database import Task, db_manager
  File "C:\MY Another type WEBSIte\AssistantX\database\__init__.py", line 17, in <module>
    from database.db_manager import DatabaseManager, db_manager
  File "C:\MY Another type WEBSIte\AssistantX\database\db_manager.py", line 1900, in <module>
    db_manager = DatabaseManager()
  File "C:\MY Another type WEBSIte\AssistantX\database\db_manager.py", line 199, in __init__
    self.migrate()
    ~~~~~~~~~~~~^^
  File "C:\MY Another type WEBSIte\AssistantX\database\db_manager.py", line 388, in migrate
    return run_migrations(
        self._db_path,
        create_backup=create_backup,
    )
  File "C:\MY Another type WEBSIte\AssistantX\database\migrations.py", line 708, in run_migrations
    previous_version = get_current_schema_version(path)
  File "C:\MY Another type WEBSIte\AssistantX\database\migrations.py", line 507, in get_current_schema_version
    connection = create_connection(db_path)
  File "C:\MY Another type WEBSIte\AssistantX\database\migrations.py", line 450, in create_connection
    raise DatabaseConnectionError(
        f"Unable to open SQLite database: {path}"
    ) from exc
database.migrations.DatabaseConnectionError: Unable to open SQLite database: C:\MY Another type WEBSIte\AssistantX\database\assistantx.db
[2026-09-22 18:46:44] [INFO] [AssistantX] Optional services loaded: 5
[2026-09-22 18:46:44] [INFO] [AssistantX] Dashboard created using create_app().
[2026-09-22 18:46:44] [INFO] [AssistantX] AssistantX startup completed in 0.251 seconds.
[2026-09-22 18:46:44] [INFO] [AssistantX] Starting AssistantX dashboard.
[2026-09-22 18:46:44] [INFO] [dashboard.app] Starting AssistantX dashboard...
[2026-09-22 18:46:44] [INFO] [config.config] Bootstrapping AssistantX v1.0.0 configuration...
[2026-09-22 18:46:44] [INFO] [config.env_loader] No .env file found at C:\MY Another type WEBSIte\AssistantX\.env. Using OS environment and defaults.
[2026-09-22 18:46:44] [INFO] [config.secrets] AssistantX secrets reloaded from environment.
[2026-09-22 18:46:44] [WARNING] [config.secrets] Credential 'gemini_api_key' is not configured. Related AssistantX features may be unavailable or use fallback providers.
[2026-09-22 18:46:44] [WARNING] [config.secrets] Credential 'openweather_api_key' is not configured. Related AssistantX features may be unavailable or use fallback providers.
[2026-09-22 18:46:44] [WARNING] [config.secrets] Credential 'newsapi_key' is not configured. Related AssistantX features may be unavailable or use fallback providers.
[2026-09-22 18:46:44] [INFO] [config.settings] Settings loaded from C:\MY Another type WEBSIte\AssistantX\data\settings.json.
[2026-09-22 18:46:44] [INFO] [config.theme] AssistantX themes reloaded.
[2026-09-22 18:46:44] [INFO] [config.config] Configuration bootstrap complete. Provider=gemini Theme=dark
[2026-09-22 18:46:44] [INFO] [dashboard.app] AssistantX core configuration initialized.
[2026-09-22 18:46:44] [WARNING] [dashboard.app] Dashboard theme manager unavailable.
[2026-09-22 18:46:44] [ERROR] [dashboard.app] Failed to start AssistantX dashboard.
Traceback (most recent call last):
  File "C:\MY Another type WEBSIte\AssistantX\dashboard\app.py", line 461, in _create_window
    from dashboard.window import Window
ImportError: cannot import name 'Window' from 'dashboard.window' (C:\MY Another type WEBSIte\AssistantX\dashboard\window.py). Did you mean: 'window'?

The above exception was the direct cause of the following exception:

Traceback (most recent call last):
  File "C:\MY Another type WEBSIte\AssistantX\dashboard\app.py", line 293, in start
    self._create_window()
    ~~~~~~~~~~~~~~~~~~~^^
  File "C:\MY Another type WEBSIte\AssistantX\dashboard\app.py", line 467, in _create_window
    raise DashboardStartupError(
        "dashboard.window.Window could not be imported."
    ) from exc
dashboard.app.DashboardStartupError: dashboard.window.Window could not be imported.
[2026-09-22 18:46:44] [ERROR] [dashboard.app] Unhandled dashboard runtime error.
Traceback (most recent call last):
  File "C:\MY Another type WEBSIte\AssistantX\dashboard\app.py", line 461, in _create_window
    from dashboard.window import Window
ImportError: cannot import name 'Window' from 'dashboard.window' (C:\MY Another type WEBSIte\AssistantX\dashboard\window.py). Did you mean: 'window'?

The above exception was the direct cause of the following exception:

Traceback (most recent call last):
  File "C:\MY Another type WEBSIte\AssistantX\dashboard\app.py", line 293, in start
    self._create_window()
    ~~~~~~~~~~~~~~~~~~~^^
  File "C:\MY Another type WEBSIte\AssistantX\dashboard\app.py", line 467, in _create_window
    raise DashboardStartupError(
        "dashboard.window.Window could not be imported."
    ) from exc
dashboard.app.DashboardStartupError: dashboard.window.Window could not be imported.

The above exception was the direct cause of the following exception:

Traceback (most recent call last):
  File "C:\MY Another type WEBSIte\AssistantX\dashboard\app.py", line 650, in run
    self.start()
    ~~~~~~~~~~^^
  File "C:\MY Another type WEBSIte\AssistantX\dashboard\app.py", line 325, in start
    raise DashboardStartupError(
        f"Dashboard startup failed: {exc}"
    ) from exc
dashboard.app.DashboardStartupError: Dashboard startup failed: dashboard.window.Window could not be imported.
[2026-09-22 18:46:44] [INFO] [dashboard.app] Shutting down AssistantX dashboard...
[2026-09-22 18:46:44] [WARNING] [voice.recognizer] No usable microphone detected: Could not find PyAudio; check installation
[2026-09-22 18:46:44] [INFO] [comtypes.client._code_cache] Imported existing <module 'comtypes.gen' from 'C:\\Users\\User\\AppData\\Local\\Python\\pythoncore-3.14-64\\Lib\\site-packages\\comtypes\\gen\\__init__.py'>
[2026-09-22 18:46:44] [INFO] [comtypes.client._code_cache] Using writeable comtypes cache directory: 'C:\Users\User\AppData\Local\Python\pythoncore-3.14-64\Lib\site-packages\comtypes\gen'
[2026-09-22 18:46:45] [INFO] [voice.speaker] Selected TTS voice 'Microsoft David Desktop - English (United States)' for en-US.
[2026-09-22 18:46:45] [INFO] [voice.speaker] TTS engine initialized successfully.
[2026-09-22 18:46:45] [INFO] [voice.speaker] TTS worker started.
[2026-09-22 18:46:45] [INFO] [voice.wake_word] Wake-word detector stopped.
[2026-09-22 18:46:45] [INFO] [voice.speaker] TTS subsystem shut down.
[2026-09-22 18:46:45] [INFO] [voice.recognizer] Speech recognizer shut down.
[2026-09-22 18:46:45] [INFO] [dashboard.app] AssistantX dashboard shutdown complete.
[2026-09-22 18:46:45] [INFO] [AssistantX] AssistantX shutdown complete.
[2026-09-22 18:48:47] [INFO] [AssistantX] Logging initialized (level=INFO, console=True, files=True).
[2026-09-22 18:48:47] [INFO] [core.history] Loaded 0 historical message(s) from C:\MY Another type WEBSIte\AssistantX\data\history.json.
[2026-09-22 18:48:47] [INFO] [core.memory] Loaded 23 memory entr(y/ies) from C:\MY Another type WEBSIte\AssistantX\data\memory.json.
[2026-09-22 18:48:48] [ERROR] [database.migrations] Failed to open SQLite database: C:\MY Another type WEBSIte\AssistantX\database\assistantx.db
Traceback (most recent call last):
  File "C:\MY Another type WEBSIte\AssistantX\database\migrations.py", line 437, in create_connection
    connection.execute("PRAGMA journal_mode = WAL;")
    ~~~~~~~~~~~~~~~~~~^^^^^^^^^^^^^^^^^^^^^^^^^^^^^^
sqlite3.DatabaseError: database disk image is malformed
[2026-09-22 18:50:39] [INFO] [AssistantX] Logging initialized (level=INFO, console=True, files=True).
[2026-09-22 18:50:39] [INFO] [core.history] Loaded 0 historical message(s) from C:\MY Another type WEBSIte\AssistantX\data\history.json.
[2026-09-22 18:50:39] [INFO] [core.memory] Loaded 23 memory entr(y/ies) from C:\MY Another type WEBSIte\AssistantX\data\memory.json.
[2026-09-22 18:50:39] [ERROR] [database.migrations] Failed to open SQLite database: C:\MY Another type WEBSIte\AssistantX\database\assistantx.db
Traceback (most recent call last):
  File "C:\MY Another type WEBSIte\AssistantX\database\migrations.py", line 437, in create_connection
    connection.execute("PRAGMA journal_mode = WAL;")
    ~~~~~~~~~~~~~~~~~~^^^^^^^^^^^^^^^^^^^^^^^^^^^^^^
sqlite3.DatabaseError: database disk image is malformed
[2026-09-22 18:52:15] [INFO] [AssistantX] Logging initialized (level=INFO, console=True, files=True).
[2026-09-22 18:52:15] [INFO] [core.history] Loaded 0 historical message(s) from C:\MY Another type WEBSIte\AssistantX\data\history.json.
[2026-09-22 18:52:15] [INFO] [core.memory] Loaded 23 memory entr(y/ies) from C:\MY Another type WEBSIte\AssistantX\data\memory.json.
[2026-09-22 18:52:15] [INFO] [database.migrations] SQLite backup created: C:\MY Another type WEBSIte\AssistantX\database\backups\assistantx_20260922_125215.db
[2026-09-22 18:52:15] [INFO] [database.migrations] Applying migration 1: Initial schema: conversations, messages, memories, tasks, settings, commands, profile, cache
[2026-09-22 18:52:15] [INFO] [database.migrations] Applying migration 2: Add database metadata table for AssistantX diagnostics
[2026-09-22 18:52:15] [INFO] [database.migrations] Database migration complete: 2 migration(s), schema v2.
[2026-09-22 18:52:15] [ERROR] [ai.provider] [test] API call failed: Test provider error
[2026-09-22 18:52:15] [ERROR] [ai.provider] [test] API call failed: Test provider error
[2026-09-22 18:52:15] [ERROR] [ai.provider] [test] API call failed: Test provider error
[2026-09-22 18:52:15] [WARNING] [ai.provider] Could not initialize provider 'local': 
[2026-09-22 18:52:15] [INFO] [automation.browser] Opening URL: https://example.com
[2026-09-22 18:52:15] [INFO] [automation.browser] Searching 'AssistantX' via Google.
[2026-09-22 18:52:15] [INFO] [automation.files] Created file: C:\Users\User\AppData\Local\Temp\pytest-of-User\pytest-36\test_create_file0\assistantx_test_workspace\created.txt
[2026-09-22 18:52:15] [INFO] [automation.files] Renamed file 'C:\Users\User\AppData\Local\Temp\pytest-of-User\pytest-36\test_rename_file0\assistantx_test_workspace\sample.txt' -> 'C:\Users\User\AppData\Local\Temp\pytest-of-User\pytest-36\test_rename_file0\assistantx_test_workspace\renamed.txt'
[2026-09-22 18:52:15] [INFO] [automation.files] Copied file 'C:\Users\User\AppData\Local\Temp\pytest-of-User\pytest-36\test_copy_file0\assistantx_test_workspace\sample.txt' -> 'C:\Users\User\AppData\Local\Temp\pytest-of-User\pytest-36\test_copy_file0\assistantx_test_workspace\copy.txt\sample.txt'
[2026-09-22 18:52:15] [INFO] [automation.files] Moved file 'C:\Users\User\AppData\Local\Temp\pytest-of-User\pytest-36\test_move_file0\assistantx_test_workspace\sample.txt' -> 'C:\Users\User\AppData\Local\Temp\pytest-of-User\pytest-36\test_move_file0\assistantx_test_workspace\destination\sample.txt'
[2026-09-22 18:52:15] [WARNING] [automation.files] Deleted file: C:\Users\User\AppData\Local\Temp\pytest-of-User\pytest-36\test_delete_file0\assistantx_test_workspace\sample.txt
[2026-09-22 18:52:15] [INFO] [automation.files] search_files found 1 result(s) for 'sample.txt'.
[2026-09-22 18:52:15] [INFO] [automation.folders] Created folder: C:\Users\User\AppData\Local\Temp\pytest-of-User\pytest-36\test_create_folder0\assistantx_test_workspace\test_folder
[2026-09-22 18:52:15] [INFO] [automation.folders] Created folder: C:\Users\User\AppData\Local\Temp\pytest-of-User\pytest-36\test_create_nested_folder0\assistantx_test_workspace\parent\child
[2026-09-22 18:52:15] [INFO] [automation.folders] Deleted folder: C:\Users\User\AppData\Local\Temp\pytest-of-User\pytest-36\test_delete_folder0\assistantx_test_workspace\remove_me (recursive=False)
[2026-09-22 18:52:15] [INFO] [automation.mouse] MouseController initialized.
[2026-09-22 18:52:16] [INFO] [automation.browser] Opening URL: http://example.com
[2026-09-22 18:52:16] [INFO] [automation.browser] Opening URL: https://example.com
[2026-09-22 18:52:16] [INFO] [automation.browser] Opening URL: https://example.com/path?q=assistantx
[2026-09-22 18:52:16] [INFO] [automation.browser] Opening URL: https://example.com
[2026-09-22 18:52:16] [INFO] [automation.browser] Initiating web search for query: 'Python programming' using engine: google
[2026-09-22 18:52:16] [INFO] [automation.browser] Initiating web search for query: 'AssistantX Python AI' using engine: google
[2026-09-22 18:52:16] [INFO] [automation.browser] Initiating web search for query: 'Python + AI & automation' using engine: google
[2026-09-22 18:52:16] [INFO] [automation.browser] Initiating web search for query: 'বাংলা ভাষা' using engine: google
[2026-09-22 18:52:16] [INFO] [automation.browser] Opening URL: https://example.com
[2026-09-22 18:52:16] [INFO] [automation.browser] Opening URL: http://example.com
[2026-09-22 18:52:16] [INFO] [automation.browser] Opening URL: https://example.com
[2026-09-22 18:52:16] [INFO] [automation.browser] Searching 'latest Python documentation' via Google.
[2026-09-22 18:52:16] [INFO] [automation.browser] Opening URL: https://www.google.com/search?q=latest+Python+documentation
[2026-09-22 18:52:16] [INFO] [automation.browser] Searching 'বাংলাদেশের খবর' via Google.
[2026-09-22 18:52:16] [INFO] [automation.browser] Opening URL: https://www.google.com/search?q=%E0%A6%AC%E0%A6%BE%E0%A6%82%E0%A6%B2%E0%A6%BE%E0%A6%A6%E0%A7%87%E0%A6%B6%E0%A7%87%E0%A6%B0+%E0%A6%96%E0%A6%AC%E0%A6%B0
[2026-09-22 18:52:16] [INFO] [automation.browser] Opening URL: https://example.com
[2026-09-22 18:52:16] [ERROR] [automation.browser] Unexpected browser error while opening 'https://example.com'.
Traceback (most recent call last):
  File "C:\MY Another type WEBSIte\AssistantX\automation\browser.py", line 418, in open_url
    success = webbrowser.open_new_tab(normalized)
  File "C:\Users\User\AppData\Local\Python\pythoncore-3.14-64\Lib\webbrowser.py", line 111, in open_new_tab
    return open(url, 2)
  File "C:\Users\User\AppData\Local\Python\pythoncore-3.14-64\Lib\unittest\mock.py", line 1176, in __call__
    return self._mock_call(*args, **kwargs)
           ~~~~~~~~~~~~~~~^^^^^^^^^^^^^^^^^
  File "C:\Users\User\AppData\Local\Python\pythoncore-3.14-64\Lib\unittest\mock.py", line 1180, in _mock_call
    return self._execute_mock_call(*args, **kwargs)
           ~~~~~~~~~~~~~~~~~~~~~~~^^^^^^^^^^^^^^^^^
  File "C:\Users\User\AppData\Local\Python\pythoncore-3.14-64\Lib\unittest\mock.py", line 1241, in _execute_mock_call
    raise effect
RuntimeError: Browser backend failed
[2026-09-22 18:52:16] [INFO] [automation.browser] Opening URL: https://example.com
[2026-09-22 18:52:16] [ERROR] [automation.browser] Unexpected browser error while opening 'https://example.com'.
Traceback (most recent call last):
  File "C:\MY Another type WEBSIte\AssistantX\automation\browser.py", line 418, in open_url
    success = webbrowser.open_new_tab(normalized)
  File "C:\Users\User\AppData\Local\Python\pythoncore-3.14-64\Lib\webbrowser.py", line 111, in open_new_tab
    return open(url, 2)
  File "C:\Users\User\AppData\Local\Python\pythoncore-3.14-64\Lib\unittest\mock.py", line 1176, in __call__
    return self._mock_call(*args, **kwargs)
           ~~~~~~~~~~~~~~~^^^^^^^^^^^^^^^^^
  File "C:\Users\User\AppData\Local\Python\pythoncore-3.14-64\Lib\unittest\mock.py", line 1180, in _mock_call
    return self._execute_mock_call(*args, **kwargs)
           ~~~~~~~~~~~~~~~~~~~~~~~^^^^^^^^^^^^^^^^^
  File "C:\Users\User\AppData\Local\Python\pythoncore-3.14-64\Lib\unittest\mock.py", line 1241, in _execute_mock_call
    raise effect
OSError: Unable to launch browser
[2026-09-22 18:52:16] [INFO] [automation.browser] Initiating web search for query: 'AssistantX' using engine: google
[2026-09-22 18:52:16] [INFO] [automation.browser] Opening URL: https://example.com
[2026-09-22 18:52:16] [INFO] [automation.browser] Opening URL: https://example.com/
[2026-09-22 18:52:16] [INFO] [automation.browser] Opening URL: https://example.com/path
[2026-09-22 18:52:16] [INFO] [automation.browser] Opening URL: https://example.com/path?q=test
[2026-09-22 18:52:16] [INFO] [automation.browser] Opening URL: https://sub.example.com
[2026-09-22 18:52:16] [INFO] [automation.browser] Opening URL: http://localhost:8000
[2026-09-22 18:52:16] [INFO] [automation.browser] Initiating web search for query: 'python' using engine: google
[2026-09-22 18:52:16] [INFO] [automation.browser] Initiating web search for query: 'python programming' using engine: google
[2026-09-22 18:52:16] [INFO] [automation.browser] Initiating web search for query: 'Python 3.14' using engine: google
[2026-09-22 18:52:16] [INFO] [automation.browser] Initiating web search for query: 'AI assistant' using engine: google
[2026-09-22 18:52:16] [INFO] [automation.browser] Initiating web search for query: 'AssistantX automation' using engine: google
[2026-09-22 18:52:16] [INFO] [automation.browser] Initiating web search for query: 'C++ programming' using engine: google
[2026-09-22 18:52:16] [INFO] [automation.browser] Initiating web search for query: 'email@example.com' using engine: google
[2026-09-22 18:52:16] [INFO] [automation.browser] Initiating web search for query: '100% Python' using engine: google
[2026-09-22 18:52:16] [INFO] [automation.browser] Initiating web search for query: 'বাংলা' using engine: google
[2026-09-22 18:52:16] [INFO] [automation.browser] Initiating web search for query: 'বাংলা Python' using engine: google
[2026-09-22 18:52:16] [INFO] [automation.browser] Opening URL: https://example.com
[2026-09-22 18:52:16] [INFO] [automation.browser] Initiating web search for query: 'AssistantX' using engine: google
[2026-09-22 18:52:16] [INFO] [automation.browser] Opening URL: https://example.com
[2026-09-22 18:52:16] [INFO] [automation.browser] Opening URL: https://example.com
[2026-09-22 18:52:16] [INFO] [automation.browser] Initiating web search for query: 'AssistantX browser automation' using engine: google
[2026-09-22 18:52:16] [INFO] [automation.browser] Opening URL: https://example.com
[2026-09-22 18:52:16] [INFO] [automation.browser] Opening URL: https://example.com
[2026-09-22 18:52:16] [INFO] [automation.browser] Opening URL: https://example.com
[2026-09-22 18:52:16] [INFO] [automation.browser] Opening URL: https://example.com
[2026-09-22 18:52:16] [INFO] [automation.browser] Opening URL: https://example.com
[2026-09-22 18:52:16] [INFO] [automation.browser] Opening URL: https://example.com
[2026-09-22 18:52:16] [INFO] [automation.browser] Opening URL: https://example.com
[2026-09-22 18:52:16] [INFO] [automation.browser] Opening URL: https://example.com
[2026-09-22 18:52:16] [INFO] [automation.browser] Opening URL: https://example.com
[2026-09-22 18:52:16] [INFO] [automation.browser] Opening URL: https://example.com
[2026-09-22 18:52:16] [INFO] [automation.browser] Opening URL: https://example.com
[2026-09-22 18:52:16] [INFO] [automation.browser] Initiating web search for query: 'AssistantX' using engine: google
[2026-09-22 18:52:16] [INFO] [automation.browser] Initiating web search for query: 'AssistantX' using engine: google
[2026-09-22 18:52:16] [INFO] [automation.browser] Initiating web search for query: 'AssistantX' using engine: google
[2026-09-22 18:52:16] [INFO] [automation.browser] Initiating web search for query: 'AssistantX' using engine: google
[2026-09-22 18:52:16] [INFO] [automation.browser] Initiating web search for query: 'AssistantX' using engine: google
[2026-09-22 18:52:16] [INFO] [automation.browser] Initiating web search for query: 'AssistantX' using engine: google
[2026-09-22 18:52:16] [INFO] [automation.browser] Initiating web search for query: 'AssistantX' using engine: google
[2026-09-22 18:52:16] [INFO] [automation.browser] Initiating web search for query: 'AssistantX' using engine: google
[2026-09-22 18:52:16] [INFO] [automation.browser] Initiating web search for query: 'AssistantX' using engine: google
[2026-09-22 18:52:16] [INFO] [automation.browser] Initiating web search for query: 'AssistantX' using engine: google
[2026-09-22 18:52:16] [INFO] [automation.browser] Opening URL: https://example.com
[2026-09-22 18:52:16] [INFO] [automation.browser] Opening URL: https://example.com
[2026-09-22 18:52:16] [INFO] [automation.browser] Opening URL: https://example.com
[2026-09-22 18:52:16] [INFO] [automation.browser] Opening URL: https://example.com
[2026-09-22 18:52:16] [INFO] [automation.browser] Opening URL: https://example.com
[2026-09-22 18:52:16] [INFO] [automation.browser] Opening URL: https://example.com
[2026-09-22 18:52:16] [INFO] [automation.browser] Opening URL: https://example.com
[2026-09-22 18:52:16] [INFO] [automation.browser] Opening URL: https://example.com
[2026-09-22 18:52:16] [INFO] [automation.browser] Opening URL: https://example.com
[2026-09-22 18:52:16] [INFO] [automation.browser] Opening URL: https://example.com
[2026-09-22 18:52:16] [INFO] [automation.browser] Opening URL: https://example.com
[2026-09-22 18:52:16] [INFO] [automation.browser] Initiating web search for query: 'AssistantX AI' using engine: google
[2026-09-22 18:52:16] [INFO] [automation.browser] Opening URL: https://example.org
[2026-09-22 18:52:17] [INFO] [database.migrations] SQLite backup created: C:\Users\User\AppData\Local\Temp\pytest-of-User\pytest-36\test_migration_execution_is_re0\backups\assistantx_test_20260922_125217.db
[2026-09-22 18:52:17] [INFO] [database.migrations] Applying migration 1: Initial schema: conversations, messages, memories, tasks, settings, commands, profile, cache
[2026-09-22 18:52:17] [INFO] [database.migrations] Applying migration 2: Add database metadata table for AssistantX diagnostics
[2026-09-22 18:52:17] [INFO] [database.migrations] Database migration complete: 2 migration(s), schema v2.
[2026-09-22 18:52:17] [INFO] [core.memory] Memory forgotten: delete_test
[2026-09-22 18:52:18] [INFO] [services.search_service] Search for 'AssistantX' returned 0 result(s) via none.
[2026-09-22 18:52:19] [INFO] [services.news_service] Fetched 10 top headline(s) via google_news_rss (category=general).
[2026-09-22 18:52:21] [INFO] [automation.system] SystemController initialized on windows.
[2026-09-22 18:52:21] [WARNING] [automation.system] System shutdown requested (delay=5s).
[2026-09-22 18:52:21] [INFO] [automation.system] System action executed: shutdown
[2026-09-22 18:52:21] [WARNING] [automation.system] System restart requested (delay=5s).
[2026-09-22 18:52:21] [INFO] [automation.system] System action executed: restart
[2026-09-22 18:52:21] [INFO] [automation.system] System sleep requested.
[2026-09-22 18:52:21] [INFO] [automation.system] System action executed: sleep
[2026-09-22 18:52:21] [INFO] [automation.system] Setting system volume to 50%.
[2026-09-22 18:52:21] [WARNING] [automation.system] System shutdown requested (delay=5s).
[2026-09-22 18:52:21] [WARNING] [automation.system] System shutdown requested (delay=5s).
[2026-09-22 18:52:21] [WARNING] [automation.system] System shutdown requested (delay=5s).
[2026-09-22 18:52:21] [INFO] [automation.system] System action executed: shutdown
[2026-09-22 18:52:21] [WARNING] [automation.system] System restart requested (delay=5s).
[2026-09-22 18:52:21] [INFO] [automation.system] System action executed: restart
[2026-09-22 18:52:21] [WARNING] [automation.system] System shutdown requested (delay=5s).
[2026-09-22 18:52:21] [INFO] [automation.system] System action executed: shutdown
[2026-09-22 18:52:21] [WARNING] [automation.system] System shutdown requested (delay=5s).
[2026-09-22 18:52:21] [INFO] [automation.system] System action executed: shutdown
[2026-09-22 18:52:21] [WARNING] [automation.system] System shutdown requested (delay=5s).
[2026-09-22 18:52:21] [INFO] [automation.system] System action executed: shutdown
[2026-09-22 18:52:21] [WARNING] [automation.system] System shutdown requested (delay=5s).
[2026-09-22 18:52:21] [INFO] [automation.system] System action executed: shutdown
[2026-09-22 18:52:21] [WARNING] [automation.system] System shutdown requested (delay=5s).
[2026-09-22 18:52:21] [INFO] [automation.system] System action executed: shutdown
[2026-09-22 18:52:21] [WARNING] [automation.system] System restart requested (delay=5s).
[2026-09-22 18:52:21] [INFO] [automation.system] System action executed: restart
[2026-09-22 18:52:21] [WARNING] [automation.system] System restart requested (delay=5s).
[2026-09-22 18:52:21] [INFO] [automation.system] System action executed: restart
[2026-09-22 18:52:21] [WARNING] [automation.system] System restart requested (delay=5s).
[2026-09-22 18:52:21] [INFO] [automation.system] System action executed: restart
[2026-09-22 18:52:21] [WARNING] [automation.system] System restart requested (delay=5s).
[2026-09-22 18:52:21] [INFO] [automation.system] System action executed: restart
[2026-09-22 18:52:21] [WARNING] [automation.system] System restart requested (delay=5s).
[2026-09-22 18:52:21] [INFO] [automation.system] System action executed: restart
[2026-09-22 18:52:21] [WARNING] [automation.system] System shutdown requested (delay=5s).
[2026-09-22 18:52:21] [INFO] [automation.system] System action executed: shutdown
[2026-09-22 18:52:21] [WARNING] [voice.recognizer] SpeechRecognition is not installed. Voice input is unavailable. Install with: pip install SpeechRecognition
[2026-09-22 18:52:21] [WARNING] [voice.speaker] pyttsx3 is not installed. Offline TTS is unavailable. Install it with: pip install pyttsx3
[2026-09-22 20:43:42] [INFO] [AssistantX] Logging initialized (level=INFO, console=True, files=True).
[2026-09-22 20:43:42] [INFO] [core.history] Loaded 0 historical message(s) from C:\MY Another type WEBSIte\AssistantX\data\history.json.
[2026-09-22 20:43:42] [INFO] [core.memory] Loaded 23 memory entr(y/ies) from C:\MY Another type WEBSIte\AssistantX\data\memory.json.
[2026-09-22 20:43:42] [ERROR] [ai.provider] [test] API call failed: Test provider error
[2026-09-22 20:43:42] [ERROR] [ai.provider] [test] API call failed: Test provider error
[2026-09-22 20:43:42] [ERROR] [ai.provider] [test] API call failed: Test provider error
[2026-09-22 20:43:42] [WARNING] [ai.provider] Could not initialize provider 'local': 
[2026-09-22 20:43:42] [INFO] [automation.browser] Opening URL: https://example.com
[2026-09-22 20:43:42] [INFO] [automation.browser] Searching 'AssistantX' via Google.
[2026-09-22 20:43:42] [INFO] [automation.files] Created file: C:\Users\User\AppData\Local\Temp\pytest-of-User\pytest-37\test_create_file0\assistantx_test_workspace\created.txt
[2026-09-22 20:43:42] [INFO] [automation.files] Renamed file 'C:\Users\User\AppData\Local\Temp\pytest-of-User\pytest-37\test_rename_file0\assistantx_test_workspace\sample.txt' -> 'C:\Users\User\AppData\Local\Temp\pytest-of-User\pytest-37\test_rename_file0\assistantx_test_workspace\renamed.txt'
[2026-09-22 20:43:42] [INFO] [automation.files] Copied file 'C:\Users\User\AppData\Local\Temp\pytest-of-User\pytest-37\test_copy_file0\assistantx_test_workspace\sample.txt' -> 'C:\Users\User\AppData\Local\Temp\pytest-of-User\pytest-37\test_copy_file0\assistantx_test_workspace\copy.txt\sample.txt'
[2026-09-22 20:43:42] [INFO] [automation.files] Moved file 'C:\Users\User\AppData\Local\Temp\pytest-of-User\pytest-37\test_move_file0\assistantx_test_workspace\sample.txt' -> 'C:\Users\User\AppData\Local\Temp\pytest-of-User\pytest-37\test_move_file0\assistantx_test_workspace\destination\sample.txt'
[2026-09-22 20:43:42] [WARNING] [automation.files] Deleted file: C:\Users\User\AppData\Local\Temp\pytest-of-User\pytest-37\test_delete_file0\assistantx_test_workspace\sample.txt
[2026-09-22 20:43:42] [INFO] [automation.files] search_files found 1 result(s) for 'sample.txt'.
[2026-09-22 20:43:42] [INFO] [automation.folders] Created folder: C:\Users\User\AppData\Local\Temp\pytest-of-User\pytest-37\test_create_folder0\assistantx_test_workspace\test_folder
[2026-09-22 20:43:42] [INFO] [automation.folders] Created folder: C:\Users\User\AppData\Local\Temp\pytest-of-User\pytest-37\test_create_nested_folder0\assistantx_test_workspace\parent\child
[2026-09-22 20:43:42] [INFO] [automation.folders] Deleted folder: C:\Users\User\AppData\Local\Temp\pytest-of-User\pytest-37\test_delete_folder0\assistantx_test_workspace\remove_me (recursive=False)
[2026-09-22 20:43:43] [INFO] [automation.mouse] MouseController initialized.
[2026-09-22 20:43:43] [INFO] [automation.browser] Opening URL: http://example.com
[2026-09-22 20:43:43] [INFO] [automation.browser] Opening URL: https://example.com
[2026-09-22 20:43:43] [INFO] [automation.browser] Opening URL: https://example.com/path?q=assistantx
[2026-09-22 20:43:43] [INFO] [automation.browser] Opening URL: https://example.com
[2026-09-22 20:43:43] [INFO] [automation.browser] Initiating web search for query: 'Python programming' using engine: google
[2026-09-22 20:43:43] [INFO] [automation.browser] Initiating web search for query: 'AssistantX Python AI' using engine: google
[2026-09-22 20:43:43] [INFO] [automation.browser] Initiating web search for query: 'Python + AI & automation' using engine: google
[2026-09-22 20:43:43] [INFO] [automation.browser] Initiating web search for query: 'বাংলা ভাষা' using engine: google
[2026-09-22 20:43:43] [INFO] [automation.browser] Opening URL: https://example.com
[2026-09-22 20:43:43] [INFO] [automation.browser] Opening URL: http://example.com
[2026-09-22 20:43:43] [INFO] [automation.browser] Opening URL: https://example.com
[2026-09-22 20:43:43] [INFO] [automation.browser] Searching 'latest Python documentation' via Google.
[2026-09-22 20:43:43] [INFO] [automation.browser] Opening URL: https://www.google.com/search?q=latest+Python+documentation
[2026-09-22 20:43:43] [INFO] [automation.browser] Searching 'বাংলাদেশের খবর' via Google.
[2026-09-22 20:43:43] [INFO] [automation.browser] Opening URL: https://www.google.com/search?q=%E0%A6%AC%E0%A6%BE%E0%A6%82%E0%A6%B2%E0%A6%BE%E0%A6%A6%E0%A7%87%E0%A6%B6%E0%A7%87%E0%A6%B0+%E0%A6%96%E0%A6%AC%E0%A6%B0
[2026-09-22 20:43:43] [INFO] [automation.browser] Opening URL: https://example.com
[2026-09-22 20:43:43] [ERROR] [automation.browser] Unexpected browser error while opening 'https://example.com'.
Traceback (most recent call last):
  File "C:\MY Another type WEBSIte\AssistantX\automation\browser.py", line 418, in open_url
    success = webbrowser.open_new_tab(normalized)
  File "C:\Users\User\AppData\Local\Python\pythoncore-3.14-64\Lib\webbrowser.py", line 111, in open_new_tab
    return open(url, 2)
  File "C:\Users\User\AppData\Local\Python\pythoncore-3.14-64\Lib\unittest\mock.py", line 1176, in __call__
    return self._mock_call(*args, **kwargs)
           ~~~~~~~~~~~~~~~^^^^^^^^^^^^^^^^^
  File "C:\Users\User\AppData\Local\Python\pythoncore-3.14-64\Lib\unittest\mock.py", line 1180, in _mock_call
    return self._execute_mock_call(*args, **kwargs)
           ~~~~~~~~~~~~~~~~~~~~~~~^^^^^^^^^^^^^^^^^
  File "C:\Users\User\AppData\Local\Python\pythoncore-3.14-64\Lib\unittest\mock.py", line 1241, in _execute_mock_call
    raise effect
RuntimeError: Browser backend failed
[2026-09-22 20:43:43] [INFO] [automation.browser] Opening URL: https://example.com
[2026-09-22 20:43:43] [ERROR] [automation.browser] Unexpected browser error while opening 'https://example.com'.
Traceback (most recent call last):
  File "C:\MY Another type WEBSIte\AssistantX\automation\browser.py", line 418, in open_url
    success = webbrowser.open_new_tab(normalized)
  File "C:\Users\User\AppData\Local\Python\pythoncore-3.14-64\Lib\webbrowser.py", line 111, in open_new_tab
    return open(url, 2)
  File "C:\Users\User\AppData\Local\Python\pythoncore-3.14-64\Lib\unittest\mock.py", line 1176, in __call__
    return self._mock_call(*args, **kwargs)
           ~~~~~~~~~~~~~~~^^^^^^^^^^^^^^^^^
  File "C:\Users\User\AppData\Local\Python\pythoncore-3.14-64\Lib\unittest\mock.py", line 1180, in _mock_call
    return self._execute_mock_call(*args, **kwargs)
           ~~~~~~~~~~~~~~~~~~~~~~~^^^^^^^^^^^^^^^^^
  File "C:\Users\User\AppData\Local\Python\pythoncore-3.14-64\Lib\unittest\mock.py", line 1241, in _execute_mock_call
    raise effect
OSError: Unable to launch browser
[2026-09-22 20:43:43] [INFO] [automation.browser] Initiating web search for query: 'AssistantX' using engine: google
[2026-09-22 20:43:43] [INFO] [automation.browser] Opening URL: https://example.com
[2026-09-22 20:43:43] [INFO] [automation.browser] Opening URL: https://example.com/
[2026-09-22 20:43:43] [INFO] [automation.browser] Opening URL: https://example.com/path
[2026-09-22 20:43:43] [INFO] [automation.browser] Opening URL: https://example.com/path?q=test
[2026-09-22 20:43:43] [INFO] [automation.browser] Opening URL: https://sub.example.com
[2026-09-22 20:43:43] [INFO] [automation.browser] Opening URL: http://localhost:8000
[2026-09-22 20:43:43] [INFO] [automation.browser] Initiating web search for query: 'python' using engine: google
[2026-09-22 20:43:43] [INFO] [automation.browser] Initiating web search for query: 'python programming' using engine: google
[2026-09-22 20:43:43] [INFO] [automation.browser] Initiating web search for query: 'Python 3.14' using engine: google
[2026-09-22 20:43:43] [INFO] [automation.browser] Initiating web search for query: 'AI assistant' using engine: google
[2026-09-22 20:43:43] [INFO] [automation.browser] Initiating web search for query: 'AssistantX automation' using engine: google
[2026-09-22 20:43:43] [INFO] [automation.browser] Initiating web search for query: 'C++ programming' using engine: google
[2026-09-22 20:43:43] [INFO] [automation.browser] Initiating web search for query: 'email@example.com' using engine: google
[2026-09-22 20:43:43] [INFO] [automation.browser] Initiating web search for query: '100% Python' using engine: google
[2026-09-22 20:43:43] [INFO] [automation.browser] Initiating web search for query: 'বাংলা' using engine: google
[2026-09-22 20:43:43] [INFO] [automation.browser] Initiating web search for query: 'বাংলা Python' using engine: google
[2026-09-22 20:43:43] [INFO] [automation.browser] Opening URL: https://example.com
[2026-09-22 20:43:43] [INFO] [automation.browser] Initiating web search for query: 'AssistantX' using engine: google
[2026-09-22 20:43:43] [INFO] [automation.browser] Opening URL: https://example.com
[2026-09-22 20:43:43] [INFO] [automation.browser] Opening URL: https://example.com
[2026-09-22 20:43:43] [INFO] [automation.browser] Initiating web search for query: 'AssistantX browser automation' using engine: google
[2026-09-22 20:43:43] [INFO] [automation.browser] Opening URL: https://example.com
[2026-09-22 20:43:43] [INFO] [automation.browser] Opening URL: https://example.com
[2026-09-22 20:43:43] [INFO] [automation.browser] Opening URL: https://example.com
[2026-09-22 20:43:43] [INFO] [automation.browser] Opening URL: https://example.com
[2026-09-22 20:43:43] [INFO] [automation.browser] Opening URL: https://example.com
[2026-09-22 20:43:43] [INFO] [automation.browser] Opening URL: https://example.com
[2026-09-22 20:43:43] [INFO] [automation.browser] Opening URL: https://example.com
[2026-09-22 20:43:43] [INFO] [automation.browser] Opening URL: https://example.com
[2026-09-22 20:43:43] [INFO] [automation.browser] Opening URL: https://example.com
[2026-09-22 20:43:43] [INFO] [automation.browser] Opening URL: https://example.com
[2026-09-22 20:43:43] [INFO] [automation.browser] Opening URL: https://example.com
[2026-09-22 20:43:43] [INFO] [automation.browser] Initiating web search for query: 'AssistantX' using engine: google
[2026-09-22 20:43:43] [INFO] [automation.browser] Initiating web search for query: 'AssistantX' using engine: google
[2026-09-22 20:43:43] [INFO] [automation.browser] Initiating web search for query: 'AssistantX' using engine: google
[2026-09-22 20:43:43] [INFO] [automation.browser] Initiating web search for query: 'AssistantX' using engine: google
[2026-09-22 20:43:43] [INFO] [automation.browser] Initiating web search for query: 'AssistantX' using engine: google
[2026-09-22 20:43:43] [INFO] [automation.browser] Initiating web search for query: 'AssistantX' using engine: google
[2026-09-22 20:43:43] [INFO] [automation.browser] Initiating web search for query: 'AssistantX' using engine: google
[2026-09-22 20:43:43] [INFO] [automation.browser] Initiating web search for query: 'AssistantX' using engine: google
[2026-09-22 20:43:43] [INFO] [automation.browser] Initiating web search for query: 'AssistantX' using engine: google
[2026-09-22 20:43:43] [INFO] [automation.browser] Initiating web search for query: 'AssistantX' using engine: google
[2026-09-22 20:43:43] [INFO] [automation.browser] Opening URL: https://example.com
[2026-09-22 20:43:43] [INFO] [automation.browser] Opening URL: https://example.com
[2026-09-22 20:43:43] [INFO] [automation.browser] Opening URL: https://example.com
[2026-09-22 20:43:43] [INFO] [automation.browser] Opening URL: https://example.com
[2026-09-22 20:43:43] [INFO] [automation.browser] Opening URL: https://example.com
[2026-09-22 20:43:43] [INFO] [automation.browser] Opening URL: https://example.com
[2026-09-22 20:43:43] [INFO] [automation.browser] Opening URL: https://example.com
[2026-09-22 20:43:43] [INFO] [automation.browser] Opening URL: https://example.com
[2026-09-22 20:43:43] [INFO] [automation.browser] Opening URL: https://example.com
[2026-09-22 20:43:43] [INFO] [automation.browser] Opening URL: https://example.com
[2026-09-22 20:43:43] [INFO] [automation.browser] Opening URL: https://example.com
[2026-09-22 20:43:43] [INFO] [automation.browser] Initiating web search for query: 'AssistantX AI' using engine: google
[2026-09-22 20:43:43] [INFO] [automation.browser] Opening URL: https://example.org
[2026-09-22 20:43:44] [INFO] [database.migrations] SQLite backup created: C:\Users\User\AppData\Local\Temp\pytest-of-User\pytest-37\test_migration_execution_is_re0\backups\assistantx_test_20260922_144344.db
[2026-09-22 20:43:44] [INFO] [database.migrations] Applying migration 1: Initial schema: conversations, messages, memories, tasks, settings, commands, profile, cache
[2026-09-22 20:43:44] [INFO] [database.migrations] Applying migration 2: Add database metadata table for AssistantX diagnostics
[2026-09-22 20:43:44] [INFO] [database.migrations] Database migration complete: 2 migration(s), schema v2.
[2026-09-22 20:43:44] [INFO] [core.memory] Memory forgotten: delete_test
[2026-09-22 20:43:45] [INFO] [services.search_service] Search for 'AssistantX' returned 0 result(s) via none.
[2026-09-22 20:43:47] [INFO] [services.news_service] Fetched 10 top headline(s) via google_news_rss (category=general).
[2026-09-22 20:43:48] [INFO] [services.translate_service] Translated 5 char(s) en -> en via free_endpoint.
[2026-09-22 20:43:49] [INFO] [automation.system] SystemController initialized on windows.
[2026-09-22 20:43:49] [WARNING] [automation.system] System shutdown requested (delay=5s).
[2026-09-22 20:43:49] [INFO] [automation.system] System action executed: shutdown
[2026-09-22 20:43:49] [WARNING] [automation.system] System restart requested (delay=5s).
[2026-09-22 20:43:49] [INFO] [automation.system] System action executed: restart
[2026-09-22 20:43:49] [INFO] [automation.system] System sleep requested.
[2026-09-22 20:43:49] [INFO] [automation.system] System action executed: sleep
[2026-09-22 20:43:49] [INFO] [automation.system] Setting system volume to 50%.
[2026-09-22 20:43:49] [WARNING] [automation.system] System shutdown requested (delay=5s).
[2026-09-22 20:43:49] [WARNING] [automation.system] System shutdown requested (delay=5s).
[2026-09-22 20:43:49] [WARNING] [automation.system] System shutdown requested (delay=5s).
[2026-09-22 20:43:49] [INFO] [automation.system] System action executed: shutdown
[2026-09-22 20:43:49] [WARNING] [automation.system] System restart requested (delay=5s).
[2026-09-22 20:43:49] [INFO] [automation.system] System action executed: restart
[2026-09-22 20:43:49] [WARNING] [automation.system] System shutdown requested (delay=5s).
[2026-09-22 20:43:49] [INFO] [automation.system] System action executed: shutdown
[2026-09-22 20:43:49] [WARNING] [automation.system] System shutdown requested (delay=5s).
[2026-09-22 20:43:49] [INFO] [automation.system] System action executed: shutdown
[2026-09-22 20:43:49] [WARNING] [automation.system] System shutdown requested (delay=5s).
[2026-09-22 20:43:49] [INFO] [automation.system] System action executed: shutdown
[2026-09-22 20:43:49] [WARNING] [automation.system] System shutdown requested (delay=5s).
[2026-09-22 20:43:49] [INFO] [automation.system] System action executed: shutdown
[2026-09-22 20:43:49] [WARNING] [automation.system] System shutdown requested (delay=5s).
[2026-09-22 20:43:49] [INFO] [automation.system] System action executed: shutdown
[2026-09-22 20:43:49] [WARNING] [automation.system] System restart requested (delay=5s).
[2026-09-22 20:43:49] [INFO] [automation.system] System action executed: restart
[2026-09-22 20:43:49] [WARNING] [automation.system] System restart requested (delay=5s).
[2026-09-22 20:43:49] [INFO] [automation.system] System action executed: restart
[2026-09-22 20:43:49] [WARNING] [automation.system] System restart requested (delay=5s).
[2026-09-22 20:43:49] [INFO] [automation.system] System action executed: restart
[2026-09-22 20:43:49] [WARNING] [automation.system] System restart requested (delay=5s).
[2026-09-22 20:43:49] [INFO] [automation.system] System action executed: restart
[2026-09-22 20:43:49] [WARNING] [automation.system] System restart requested (delay=5s).
[2026-09-22 20:43:49] [INFO] [automation.system] System action executed: restart
[2026-09-22 20:43:49] [WARNING] [automation.system] System shutdown requested (delay=5s).
[2026-09-22 20:43:49] [INFO] [automation.system] System action executed: shutdown
[2026-09-22 20:43:49] [WARNING] [voice.recognizer] SpeechRecognition is not installed. Voice input is unavailable. Install with: pip install SpeechRecognition
[2026-09-22 20:43:49] [WARNING] [voice.speaker] pyttsx3 is not installed. Offline TTS is unavailable. Install it with: pip install pyttsx3
